11:25:54.123 [reactor-http-nio-3] ERROR c.c.g.f.AuthFilter - [unauthorizedResponse,145] - [鉴权异常处理]请求路径: /system/config/sys_config
11:25:54.295 [reactor-http-nio-2] ERROR c.c.g.f.AuthFilter - [unauthorizedResponse,145] - [鉴权异常处理]请求路径: /system/user/getInfo
11:26:22.352 [reactor-http-nio-9] ERROR c.c.g.f.AuthFilter - [unauthorizedResponse,145] - [鉴权异常处理]请求路径: /system/config/sys_config
11:26:22.356 [reactor-http-nio-10] ERROR c.c.g.f.AuthFilter - [unauthorizedResponse,145] - [鉴权异常处理]请求路径: /system/user/getInfo
11:39:17.866 [reactor-http-nio-14] ERROR c.c.g.h.GatewayExceptionHandler - [handle,48] - [网关异常处理]请求路径:/cgi-bin/luci/;stok=/locale,异常信息:404 NOT_FOUND
11:43:38.450 [reactor-http-nio-20] ERROR c.c.g.h.GatewayExceptionHandler - [handle,48] - [网关异常处理]请求路径:/,异常信息:404 NOT_FOUND
11:43:52.021 [reactor-http-nio-5] ERROR c.c.g.h.GatewayExceptionHandler - [handle,48] - [网关异常处理]请求路径:/favicon.ico,异常信息:404 NOT_FOUND
11:43:58.048 [reactor-http-nio-7] ERROR c.c.g.h.GatewayExceptionHandler - [handle,48] - [网关异常处理]请求路径:/,异常信息:404 NOT_FOUND
11:44:00.770 [reactor-http-nio-9] ERROR c.c.g.h.GatewayExceptionHandler - [handle,48] - [网关异常处理]请求路径:,异常信息:404 NOT_FOUND
11:52:25.249 [boundedElastic-9] ERROR c.a.c.n.d.r.NacosReactiveDiscoveryClient - [lambda$getServices$3,94] - get services from nacos server fail,
com.alibaba.nacos.api.exception.NacosException: java.util.concurrent.TimeoutException: Waited 3000 milliseconds (plus 254500 nanoseconds delay) for com.alibaba.nacos.shaded.io.grpc.stub.ClientCalls$GrpcFuture@6f3b26c4[status=PENDING, info=[GrpcFuture{clientCall=ClientCallImpl{method=MethodDescriptor{fullMethodName=Request/request, type=UNARY, idempotent=false, safe=false, sampledToLocalTracing=true, requestMarshaller=com.alibaba.nacos.shaded.io.grpc.protobuf.lite.ProtoLiteUtils$MessageMarshaller@509bd98f, responseMarshaller=com.alibaba.nacos.shaded.io.grpc.protobuf.lite.ProtoLiteUtils$MessageMarshaller@6041eb84, schemaDescriptor=com.alibaba.nacos.api.grpc.auto.RequestGrpc$RequestMethodDescriptorSupplier@7c6fa96c}}}]]
	at com.alibaba.nacos.common.remote.client.grpc.GrpcConnection.request(GrpcConnection.java:78)
	at com.alibaba.nacos.common.remote.client.RpcClient.request(RpcClient.java:641)
	at com.alibaba.nacos.common.remote.client.RpcClient.request(RpcClient.java:619)
	at com.alibaba.nacos.client.naming.remote.gprc.NamingGrpcClientProxy.requestToServer(NamingGrpcClientProxy.java:356)
	at com.alibaba.nacos.client.naming.remote.gprc.NamingGrpcClientProxy.getServiceList(NamingGrpcClientProxy.java:282)
	at com.alibaba.nacos.client.naming.remote.NamingClientProxyDelegate.getServiceList(NamingClientProxyDelegate.java:162)
	at com.alibaba.nacos.client.naming.NacosNamingService.getServicesOfServer(NacosNamingService.java:461)
	at com.alibaba.nacos.client.naming.NacosNamingService.getServicesOfServer(NacosNamingService.java:449)
	at com.alibaba.cloud.nacos.discovery.NacosServiceDiscovery.getServices(NacosServiceDiscovery.java:70)
	at com.alibaba.cloud.nacos.discovery.reactive.NacosReactiveDiscoveryClient.lambda$getServices$3(NacosReactiveDiscoveryClient.java:87)
	at reactor.core.publisher.FluxDefer.subscribe(FluxDefer.java:46)
	at reactor.core.publisher.FluxSubscribeOn$SubscribeOnSubscriber.run(FluxSubscribeOn.java:194)
	at reactor.core.scheduler.WorkerTask.call(WorkerTask.java:84)
	at reactor.core.scheduler.WorkerTask.call(WorkerTask.java:37)
	at java.util.concurrent.FutureTask.run$$$capture(FutureTask.java:266)
	at java.util.concurrent.FutureTask.run(FutureTask.java)
	at java.util.concurrent.ScheduledThreadPoolExecutor$ScheduledFutureTask.access$201(ScheduledThreadPoolExecutor.java:180)
	at java.util.concurrent.ScheduledThreadPoolExecutor$ScheduledFutureTask.run(ScheduledThreadPoolExecutor.java:293)
	at java.util.concurrent.ThreadPoolExecutor.runWorker(ThreadPoolExecutor.java:1149)
	at java.util.concurrent.ThreadPoolExecutor$Worker.run(ThreadPoolExecutor.java:624)
	at java.lang.Thread.run(Thread.java:748)
Caused by: java.util.concurrent.TimeoutException: Waited 3000 milliseconds (plus 254500 nanoseconds delay) for com.alibaba.nacos.shaded.io.grpc.stub.ClientCalls$GrpcFuture@6f3b26c4[status=PENDING, info=[GrpcFuture{clientCall=ClientCallImpl{method=MethodDescriptor{fullMethodName=Request/request, type=UNARY, idempotent=false, safe=false, sampledToLocalTracing=true, requestMarshaller=com.alibaba.nacos.shaded.io.grpc.protobuf.lite.ProtoLiteUtils$MessageMarshaller@509bd98f, responseMarshaller=com.alibaba.nacos.shaded.io.grpc.protobuf.lite.ProtoLiteUtils$MessageMarshaller@6041eb84, schemaDescriptor=com.alibaba.nacos.api.grpc.auto.RequestGrpc$RequestMethodDescriptorSupplier@7c6fa96c}}}]]
	at com.alibaba.nacos.shaded.com.google.common.util.concurrent.AbstractFuture.get(AbstractFuture.java:508)
	at com.alibaba.nacos.common.remote.client.grpc.GrpcConnection.request(GrpcConnection.java:76)
	... 20 common frames omitted
11:52:25.249 [boundedElastic-23] ERROR c.a.c.n.d.r.NacosReactiveDiscoveryClient - [lambda$getServices$3,94] - get services from nacos server fail,
com.alibaba.nacos.api.exception.NacosException: java.util.concurrent.TimeoutException: Waited 3000 milliseconds (plus 254500 nanoseconds delay) for com.alibaba.nacos.shaded.io.grpc.stub.ClientCalls$GrpcFuture@77c6e485[status=PENDING, info=[GrpcFuture{clientCall=ClientCallImpl{method=MethodDescriptor{fullMethodName=Request/request, type=UNARY, idempotent=false, safe=false, sampledToLocalTracing=true, requestMarshaller=com.alibaba.nacos.shaded.io.grpc.protobuf.lite.ProtoLiteUtils$MessageMarshaller@509bd98f, responseMarshaller=com.alibaba.nacos.shaded.io.grpc.protobuf.lite.ProtoLiteUtils$MessageMarshaller@6041eb84, schemaDescriptor=com.alibaba.nacos.api.grpc.auto.RequestGrpc$RequestMethodDescriptorSupplier@7c6fa96c}}}]]
	at com.alibaba.nacos.common.remote.client.grpc.GrpcConnection.request(GrpcConnection.java:78)
	at com.alibaba.nacos.common.remote.client.RpcClient.request(RpcClient.java:641)
	at com.alibaba.nacos.common.remote.client.RpcClient.request(RpcClient.java:619)
	at com.alibaba.nacos.client.naming.remote.gprc.NamingGrpcClientProxy.requestToServer(NamingGrpcClientProxy.java:356)
	at com.alibaba.nacos.client.naming.remote.gprc.NamingGrpcClientProxy.getServiceList(NamingGrpcClientProxy.java:282)
	at com.alibaba.nacos.client.naming.remote.NamingClientProxyDelegate.getServiceList(NamingClientProxyDelegate.java:162)
	at com.alibaba.nacos.client.naming.NacosNamingService.getServicesOfServer(NacosNamingService.java:461)
	at com.alibaba.nacos.client.naming.NacosNamingService.getServicesOfServer(NacosNamingService.java:449)
	at com.alibaba.cloud.nacos.discovery.NacosServiceDiscovery.getServices(NacosServiceDiscovery.java:70)
	at com.alibaba.cloud.nacos.discovery.reactive.NacosReactiveDiscoveryClient.lambda$getServices$3(NacosReactiveDiscoveryClient.java:87)
	at reactor.core.publisher.FluxDefer.subscribe(FluxDefer.java:46)
	at reactor.core.publisher.FluxSubscribeOn$SubscribeOnSubscriber.run(FluxSubscribeOn.java:194)
	at reactor.core.scheduler.WorkerTask.call(WorkerTask.java:84)
	at reactor.core.scheduler.WorkerTask.call(WorkerTask.java:37)
	at java.util.concurrent.FutureTask.run$$$capture(FutureTask.java:266)
	at java.util.concurrent.FutureTask.run(FutureTask.java)
	at java.util.concurrent.ScheduledThreadPoolExecutor$ScheduledFutureTask.access$201(ScheduledThreadPoolExecutor.java:180)
	at java.util.concurrent.ScheduledThreadPoolExecutor$ScheduledFutureTask.run(ScheduledThreadPoolExecutor.java:293)
	at java.util.concurrent.ThreadPoolExecutor.runWorker(ThreadPoolExecutor.java:1149)
	at java.util.concurrent.ThreadPoolExecutor$Worker.run(ThreadPoolExecutor.java:624)
	at java.lang.Thread.run(Thread.java:748)
Caused by: java.util.concurrent.TimeoutException: Waited 3000 milliseconds (plus 254500 nanoseconds delay) for com.alibaba.nacos.shaded.io.grpc.stub.ClientCalls$GrpcFuture@77c6e485[status=PENDING, info=[GrpcFuture{clientCall=ClientCallImpl{method=MethodDescriptor{fullMethodName=Request/request, type=UNARY, idempotent=false, safe=false, sampledToLocalTracing=true, requestMarshaller=com.alibaba.nacos.shaded.io.grpc.protobuf.lite.ProtoLiteUtils$MessageMarshaller@509bd98f, responseMarshaller=com.alibaba.nacos.shaded.io.grpc.protobuf.lite.ProtoLiteUtils$MessageMarshaller@6041eb84, schemaDescriptor=com.alibaba.nacos.api.grpc.auto.RequestGrpc$RequestMethodDescriptorSupplier@7c6fa96c}}}]]
	at com.alibaba.nacos.shaded.com.google.common.util.concurrent.AbstractFuture.get(AbstractFuture.java:508)
	at com.alibaba.nacos.common.remote.client.grpc.GrpcConnection.request(GrpcConnection.java:76)
	... 20 common frames omitted
11:56:55.273 [boundedElastic-23] ERROR c.a.c.n.d.r.NacosReactiveDiscoveryClient - [lambda$getServices$3,94] - get services from nacos server fail,
com.alibaba.nacos.api.exception.NacosException: java.util.concurrent.TimeoutException: Waited 3000 milliseconds (plus 3 milliseconds, 439100 nanoseconds delay) for com.alibaba.nacos.shaded.io.grpc.stub.ClientCalls$GrpcFuture@70eb9b9e[status=PENDING, info=[GrpcFuture{clientCall=ClientCallImpl{method=MethodDescriptor{fullMethodName=Request/request, type=UNARY, idempotent=false, safe=false, sampledToLocalTracing=true, requestMarshaller=com.alibaba.nacos.shaded.io.grpc.protobuf.lite.ProtoLiteUtils$MessageMarshaller@509bd98f, responseMarshaller=com.alibaba.nacos.shaded.io.grpc.protobuf.lite.ProtoLiteUtils$MessageMarshaller@6041eb84, schemaDescriptor=com.alibaba.nacos.api.grpc.auto.RequestGrpc$RequestMethodDescriptorSupplier@7c6fa96c}}}]]
	at com.alibaba.nacos.common.remote.client.grpc.GrpcConnection.request(GrpcConnection.java:78)
	at com.alibaba.nacos.common.remote.client.RpcClient.request(RpcClient.java:641)
	at com.alibaba.nacos.common.remote.client.RpcClient.request(RpcClient.java:619)
	at com.alibaba.nacos.client.naming.remote.gprc.NamingGrpcClientProxy.requestToServer(NamingGrpcClientProxy.java:356)
	at com.alibaba.nacos.client.naming.remote.gprc.NamingGrpcClientProxy.getServiceList(NamingGrpcClientProxy.java:282)
	at com.alibaba.nacos.client.naming.remote.NamingClientProxyDelegate.getServiceList(NamingClientProxyDelegate.java:162)
	at com.alibaba.nacos.client.naming.NacosNamingService.getServicesOfServer(NacosNamingService.java:461)
	at com.alibaba.nacos.client.naming.NacosNamingService.getServicesOfServer(NacosNamingService.java:449)
	at com.alibaba.cloud.nacos.discovery.NacosServiceDiscovery.getServices(NacosServiceDiscovery.java:70)
	at com.alibaba.cloud.nacos.discovery.reactive.NacosReactiveDiscoveryClient.lambda$getServices$3(NacosReactiveDiscoveryClient.java:87)
	at reactor.core.publisher.FluxDefer.subscribe(FluxDefer.java:46)
	at reactor.core.publisher.FluxSubscribeOn$SubscribeOnSubscriber.run(FluxSubscribeOn.java:194)
	at reactor.core.scheduler.WorkerTask.call(WorkerTask.java:84)
	at reactor.core.scheduler.WorkerTask.call(WorkerTask.java:37)
	at java.util.concurrent.FutureTask.run$$$capture(FutureTask.java:266)
	at java.util.concurrent.FutureTask.run(FutureTask.java)
	at java.util.concurrent.ScheduledThreadPoolExecutor$ScheduledFutureTask.access$201(ScheduledThreadPoolExecutor.java:180)
	at java.util.concurrent.ScheduledThreadPoolExecutor$ScheduledFutureTask.run(ScheduledThreadPoolExecutor.java:293)
	at java.util.concurrent.ThreadPoolExecutor.runWorker(ThreadPoolExecutor.java:1149)
	at java.util.concurrent.ThreadPoolExecutor$Worker.run(ThreadPoolExecutor.java:624)
	at java.lang.Thread.run(Thread.java:748)
Caused by: java.util.concurrent.TimeoutException: Waited 3000 milliseconds (plus 3 milliseconds, 439100 nanoseconds delay) for com.alibaba.nacos.shaded.io.grpc.stub.ClientCalls$GrpcFuture@70eb9b9e[status=PENDING, info=[GrpcFuture{clientCall=ClientCallImpl{method=MethodDescriptor{fullMethodName=Request/request, type=UNARY, idempotent=false, safe=false, sampledToLocalTracing=true, requestMarshaller=com.alibaba.nacos.shaded.io.grpc.protobuf.lite.ProtoLiteUtils$MessageMarshaller@509bd98f, responseMarshaller=com.alibaba.nacos.shaded.io.grpc.protobuf.lite.ProtoLiteUtils$MessageMarshaller@6041eb84, schemaDescriptor=com.alibaba.nacos.api.grpc.auto.RequestGrpc$RequestMethodDescriptorSupplier@7c6fa96c}}}]]
	at com.alibaba.nacos.shaded.com.google.common.util.concurrent.AbstractFuture.get(AbstractFuture.java:508)
	at com.alibaba.nacos.common.remote.client.grpc.GrpcConnection.request(GrpcConnection.java:76)
	... 20 common frames omitted
11:56:55.273 [boundedElastic-19] ERROR c.a.c.n.d.r.NacosReactiveDiscoveryClient - [lambda$getServices$3,94] - get services from nacos server fail,
com.alibaba.nacos.api.exception.NacosException: java.util.concurrent.TimeoutException: Waited 3000 milliseconds (plus 3 milliseconds, 362000 nanoseconds delay) for com.alibaba.nacos.shaded.io.grpc.stub.ClientCalls$GrpcFuture@50d6b6bd[status=PENDING, info=[GrpcFuture{clientCall=ClientCallImpl{method=MethodDescriptor{fullMethodName=Request/request, type=UNARY, idempotent=false, safe=false, sampledToLocalTracing=true, requestMarshaller=com.alibaba.nacos.shaded.io.grpc.protobuf.lite.ProtoLiteUtils$MessageMarshaller@509bd98f, responseMarshaller=com.alibaba.nacos.shaded.io.grpc.protobuf.lite.ProtoLiteUtils$MessageMarshaller@6041eb84, schemaDescriptor=com.alibaba.nacos.api.grpc.auto.RequestGrpc$RequestMethodDescriptorSupplier@7c6fa96c}}}]]
	at com.alibaba.nacos.common.remote.client.grpc.GrpcConnection.request(GrpcConnection.java:78)
	at com.alibaba.nacos.common.remote.client.RpcClient.request(RpcClient.java:641)
	at com.alibaba.nacos.common.remote.client.RpcClient.request(RpcClient.java:619)
	at com.alibaba.nacos.client.naming.remote.gprc.NamingGrpcClientProxy.requestToServer(NamingGrpcClientProxy.java:356)
	at com.alibaba.nacos.client.naming.remote.gprc.NamingGrpcClientProxy.getServiceList(NamingGrpcClientProxy.java:282)
	at com.alibaba.nacos.client.naming.remote.NamingClientProxyDelegate.getServiceList(NamingClientProxyDelegate.java:162)
	at com.alibaba.nacos.client.naming.NacosNamingService.getServicesOfServer(NacosNamingService.java:461)
	at com.alibaba.nacos.client.naming.NacosNamingService.getServicesOfServer(NacosNamingService.java:449)
	at com.alibaba.cloud.nacos.discovery.NacosServiceDiscovery.getServices(NacosServiceDiscovery.java:70)
	at com.alibaba.cloud.nacos.discovery.reactive.NacosReactiveDiscoveryClient.lambda$getServices$3(NacosReactiveDiscoveryClient.java:87)
	at reactor.core.publisher.FluxDefer.subscribe(FluxDefer.java:46)
	at reactor.core.publisher.FluxSubscribeOn$SubscribeOnSubscriber.run(FluxSubscribeOn.java:194)
	at reactor.core.scheduler.WorkerTask.call(WorkerTask.java:84)
	at reactor.core.scheduler.WorkerTask.call(WorkerTask.java:37)
	at java.util.concurrent.FutureTask.run$$$capture(FutureTask.java:266)
	at java.util.concurrent.FutureTask.run(FutureTask.java)
	at java.util.concurrent.ScheduledThreadPoolExecutor$ScheduledFutureTask.access$201(ScheduledThreadPoolExecutor.java:180)
	at java.util.concurrent.ScheduledThreadPoolExecutor$ScheduledFutureTask.run(ScheduledThreadPoolExecutor.java:293)
	at java.util.concurrent.ThreadPoolExecutor.runWorker(ThreadPoolExecutor.java:1149)
	at java.util.concurrent.ThreadPoolExecutor$Worker.run(ThreadPoolExecutor.java:624)
	at java.lang.Thread.run(Thread.java:748)
Caused by: java.util.concurrent.TimeoutException: Waited 3000 milliseconds (plus 3 milliseconds, 362000 nanoseconds delay) for com.alibaba.nacos.shaded.io.grpc.stub.ClientCalls$GrpcFuture@50d6b6bd[status=PENDING, info=[GrpcFuture{clientCall=ClientCallImpl{method=MethodDescriptor{fullMethodName=Request/request, type=UNARY, idempotent=false, safe=false, sampledToLocalTracing=true, requestMarshaller=com.alibaba.nacos.shaded.io.grpc.protobuf.lite.ProtoLiteUtils$MessageMarshaller@509bd98f, responseMarshaller=com.alibaba.nacos.shaded.io.grpc.protobuf.lite.ProtoLiteUtils$MessageMarshaller@6041eb84, schemaDescriptor=com.alibaba.nacos.api.grpc.auto.RequestGrpc$RequestMethodDescriptorSupplier@7c6fa96c}}}]]
	at com.alibaba.nacos.shaded.com.google.common.util.concurrent.AbstractFuture.get(AbstractFuture.java:508)
	at com.alibaba.nacos.common.remote.client.grpc.GrpcConnection.request(GrpcConnection.java:76)
	... 20 common frames omitted
12:17:58.954 [reactor-http-nio-15] ERROR c.c.g.h.GatewayExceptionHandler - [handle,48] - [网关异常处理]请求路径:/,异常信息:404 NOT_FOUND
12:17:59.777 [reactor-http-nio-16] ERROR c.c.g.h.GatewayExceptionHandler - [handle,48] - [网关异常处理]请求路径:,异常信息:404 NOT_FOUND
12:18:00.949 [reactor-http-nio-17] ERROR c.c.g.h.GatewayExceptionHandler - [handle,48] - [网关异常处理]请求路径:/,异常信息:404 NOT_FOUND
12:18:01.715 [reactor-http-nio-18] ERROR c.c.g.h.GatewayExceptionHandler - [handle,48] - [网关异常处理]请求路径:,异常信息:404 NOT_FOUND
12:36:25.431 [reactor-http-nio-19] ERROR c.c.g.h.GatewayExceptionHandler - [handle,48] - [网关异常处理]请求路径:,异常信息:404 NOT_FOUND
12:36:36.754 [reactor-http-nio-20] ERROR c.c.g.h.GatewayExceptionHandler - [handle,48] - [网关异常处理]请求路径:,异常信息:404 NOT_FOUND
12:36:47.872 [reactor-http-nio-1] ERROR c.c.g.h.GatewayExceptionHandler - [handle,48] - [网关异常处理]请求路径:,异常信息:404 NOT_FOUND
12:38:55.454 [boundedElastic-19] ERROR c.a.c.n.d.r.NacosReactiveDiscoveryClient - [lambda$getServices$3,94] - get services from nacos server fail,
com.alibaba.nacos.api.exception.NacosException: java.util.concurrent.TimeoutException: Waited 3000 milliseconds (plus 1 milliseconds, 379900 nanoseconds delay) for com.alibaba.nacos.shaded.io.grpc.stub.ClientCalls$GrpcFuture@28a928ec[status=PENDING, info=[GrpcFuture{clientCall=ClientCallImpl{method=MethodDescriptor{fullMethodName=Request/request, type=UNARY, idempotent=false, safe=false, sampledToLocalTracing=true, requestMarshaller=com.alibaba.nacos.shaded.io.grpc.protobuf.lite.ProtoLiteUtils$MessageMarshaller@509bd98f, responseMarshaller=com.alibaba.nacos.shaded.io.grpc.protobuf.lite.ProtoLiteUtils$MessageMarshaller@6041eb84, schemaDescriptor=com.alibaba.nacos.api.grpc.auto.RequestGrpc$RequestMethodDescriptorSupplier@7c6fa96c}}}]]
	at com.alibaba.nacos.common.remote.client.grpc.GrpcConnection.request(GrpcConnection.java:78)
	at com.alibaba.nacos.common.remote.client.RpcClient.request(RpcClient.java:641)
	at com.alibaba.nacos.common.remote.client.RpcClient.request(RpcClient.java:619)
	at com.alibaba.nacos.client.naming.remote.gprc.NamingGrpcClientProxy.requestToServer(NamingGrpcClientProxy.java:356)
	at com.alibaba.nacos.client.naming.remote.gprc.NamingGrpcClientProxy.getServiceList(NamingGrpcClientProxy.java:282)
	at com.alibaba.nacos.client.naming.remote.NamingClientProxyDelegate.getServiceList(NamingClientProxyDelegate.java:162)
	at com.alibaba.nacos.client.naming.NacosNamingService.getServicesOfServer(NacosNamingService.java:461)
	at com.alibaba.nacos.client.naming.NacosNamingService.getServicesOfServer(NacosNamingService.java:449)
	at com.alibaba.cloud.nacos.discovery.NacosServiceDiscovery.getServices(NacosServiceDiscovery.java:70)
	at com.alibaba.cloud.nacos.discovery.reactive.NacosReactiveDiscoveryClient.lambda$getServices$3(NacosReactiveDiscoveryClient.java:87)
	at reactor.core.publisher.FluxDefer.subscribe(FluxDefer.java:46)
	at reactor.core.publisher.FluxSubscribeOn$SubscribeOnSubscriber.run(FluxSubscribeOn.java:194)
	at reactor.core.scheduler.WorkerTask.call(WorkerTask.java:84)
	at reactor.core.scheduler.WorkerTask.call(WorkerTask.java:37)
	at java.util.concurrent.FutureTask.run$$$capture(FutureTask.java:266)
	at java.util.concurrent.FutureTask.run(FutureTask.java)
	at java.util.concurrent.ScheduledThreadPoolExecutor$ScheduledFutureTask.access$201(ScheduledThreadPoolExecutor.java:180)
	at java.util.concurrent.ScheduledThreadPoolExecutor$ScheduledFutureTask.run(ScheduledThreadPoolExecutor.java:293)
	at java.util.concurrent.ThreadPoolExecutor.runWorker(ThreadPoolExecutor.java:1149)
	at java.util.concurrent.ThreadPoolExecutor$Worker.run(ThreadPoolExecutor.java:624)
	at java.lang.Thread.run(Thread.java:748)
Caused by: java.util.concurrent.TimeoutException: Waited 3000 milliseconds (plus 1 milliseconds, 379900 nanoseconds delay) for com.alibaba.nacos.shaded.io.grpc.stub.ClientCalls$GrpcFuture@28a928ec[status=PENDING, info=[GrpcFuture{clientCall=ClientCallImpl{method=MethodDescriptor{fullMethodName=Request/request, type=UNARY, idempotent=false, safe=false, sampledToLocalTracing=true, requestMarshaller=com.alibaba.nacos.shaded.io.grpc.protobuf.lite.ProtoLiteUtils$MessageMarshaller@509bd98f, responseMarshaller=com.alibaba.nacos.shaded.io.grpc.protobuf.lite.ProtoLiteUtils$MessageMarshaller@6041eb84, schemaDescriptor=com.alibaba.nacos.api.grpc.auto.RequestGrpc$RequestMethodDescriptorSupplier@7c6fa96c}}}]]
	at com.alibaba.nacos.shaded.com.google.common.util.concurrent.AbstractFuture.get(AbstractFuture.java:508)
	at com.alibaba.nacos.common.remote.client.grpc.GrpcConnection.request(GrpcConnection.java:76)
	... 20 common frames omitted
12:38:55.454 [boundedElastic-35] ERROR c.a.c.n.d.r.NacosReactiveDiscoveryClient - [lambda$getServices$3,94] - get services from nacos server fail,
com.alibaba.nacos.api.exception.NacosException: java.util.concurrent.TimeoutException: Waited 3000 milliseconds (plus 914200 nanoseconds delay) for com.alibaba.nacos.shaded.io.grpc.stub.ClientCalls$GrpcFuture@70436142[status=PENDING, info=[GrpcFuture{clientCall=ClientCallImpl{method=MethodDescriptor{fullMethodName=Request/request, type=UNARY, idempotent=false, safe=false, sampledToLocalTracing=true, requestMarshaller=com.alibaba.nacos.shaded.io.grpc.protobuf.lite.ProtoLiteUtils$MessageMarshaller@509bd98f, responseMarshaller=com.alibaba.nacos.shaded.io.grpc.protobuf.lite.ProtoLiteUtils$MessageMarshaller@6041eb84, schemaDescriptor=com.alibaba.nacos.api.grpc.auto.RequestGrpc$RequestMethodDescriptorSupplier@7c6fa96c}}}]]
	at com.alibaba.nacos.common.remote.client.grpc.GrpcConnection.request(GrpcConnection.java:78)
	at com.alibaba.nacos.common.remote.client.RpcClient.request(RpcClient.java:641)
	at com.alibaba.nacos.common.remote.client.RpcClient.request(RpcClient.java:619)
	at com.alibaba.nacos.client.naming.remote.gprc.NamingGrpcClientProxy.requestToServer(NamingGrpcClientProxy.java:356)
	at com.alibaba.nacos.client.naming.remote.gprc.NamingGrpcClientProxy.getServiceList(NamingGrpcClientProxy.java:282)
	at com.alibaba.nacos.client.naming.remote.NamingClientProxyDelegate.getServiceList(NamingClientProxyDelegate.java:162)
	at com.alibaba.nacos.client.naming.NacosNamingService.getServicesOfServer(NacosNamingService.java:461)
	at com.alibaba.nacos.client.naming.NacosNamingService.getServicesOfServer(NacosNamingService.java:449)
	at com.alibaba.cloud.nacos.discovery.NacosServiceDiscovery.getServices(NacosServiceDiscovery.java:70)
	at com.alibaba.cloud.nacos.discovery.reactive.NacosReactiveDiscoveryClient.lambda$getServices$3(NacosReactiveDiscoveryClient.java:87)
	at reactor.core.publisher.FluxDefer.subscribe(FluxDefer.java:46)
	at reactor.core.publisher.FluxSubscribeOn$SubscribeOnSubscriber.run(FluxSubscribeOn.java:194)
	at reactor.core.scheduler.WorkerTask.call(WorkerTask.java:84)
	at reactor.core.scheduler.WorkerTask.call(WorkerTask.java:37)
	at java.util.concurrent.FutureTask.run$$$capture(FutureTask.java:266)
	at java.util.concurrent.FutureTask.run(FutureTask.java)
	at java.util.concurrent.ScheduledThreadPoolExecutor$ScheduledFutureTask.access$201(ScheduledThreadPoolExecutor.java:180)
	at java.util.concurrent.ScheduledThreadPoolExecutor$ScheduledFutureTask.run(ScheduledThreadPoolExecutor.java:293)
	at java.util.concurrent.ThreadPoolExecutor.runWorker(ThreadPoolExecutor.java:1149)
	at java.util.concurrent.ThreadPoolExecutor$Worker.run(ThreadPoolExecutor.java:624)
	at java.lang.Thread.run(Thread.java:748)
Caused by: java.util.concurrent.TimeoutException: Waited 3000 milliseconds (plus 914200 nanoseconds delay) for com.alibaba.nacos.shaded.io.grpc.stub.ClientCalls$GrpcFuture@70436142[status=PENDING, info=[GrpcFuture{clientCall=ClientCallImpl{method=MethodDescriptor{fullMethodName=Request/request, type=UNARY, idempotent=false, safe=false, sampledToLocalTracing=true, requestMarshaller=com.alibaba.nacos.shaded.io.grpc.protobuf.lite.ProtoLiteUtils$MessageMarshaller@509bd98f, responseMarshaller=com.alibaba.nacos.shaded.io.grpc.protobuf.lite.ProtoLiteUtils$MessageMarshaller@6041eb84, schemaDescriptor=com.alibaba.nacos.api.grpc.auto.RequestGrpc$RequestMethodDescriptorSupplier@7c6fa96c}}}]]
	at com.alibaba.nacos.shaded.com.google.common.util.concurrent.AbstractFuture.get(AbstractFuture.java:508)
	at com.alibaba.nacos.common.remote.client.grpc.GrpcConnection.request(GrpcConnection.java:76)
	... 20 common frames omitted
12:39:22.758 [boundedElastic-19] ERROR c.a.c.n.d.r.NacosReactiveDiscoveryClient - [lambda$getServices$3,94] - get services from nacos server fail,
com.alibaba.nacos.api.exception.NacosException: Client not connected, current status:UNHEALTHY
	at com.alibaba.nacos.common.remote.client.RpcClient.request(RpcClient.java:639)
	at com.alibaba.nacos.common.remote.client.RpcClient.request(RpcClient.java:619)
	at com.alibaba.nacos.client.naming.remote.gprc.NamingGrpcClientProxy.requestToServer(NamingGrpcClientProxy.java:356)
	at com.alibaba.nacos.client.naming.remote.gprc.NamingGrpcClientProxy.getServiceList(NamingGrpcClientProxy.java:282)
	at com.alibaba.nacos.client.naming.remote.NamingClientProxyDelegate.getServiceList(NamingClientProxyDelegate.java:162)
	at com.alibaba.nacos.client.naming.NacosNamingService.getServicesOfServer(NacosNamingService.java:461)
	at com.alibaba.nacos.client.naming.NacosNamingService.getServicesOfServer(NacosNamingService.java:449)
	at com.alibaba.cloud.nacos.discovery.NacosServiceDiscovery.getServices(NacosServiceDiscovery.java:70)
	at com.alibaba.cloud.nacos.discovery.reactive.NacosReactiveDiscoveryClient.lambda$getServices$3(NacosReactiveDiscoveryClient.java:87)
	at reactor.core.publisher.FluxDefer.subscribe(FluxDefer.java:46)
	at reactor.core.publisher.FluxSubscribeOn$SubscribeOnSubscriber.run(FluxSubscribeOn.java:194)
	at reactor.core.scheduler.WorkerTask.call(WorkerTask.java:84)
	at reactor.core.scheduler.WorkerTask.call(WorkerTask.java:37)
	at java.util.concurrent.FutureTask.run$$$capture(FutureTask.java:266)
	at java.util.concurrent.FutureTask.run(FutureTask.java)
	at java.util.concurrent.ScheduledThreadPoolExecutor$ScheduledFutureTask.access$201(ScheduledThreadPoolExecutor.java:180)
	at java.util.concurrent.ScheduledThreadPoolExecutor$ScheduledFutureTask.run(ScheduledThreadPoolExecutor.java:293)
	at java.util.concurrent.ThreadPoolExecutor.runWorker(ThreadPoolExecutor.java:1149)
	at java.util.concurrent.ThreadPoolExecutor$Worker.run(ThreadPoolExecutor.java:624)
	at java.lang.Thread.run(Thread.java:748)
12:39:22.758 [boundedElastic-35] ERROR c.a.c.n.d.r.NacosReactiveDiscoveryClient - [lambda$getServices$3,94] - get services from nacos server fail,
com.alibaba.nacos.api.exception.NacosException: Client not connected, current status:UNHEALTHY
	at com.alibaba.nacos.common.remote.client.RpcClient.request(RpcClient.java:639)
	at com.alibaba.nacos.common.remote.client.RpcClient.request(RpcClient.java:619)
	at com.alibaba.nacos.client.naming.remote.gprc.NamingGrpcClientProxy.requestToServer(NamingGrpcClientProxy.java:356)
	at com.alibaba.nacos.client.naming.remote.gprc.NamingGrpcClientProxy.getServiceList(NamingGrpcClientProxy.java:282)
	at com.alibaba.nacos.client.naming.remote.NamingClientProxyDelegate.getServiceList(NamingClientProxyDelegate.java:162)
	at com.alibaba.nacos.client.naming.NacosNamingService.getServicesOfServer(NacosNamingService.java:461)
	at com.alibaba.nacos.client.naming.NacosNamingService.getServicesOfServer(NacosNamingService.java:449)
	at com.alibaba.cloud.nacos.discovery.NacosServiceDiscovery.getServices(NacosServiceDiscovery.java:70)
	at com.alibaba.cloud.nacos.discovery.reactive.NacosReactiveDiscoveryClient.lambda$getServices$3(NacosReactiveDiscoveryClient.java:87)
	at reactor.core.publisher.FluxDefer.subscribe(FluxDefer.java:46)
	at reactor.core.publisher.FluxSubscribeOn$SubscribeOnSubscriber.run(FluxSubscribeOn.java:194)
	at reactor.core.scheduler.WorkerTask.call(WorkerTask.java:84)
	at reactor.core.scheduler.WorkerTask.call(WorkerTask.java:37)
	at java.util.concurrent.FutureTask.run$$$capture(FutureTask.java:266)
	at java.util.concurrent.FutureTask.run(FutureTask.java)
	at java.util.concurrent.ScheduledThreadPoolExecutor$ScheduledFutureTask.access$201(ScheduledThreadPoolExecutor.java:180)
	at java.util.concurrent.ScheduledThreadPoolExecutor$ScheduledFutureTask.run(ScheduledThreadPoolExecutor.java:293)
	at java.util.concurrent.ThreadPoolExecutor.runWorker(ThreadPoolExecutor.java:1149)
	at java.util.concurrent.ThreadPoolExecutor$Worker.run(ThreadPoolExecutor.java:624)
	at java.lang.Thread.run(Thread.java:748)
12:39:52.762 [boundedElastic-35] ERROR c.a.c.n.d.r.NacosReactiveDiscoveryClient - [lambda$getServices$3,94] - get services from nacos server fail,
com.alibaba.nacos.api.exception.NacosException: Client not connected, current status:UNHEALTHY
	at com.alibaba.nacos.common.remote.client.RpcClient.request(RpcClient.java:639)
	at com.alibaba.nacos.common.remote.client.RpcClient.request(RpcClient.java:619)
	at com.alibaba.nacos.client.naming.remote.gprc.NamingGrpcClientProxy.requestToServer(NamingGrpcClientProxy.java:356)
	at com.alibaba.nacos.client.naming.remote.gprc.NamingGrpcClientProxy.getServiceList(NamingGrpcClientProxy.java:282)
	at com.alibaba.nacos.client.naming.remote.NamingClientProxyDelegate.getServiceList(NamingClientProxyDelegate.java:162)
	at com.alibaba.nacos.client.naming.NacosNamingService.getServicesOfServer(NacosNamingService.java:461)
	at com.alibaba.nacos.client.naming.NacosNamingService.getServicesOfServer(NacosNamingService.java:449)
	at com.alibaba.cloud.nacos.discovery.NacosServiceDiscovery.getServices(NacosServiceDiscovery.java:70)
	at com.alibaba.cloud.nacos.discovery.reactive.NacosReactiveDiscoveryClient.lambda$getServices$3(NacosReactiveDiscoveryClient.java:87)
	at reactor.core.publisher.FluxDefer.subscribe(FluxDefer.java:46)
	at reactor.core.publisher.FluxSubscribeOn$SubscribeOnSubscriber.run(FluxSubscribeOn.java:194)
	at reactor.core.scheduler.WorkerTask.call(WorkerTask.java:84)
	at reactor.core.scheduler.WorkerTask.call(WorkerTask.java:37)
	at java.util.concurrent.FutureTask.run$$$capture(FutureTask.java:266)
	at java.util.concurrent.FutureTask.run(FutureTask.java)
	at java.util.concurrent.ScheduledThreadPoolExecutor$ScheduledFutureTask.access$201(ScheduledThreadPoolExecutor.java:180)
	at java.util.concurrent.ScheduledThreadPoolExecutor$ScheduledFutureTask.run(ScheduledThreadPoolExecutor.java:293)
	at java.util.concurrent.ThreadPoolExecutor.runWorker(ThreadPoolExecutor.java:1149)
	at java.util.concurrent.ThreadPoolExecutor$Worker.run(ThreadPoolExecutor.java:624)
	at java.lang.Thread.run(Thread.java:748)
12:39:52.762 [boundedElastic-19] ERROR c.a.c.n.d.r.NacosReactiveDiscoveryClient - [lambda$getServices$3,94] - get services from nacos server fail,
com.alibaba.nacos.api.exception.NacosException: Client not connected, current status:UNHEALTHY
	at com.alibaba.nacos.common.remote.client.RpcClient.request(RpcClient.java:639)
	at com.alibaba.nacos.common.remote.client.RpcClient.request(RpcClient.java:619)
	at com.alibaba.nacos.client.naming.remote.gprc.NamingGrpcClientProxy.requestToServer(NamingGrpcClientProxy.java:356)
	at com.alibaba.nacos.client.naming.remote.gprc.NamingGrpcClientProxy.getServiceList(NamingGrpcClientProxy.java:282)
	at com.alibaba.nacos.client.naming.remote.NamingClientProxyDelegate.getServiceList(NamingClientProxyDelegate.java:162)
	at com.alibaba.nacos.client.naming.NacosNamingService.getServicesOfServer(NacosNamingService.java:461)
	at com.alibaba.nacos.client.naming.NacosNamingService.getServicesOfServer(NacosNamingService.java:449)
	at com.alibaba.cloud.nacos.discovery.NacosServiceDiscovery.getServices(NacosServiceDiscovery.java:70)
	at com.alibaba.cloud.nacos.discovery.reactive.NacosReactiveDiscoveryClient.lambda$getServices$3(NacosReactiveDiscoveryClient.java:87)
	at reactor.core.publisher.FluxDefer.subscribe(FluxDefer.java:46)
	at reactor.core.publisher.FluxSubscribeOn$SubscribeOnSubscriber.run(FluxSubscribeOn.java:194)
	at reactor.core.scheduler.WorkerTask.call(WorkerTask.java:84)
	at reactor.core.scheduler.WorkerTask.call(WorkerTask.java:37)
	at java.util.concurrent.FutureTask.run$$$capture(FutureTask.java:266)
	at java.util.concurrent.FutureTask.run(FutureTask.java)
	at java.util.concurrent.ScheduledThreadPoolExecutor$ScheduledFutureTask.access$201(ScheduledThreadPoolExecutor.java:180)
	at java.util.concurrent.ScheduledThreadPoolExecutor$ScheduledFutureTask.run(ScheduledThreadPoolExecutor.java:293)
	at java.util.concurrent.ThreadPoolExecutor.runWorker(ThreadPoolExecutor.java:1149)
	at java.util.concurrent.ThreadPoolExecutor$Worker.run(ThreadPoolExecutor.java:624)
	at java.lang.Thread.run(Thread.java:748)
12:40:22.764 [boundedElastic-35] ERROR c.a.c.n.d.r.NacosReactiveDiscoveryClient - [lambda$getServices$3,94] - get services from nacos server fail,
com.alibaba.nacos.api.exception.NacosException: Client not connected, current status:UNHEALTHY
	at com.alibaba.nacos.common.remote.client.RpcClient.request(RpcClient.java:639)
	at com.alibaba.nacos.common.remote.client.RpcClient.request(RpcClient.java:619)
	at com.alibaba.nacos.client.naming.remote.gprc.NamingGrpcClientProxy.requestToServer(NamingGrpcClientProxy.java:356)
	at com.alibaba.nacos.client.naming.remote.gprc.NamingGrpcClientProxy.getServiceList(NamingGrpcClientProxy.java:282)
	at com.alibaba.nacos.client.naming.remote.NamingClientProxyDelegate.getServiceList(NamingClientProxyDelegate.java:162)
	at com.alibaba.nacos.client.naming.NacosNamingService.getServicesOfServer(NacosNamingService.java:461)
	at com.alibaba.nacos.client.naming.NacosNamingService.getServicesOfServer(NacosNamingService.java:449)
	at com.alibaba.cloud.nacos.discovery.NacosServiceDiscovery.getServices(NacosServiceDiscovery.java:70)
	at com.alibaba.cloud.nacos.discovery.reactive.NacosReactiveDiscoveryClient.lambda$getServices$3(NacosReactiveDiscoveryClient.java:87)
	at reactor.core.publisher.FluxDefer.subscribe(FluxDefer.java:46)
	at reactor.core.publisher.FluxSubscribeOn$SubscribeOnSubscriber.run(FluxSubscribeOn.java:194)
	at reactor.core.scheduler.WorkerTask.call(WorkerTask.java:84)
	at reactor.core.scheduler.WorkerTask.call(WorkerTask.java:37)
	at java.util.concurrent.FutureTask.run$$$capture(FutureTask.java:266)
	at java.util.concurrent.FutureTask.run(FutureTask.java)
	at java.util.concurrent.ScheduledThreadPoolExecutor$ScheduledFutureTask.access$201(ScheduledThreadPoolExecutor.java:180)
	at java.util.concurrent.ScheduledThreadPoolExecutor$ScheduledFutureTask.run(ScheduledThreadPoolExecutor.java:293)
	at java.util.concurrent.ThreadPoolExecutor.runWorker(ThreadPoolExecutor.java:1149)
	at java.util.concurrent.ThreadPoolExecutor$Worker.run(ThreadPoolExecutor.java:624)
	at java.lang.Thread.run(Thread.java:748)
12:40:22.764 [boundedElastic-19] ERROR c.a.c.n.d.r.NacosReactiveDiscoveryClient - [lambda$getServices$3,94] - get services from nacos server fail,
com.alibaba.nacos.api.exception.NacosException: Client not connected, current status:UNHEALTHY
	at com.alibaba.nacos.common.remote.client.RpcClient.request(RpcClient.java:639)
	at com.alibaba.nacos.common.remote.client.RpcClient.request(RpcClient.java:619)
	at com.alibaba.nacos.client.naming.remote.gprc.NamingGrpcClientProxy.requestToServer(NamingGrpcClientProxy.java:356)
	at com.alibaba.nacos.client.naming.remote.gprc.NamingGrpcClientProxy.getServiceList(NamingGrpcClientProxy.java:282)
	at com.alibaba.nacos.client.naming.remote.NamingClientProxyDelegate.getServiceList(NamingClientProxyDelegate.java:162)
	at com.alibaba.nacos.client.naming.NacosNamingService.getServicesOfServer(NacosNamingService.java:461)
	at com.alibaba.nacos.client.naming.NacosNamingService.getServicesOfServer(NacosNamingService.java:449)
	at com.alibaba.cloud.nacos.discovery.NacosServiceDiscovery.getServices(NacosServiceDiscovery.java:70)
	at com.alibaba.cloud.nacos.discovery.reactive.NacosReactiveDiscoveryClient.lambda$getServices$3(NacosReactiveDiscoveryClient.java:87)
	at reactor.core.publisher.FluxDefer.subscribe(FluxDefer.java:46)
	at reactor.core.publisher.FluxSubscribeOn$SubscribeOnSubscriber.run(FluxSubscribeOn.java:194)
	at reactor.core.scheduler.WorkerTask.call(WorkerTask.java:84)
	at reactor.core.scheduler.WorkerTask.call(WorkerTask.java:37)
	at java.util.concurrent.FutureTask.run$$$capture(FutureTask.java:266)
	at java.util.concurrent.FutureTask.run(FutureTask.java)
	at java.util.concurrent.ScheduledThreadPoolExecutor$ScheduledFutureTask.access$201(ScheduledThreadPoolExecutor.java:180)
	at java.util.concurrent.ScheduledThreadPoolExecutor$ScheduledFutureTask.run(ScheduledThreadPoolExecutor.java:293)
	at java.util.concurrent.ThreadPoolExecutor.runWorker(ThreadPoolExecutor.java:1149)
	at java.util.concurrent.ThreadPoolExecutor$Worker.run(ThreadPoolExecutor.java:624)
	at java.lang.Thread.run(Thread.java:748)
12:40:52.765 [boundedElastic-19] ERROR c.a.c.n.d.r.NacosReactiveDiscoveryClient - [lambda$getServices$3,94] - get services from nacos server fail,
com.alibaba.nacos.api.exception.NacosException: Client not connected, current status:UNHEALTHY
	at com.alibaba.nacos.common.remote.client.RpcClient.request(RpcClient.java:639)
	at com.alibaba.nacos.common.remote.client.RpcClient.request(RpcClient.java:619)
	at com.alibaba.nacos.client.naming.remote.gprc.NamingGrpcClientProxy.requestToServer(NamingGrpcClientProxy.java:356)
	at com.alibaba.nacos.client.naming.remote.gprc.NamingGrpcClientProxy.getServiceList(NamingGrpcClientProxy.java:282)
	at com.alibaba.nacos.client.naming.remote.NamingClientProxyDelegate.getServiceList(NamingClientProxyDelegate.java:162)
	at com.alibaba.nacos.client.naming.NacosNamingService.getServicesOfServer(NacosNamingService.java:461)
	at com.alibaba.nacos.client.naming.NacosNamingService.getServicesOfServer(NacosNamingService.java:449)
	at com.alibaba.cloud.nacos.discovery.NacosServiceDiscovery.getServices(NacosServiceDiscovery.java:70)
	at com.alibaba.cloud.nacos.discovery.reactive.NacosReactiveDiscoveryClient.lambda$getServices$3(NacosReactiveDiscoveryClient.java:87)
	at reactor.core.publisher.FluxDefer.subscribe(FluxDefer.java:46)
	at reactor.core.publisher.FluxSubscribeOn$SubscribeOnSubscriber.run(FluxSubscribeOn.java:194)
	at reactor.core.scheduler.WorkerTask.call(WorkerTask.java:84)
	at reactor.core.scheduler.WorkerTask.call(WorkerTask.java:37)
	at java.util.concurrent.FutureTask.run$$$capture(FutureTask.java:266)
	at java.util.concurrent.FutureTask.run(FutureTask.java)
	at java.util.concurrent.ScheduledThreadPoolExecutor$ScheduledFutureTask.access$201(ScheduledThreadPoolExecutor.java:180)
	at java.util.concurrent.ScheduledThreadPoolExecutor$ScheduledFutureTask.run(ScheduledThreadPoolExecutor.java:293)
	at java.util.concurrent.ThreadPoolExecutor.runWorker(ThreadPoolExecutor.java:1149)
	at java.util.concurrent.ThreadPoolExecutor$Worker.run(ThreadPoolExecutor.java:624)
	at java.lang.Thread.run(Thread.java:748)
12:40:52.765 [boundedElastic-35] ERROR c.a.c.n.d.r.NacosReactiveDiscoveryClient - [lambda$getServices$3,94] - get services from nacos server fail,
com.alibaba.nacos.api.exception.NacosException: Client not connected, current status:UNHEALTHY
	at com.alibaba.nacos.common.remote.client.RpcClient.request(RpcClient.java:639)
	at com.alibaba.nacos.common.remote.client.RpcClient.request(RpcClient.java:619)
	at com.alibaba.nacos.client.naming.remote.gprc.NamingGrpcClientProxy.requestToServer(NamingGrpcClientProxy.java:356)
	at com.alibaba.nacos.client.naming.remote.gprc.NamingGrpcClientProxy.getServiceList(NamingGrpcClientProxy.java:282)
	at com.alibaba.nacos.client.naming.remote.NamingClientProxyDelegate.getServiceList(NamingClientProxyDelegate.java:162)
	at com.alibaba.nacos.client.naming.NacosNamingService.getServicesOfServer(NacosNamingService.java:461)
	at com.alibaba.nacos.client.naming.NacosNamingService.getServicesOfServer(NacosNamingService.java:449)
	at com.alibaba.cloud.nacos.discovery.NacosServiceDiscovery.getServices(NacosServiceDiscovery.java:70)
	at com.alibaba.cloud.nacos.discovery.reactive.NacosReactiveDiscoveryClient.lambda$getServices$3(NacosReactiveDiscoveryClient.java:87)
	at reactor.core.publisher.FluxDefer.subscribe(FluxDefer.java:46)
	at reactor.core.publisher.FluxSubscribeOn$SubscribeOnSubscriber.run(FluxSubscribeOn.java:194)
	at reactor.core.scheduler.WorkerTask.call(WorkerTask.java:84)
	at reactor.core.scheduler.WorkerTask.call(WorkerTask.java:37)
	at java.util.concurrent.FutureTask.run$$$capture(FutureTask.java:266)
	at java.util.concurrent.FutureTask.run(FutureTask.java)
	at java.util.concurrent.ScheduledThreadPoolExecutor$ScheduledFutureTask.access$201(ScheduledThreadPoolExecutor.java:180)
	at java.util.concurrent.ScheduledThreadPoolExecutor$ScheduledFutureTask.run(ScheduledThreadPoolExecutor.java:293)
	at java.util.concurrent.ThreadPoolExecutor.runWorker(ThreadPoolExecutor.java:1149)
	at java.util.concurrent.ThreadPoolExecutor$Worker.run(ThreadPoolExecutor.java:624)
	at java.lang.Thread.run(Thread.java:748)
12:41:22.769 [boundedElastic-19] ERROR c.a.c.n.d.r.NacosReactiveDiscoveryClient - [lambda$getServices$3,94] - get services from nacos server fail,
com.alibaba.nacos.api.exception.NacosException: Client not connected, current status:UNHEALTHY
	at com.alibaba.nacos.common.remote.client.RpcClient.request(RpcClient.java:639)
	at com.alibaba.nacos.common.remote.client.RpcClient.request(RpcClient.java:619)
	at com.alibaba.nacos.client.naming.remote.gprc.NamingGrpcClientProxy.requestToServer(NamingGrpcClientProxy.java:356)
	at com.alibaba.nacos.client.naming.remote.gprc.NamingGrpcClientProxy.getServiceList(NamingGrpcClientProxy.java:282)
	at com.alibaba.nacos.client.naming.remote.NamingClientProxyDelegate.getServiceList(NamingClientProxyDelegate.java:162)
	at com.alibaba.nacos.client.naming.NacosNamingService.getServicesOfServer(NacosNamingService.java:461)
	at com.alibaba.nacos.client.naming.NacosNamingService.getServicesOfServer(NacosNamingService.java:449)
	at com.alibaba.cloud.nacos.discovery.NacosServiceDiscovery.getServices(NacosServiceDiscovery.java:70)
	at com.alibaba.cloud.nacos.discovery.reactive.NacosReactiveDiscoveryClient.lambda$getServices$3(NacosReactiveDiscoveryClient.java:87)
	at reactor.core.publisher.FluxDefer.subscribe(FluxDefer.java:46)
	at reactor.core.publisher.FluxSubscribeOn$SubscribeOnSubscriber.run(FluxSubscribeOn.java:194)
	at reactor.core.scheduler.WorkerTask.call(WorkerTask.java:84)
	at reactor.core.scheduler.WorkerTask.call(WorkerTask.java:37)
	at java.util.concurrent.FutureTask.run$$$capture(FutureTask.java:266)
	at java.util.concurrent.FutureTask.run(FutureTask.java)
	at java.util.concurrent.ScheduledThreadPoolExecutor$ScheduledFutureTask.access$201(ScheduledThreadPoolExecutor.java:180)
	at java.util.concurrent.ScheduledThreadPoolExecutor$ScheduledFutureTask.run(ScheduledThreadPoolExecutor.java:293)
	at java.util.concurrent.ThreadPoolExecutor.runWorker(ThreadPoolExecutor.java:1149)
	at java.util.concurrent.ThreadPoolExecutor$Worker.run(ThreadPoolExecutor.java:624)
	at java.lang.Thread.run(Thread.java:748)
12:41:22.770 [boundedElastic-35] ERROR c.a.c.n.d.r.NacosReactiveDiscoveryClient - [lambda$getServices$3,94] - get services from nacos server fail,
com.alibaba.nacos.api.exception.NacosException: Client not connected, current status:UNHEALTHY
	at com.alibaba.nacos.common.remote.client.RpcClient.request(RpcClient.java:639)
	at com.alibaba.nacos.common.remote.client.RpcClient.request(RpcClient.java:619)
	at com.alibaba.nacos.client.naming.remote.gprc.NamingGrpcClientProxy.requestToServer(NamingGrpcClientProxy.java:356)
	at com.alibaba.nacos.client.naming.remote.gprc.NamingGrpcClientProxy.getServiceList(NamingGrpcClientProxy.java:282)
	at com.alibaba.nacos.client.naming.remote.NamingClientProxyDelegate.getServiceList(NamingClientProxyDelegate.java:162)
	at com.alibaba.nacos.client.naming.NacosNamingService.getServicesOfServer(NacosNamingService.java:461)
	at com.alibaba.nacos.client.naming.NacosNamingService.getServicesOfServer(NacosNamingService.java:449)
	at com.alibaba.cloud.nacos.discovery.NacosServiceDiscovery.getServices(NacosServiceDiscovery.java:70)
	at com.alibaba.cloud.nacos.discovery.reactive.NacosReactiveDiscoveryClient.lambda$getServices$3(NacosReactiveDiscoveryClient.java:87)
	at reactor.core.publisher.FluxDefer.subscribe(FluxDefer.java:46)
	at reactor.core.publisher.FluxSubscribeOn$SubscribeOnSubscriber.run(FluxSubscribeOn.java:194)
	at reactor.core.scheduler.WorkerTask.call(WorkerTask.java:84)
	at reactor.core.scheduler.WorkerTask.call(WorkerTask.java:37)
	at java.util.concurrent.FutureTask.run$$$capture(FutureTask.java:266)
	at java.util.concurrent.FutureTask.run(FutureTask.java)
	at java.util.concurrent.ScheduledThreadPoolExecutor$ScheduledFutureTask.access$201(ScheduledThreadPoolExecutor.java:180)
	at java.util.concurrent.ScheduledThreadPoolExecutor$ScheduledFutureTask.run(ScheduledThreadPoolExecutor.java:293)
	at java.util.concurrent.ThreadPoolExecutor.runWorker(ThreadPoolExecutor.java:1149)
	at java.util.concurrent.ThreadPoolExecutor$Worker.run(ThreadPoolExecutor.java:624)
	at java.lang.Thread.run(Thread.java:748)
12:41:52.773 [boundedElastic-35] ERROR c.a.c.n.d.r.NacosReactiveDiscoveryClient - [lambda$getServices$3,94] - get services from nacos server fail,
com.alibaba.nacos.api.exception.NacosException: Client not connected, current status:UNHEALTHY
	at com.alibaba.nacos.common.remote.client.RpcClient.request(RpcClient.java:639)
	at com.alibaba.nacos.common.remote.client.RpcClient.request(RpcClient.java:619)
	at com.alibaba.nacos.client.naming.remote.gprc.NamingGrpcClientProxy.requestToServer(NamingGrpcClientProxy.java:356)
	at com.alibaba.nacos.client.naming.remote.gprc.NamingGrpcClientProxy.getServiceList(NamingGrpcClientProxy.java:282)
	at com.alibaba.nacos.client.naming.remote.NamingClientProxyDelegate.getServiceList(NamingClientProxyDelegate.java:162)
	at com.alibaba.nacos.client.naming.NacosNamingService.getServicesOfServer(NacosNamingService.java:461)
	at com.alibaba.nacos.client.naming.NacosNamingService.getServicesOfServer(NacosNamingService.java:449)
	at com.alibaba.cloud.nacos.discovery.NacosServiceDiscovery.getServices(NacosServiceDiscovery.java:70)
	at com.alibaba.cloud.nacos.discovery.reactive.NacosReactiveDiscoveryClient.lambda$getServices$3(NacosReactiveDiscoveryClient.java:87)
	at reactor.core.publisher.FluxDefer.subscribe(FluxDefer.java:46)
	at reactor.core.publisher.FluxSubscribeOn$SubscribeOnSubscriber.run(FluxSubscribeOn.java:194)
	at reactor.core.scheduler.WorkerTask.call(WorkerTask.java:84)
	at reactor.core.scheduler.WorkerTask.call(WorkerTask.java:37)
	at java.util.concurrent.FutureTask.run$$$capture(FutureTask.java:266)
	at java.util.concurrent.FutureTask.run(FutureTask.java)
	at java.util.concurrent.ScheduledThreadPoolExecutor$ScheduledFutureTask.access$201(ScheduledThreadPoolExecutor.java:180)
	at java.util.concurrent.ScheduledThreadPoolExecutor$ScheduledFutureTask.run(ScheduledThreadPoolExecutor.java:293)
	at java.util.concurrent.ThreadPoolExecutor.runWorker(ThreadPoolExecutor.java:1149)
	at java.util.concurrent.ThreadPoolExecutor$Worker.run(ThreadPoolExecutor.java:624)
	at java.lang.Thread.run(Thread.java:748)
12:41:52.773 [boundedElastic-19] ERROR c.a.c.n.d.r.NacosReactiveDiscoveryClient - [lambda$getServices$3,94] - get services from nacos server fail,
com.alibaba.nacos.api.exception.NacosException: Client not connected, current status:UNHEALTHY
	at com.alibaba.nacos.common.remote.client.RpcClient.request(RpcClient.java:639)
	at com.alibaba.nacos.common.remote.client.RpcClient.request(RpcClient.java:619)
	at com.alibaba.nacos.client.naming.remote.gprc.NamingGrpcClientProxy.requestToServer(NamingGrpcClientProxy.java:356)
	at com.alibaba.nacos.client.naming.remote.gprc.NamingGrpcClientProxy.getServiceList(NamingGrpcClientProxy.java:282)
	at com.alibaba.nacos.client.naming.remote.NamingClientProxyDelegate.getServiceList(NamingClientProxyDelegate.java:162)
	at com.alibaba.nacos.client.naming.NacosNamingService.getServicesOfServer(NacosNamingService.java:461)
	at com.alibaba.nacos.client.naming.NacosNamingService.getServicesOfServer(NacosNamingService.java:449)
	at com.alibaba.cloud.nacos.discovery.NacosServiceDiscovery.getServices(NacosServiceDiscovery.java:70)
	at com.alibaba.cloud.nacos.discovery.reactive.NacosReactiveDiscoveryClient.lambda$getServices$3(NacosReactiveDiscoveryClient.java:87)
	at reactor.core.publisher.FluxDefer.subscribe(FluxDefer.java:46)
	at reactor.core.publisher.FluxSubscribeOn$SubscribeOnSubscriber.run(FluxSubscribeOn.java:194)
	at reactor.core.scheduler.WorkerTask.call(WorkerTask.java:84)
	at reactor.core.scheduler.WorkerTask.call(WorkerTask.java:37)
	at java.util.concurrent.FutureTask.run$$$capture(FutureTask.java:266)
	at java.util.concurrent.FutureTask.run(FutureTask.java)
	at java.util.concurrent.ScheduledThreadPoolExecutor$ScheduledFutureTask.access$201(ScheduledThreadPoolExecutor.java:180)
	at java.util.concurrent.ScheduledThreadPoolExecutor$ScheduledFutureTask.run(ScheduledThreadPoolExecutor.java:293)
	at java.util.concurrent.ThreadPoolExecutor.runWorker(ThreadPoolExecutor.java:1149)
	at java.util.concurrent.ThreadPoolExecutor$Worker.run(ThreadPoolExecutor.java:624)
	at java.lang.Thread.run(Thread.java:748)
12:42:22.776 [boundedElastic-35] ERROR c.a.c.n.d.r.NacosReactiveDiscoveryClient - [lambda$getServices$3,94] - get services from nacos server fail,
com.alibaba.nacos.api.exception.NacosException: Client not connected, current status:UNHEALTHY
	at com.alibaba.nacos.common.remote.client.RpcClient.request(RpcClient.java:639)
	at com.alibaba.nacos.common.remote.client.RpcClient.request(RpcClient.java:619)
	at com.alibaba.nacos.client.naming.remote.gprc.NamingGrpcClientProxy.requestToServer(NamingGrpcClientProxy.java:356)
	at com.alibaba.nacos.client.naming.remote.gprc.NamingGrpcClientProxy.getServiceList(NamingGrpcClientProxy.java:282)
	at com.alibaba.nacos.client.naming.remote.NamingClientProxyDelegate.getServiceList(NamingClientProxyDelegate.java:162)
	at com.alibaba.nacos.client.naming.NacosNamingService.getServicesOfServer(NacosNamingService.java:461)
	at com.alibaba.nacos.client.naming.NacosNamingService.getServicesOfServer(NacosNamingService.java:449)
	at com.alibaba.cloud.nacos.discovery.NacosServiceDiscovery.getServices(NacosServiceDiscovery.java:70)
	at com.alibaba.cloud.nacos.discovery.reactive.NacosReactiveDiscoveryClient.lambda$getServices$3(NacosReactiveDiscoveryClient.java:87)
	at reactor.core.publisher.FluxDefer.subscribe(FluxDefer.java:46)
	at reactor.core.publisher.FluxSubscribeOn$SubscribeOnSubscriber.run(FluxSubscribeOn.java:194)
	at reactor.core.scheduler.WorkerTask.call(WorkerTask.java:84)
	at reactor.core.scheduler.WorkerTask.call(WorkerTask.java:37)
	at java.util.concurrent.FutureTask.run$$$capture(FutureTask.java:266)
	at java.util.concurrent.FutureTask.run(FutureTask.java)
	at java.util.concurrent.ScheduledThreadPoolExecutor$ScheduledFutureTask.access$201(ScheduledThreadPoolExecutor.java:180)
	at java.util.concurrent.ScheduledThreadPoolExecutor$ScheduledFutureTask.run(ScheduledThreadPoolExecutor.java:293)
	at java.util.concurrent.ThreadPoolExecutor.runWorker(ThreadPoolExecutor.java:1149)
	at java.util.concurrent.ThreadPoolExecutor$Worker.run(ThreadPoolExecutor.java:624)
	at java.lang.Thread.run(Thread.java:748)
12:42:22.776 [boundedElastic-19] ERROR c.a.c.n.d.r.NacosReactiveDiscoveryClient - [lambda$getServices$3,94] - get services from nacos server fail,
com.alibaba.nacos.api.exception.NacosException: Client not connected, current status:UNHEALTHY
	at com.alibaba.nacos.common.remote.client.RpcClient.request(RpcClient.java:639)
	at com.alibaba.nacos.common.remote.client.RpcClient.request(RpcClient.java:619)
	at com.alibaba.nacos.client.naming.remote.gprc.NamingGrpcClientProxy.requestToServer(NamingGrpcClientProxy.java:356)
	at com.alibaba.nacos.client.naming.remote.gprc.NamingGrpcClientProxy.getServiceList(NamingGrpcClientProxy.java:282)
	at com.alibaba.nacos.client.naming.remote.NamingClientProxyDelegate.getServiceList(NamingClientProxyDelegate.java:162)
	at com.alibaba.nacos.client.naming.NacosNamingService.getServicesOfServer(NacosNamingService.java:461)
	at com.alibaba.nacos.client.naming.NacosNamingService.getServicesOfServer(NacosNamingService.java:449)
	at com.alibaba.cloud.nacos.discovery.NacosServiceDiscovery.getServices(NacosServiceDiscovery.java:70)
	at com.alibaba.cloud.nacos.discovery.reactive.NacosReactiveDiscoveryClient.lambda$getServices$3(NacosReactiveDiscoveryClient.java:87)
	at reactor.core.publisher.FluxDefer.subscribe(FluxDefer.java:46)
	at reactor.core.publisher.FluxSubscribeOn$SubscribeOnSubscriber.run(FluxSubscribeOn.java:194)
	at reactor.core.scheduler.WorkerTask.call(WorkerTask.java:84)
	at reactor.core.scheduler.WorkerTask.call(WorkerTask.java:37)
	at java.util.concurrent.FutureTask.run$$$capture(FutureTask.java:266)
	at java.util.concurrent.FutureTask.run(FutureTask.java)
	at java.util.concurrent.ScheduledThreadPoolExecutor$ScheduledFutureTask.access$201(ScheduledThreadPoolExecutor.java:180)
	at java.util.concurrent.ScheduledThreadPoolExecutor$ScheduledFutureTask.run(ScheduledThreadPoolExecutor.java:293)
	at java.util.concurrent.ThreadPoolExecutor.runWorker(ThreadPoolExecutor.java:1149)
	at java.util.concurrent.ThreadPoolExecutor$Worker.run(ThreadPoolExecutor.java:624)
	at java.lang.Thread.run(Thread.java:748)
12:42:52.775 [boundedElastic-19] ERROR c.a.c.n.d.r.NacosReactiveDiscoveryClient - [lambda$getServices$3,94] - get services from nacos server fail,
com.alibaba.nacos.api.exception.NacosException: Client not connected, current status:UNHEALTHY
	at com.alibaba.nacos.common.remote.client.RpcClient.request(RpcClient.java:639)
	at com.alibaba.nacos.common.remote.client.RpcClient.request(RpcClient.java:619)
	at com.alibaba.nacos.client.naming.remote.gprc.NamingGrpcClientProxy.requestToServer(NamingGrpcClientProxy.java:356)
	at com.alibaba.nacos.client.naming.remote.gprc.NamingGrpcClientProxy.getServiceList(NamingGrpcClientProxy.java:282)
	at com.alibaba.nacos.client.naming.remote.NamingClientProxyDelegate.getServiceList(NamingClientProxyDelegate.java:162)
	at com.alibaba.nacos.client.naming.NacosNamingService.getServicesOfServer(NacosNamingService.java:461)
	at com.alibaba.nacos.client.naming.NacosNamingService.getServicesOfServer(NacosNamingService.java:449)
	at com.alibaba.cloud.nacos.discovery.NacosServiceDiscovery.getServices(NacosServiceDiscovery.java:70)
	at com.alibaba.cloud.nacos.discovery.reactive.NacosReactiveDiscoveryClient.lambda$getServices$3(NacosReactiveDiscoveryClient.java:87)
	at reactor.core.publisher.FluxDefer.subscribe(FluxDefer.java:46)
	at reactor.core.publisher.FluxSubscribeOn$SubscribeOnSubscriber.run(FluxSubscribeOn.java:194)
	at reactor.core.scheduler.WorkerTask.call(WorkerTask.java:84)
	at reactor.core.scheduler.WorkerTask.call(WorkerTask.java:37)
	at java.util.concurrent.FutureTask.run$$$capture(FutureTask.java:266)
	at java.util.concurrent.FutureTask.run(FutureTask.java)
	at java.util.concurrent.ScheduledThreadPoolExecutor$ScheduledFutureTask.access$201(ScheduledThreadPoolExecutor.java:180)
	at java.util.concurrent.ScheduledThreadPoolExecutor$ScheduledFutureTask.run(ScheduledThreadPoolExecutor.java:293)
	at java.util.concurrent.ThreadPoolExecutor.runWorker(ThreadPoolExecutor.java:1149)
	at java.util.concurrent.ThreadPoolExecutor$Worker.run(ThreadPoolExecutor.java:624)
	at java.lang.Thread.run(Thread.java:748)
12:42:52.778 [boundedElastic-35] ERROR c.a.c.n.d.r.NacosReactiveDiscoveryClient - [lambda$getServices$3,94] - get services from nacos server fail,
com.alibaba.nacos.api.exception.NacosException: Client not connected, current status:UNHEALTHY
	at com.alibaba.nacos.common.remote.client.RpcClient.request(RpcClient.java:639)
	at com.alibaba.nacos.common.remote.client.RpcClient.request(RpcClient.java:619)
	at com.alibaba.nacos.client.naming.remote.gprc.NamingGrpcClientProxy.requestToServer(NamingGrpcClientProxy.java:356)
	at com.alibaba.nacos.client.naming.remote.gprc.NamingGrpcClientProxy.getServiceList(NamingGrpcClientProxy.java:282)
	at com.alibaba.nacos.client.naming.remote.NamingClientProxyDelegate.getServiceList(NamingClientProxyDelegate.java:162)
	at com.alibaba.nacos.client.naming.NacosNamingService.getServicesOfServer(NacosNamingService.java:461)
	at com.alibaba.nacos.client.naming.NacosNamingService.getServicesOfServer(NacosNamingService.java:449)
	at com.alibaba.cloud.nacos.discovery.NacosServiceDiscovery.getServices(NacosServiceDiscovery.java:70)
	at com.alibaba.cloud.nacos.discovery.reactive.NacosReactiveDiscoveryClient.lambda$getServices$3(NacosReactiveDiscoveryClient.java:87)
	at reactor.core.publisher.FluxDefer.subscribe(FluxDefer.java:46)
	at reactor.core.publisher.FluxSubscribeOn$SubscribeOnSubscriber.run(FluxSubscribeOn.java:194)
	at reactor.core.scheduler.WorkerTask.call(WorkerTask.java:84)
	at reactor.core.scheduler.WorkerTask.call(WorkerTask.java:37)
	at java.util.concurrent.FutureTask.run$$$capture(FutureTask.java:266)
	at java.util.concurrent.FutureTask.run(FutureTask.java)
	at java.util.concurrent.ScheduledThreadPoolExecutor$ScheduledFutureTask.access$201(ScheduledThreadPoolExecutor.java:180)
	at java.util.concurrent.ScheduledThreadPoolExecutor$ScheduledFutureTask.run(ScheduledThreadPoolExecutor.java:293)
	at java.util.concurrent.ThreadPoolExecutor.runWorker(ThreadPoolExecutor.java:1149)
	at java.util.concurrent.ThreadPoolExecutor$Worker.run(ThreadPoolExecutor.java:624)
	at java.lang.Thread.run(Thread.java:748)
12:43:22.780 [boundedElastic-19] ERROR c.a.c.n.d.r.NacosReactiveDiscoveryClient - [lambda$getServices$3,94] - get services from nacos server fail,
com.alibaba.nacos.api.exception.NacosException: Client not connected, current status:UNHEALTHY
	at com.alibaba.nacos.common.remote.client.RpcClient.request(RpcClient.java:639)
	at com.alibaba.nacos.common.remote.client.RpcClient.request(RpcClient.java:619)
	at com.alibaba.nacos.client.naming.remote.gprc.NamingGrpcClientProxy.requestToServer(NamingGrpcClientProxy.java:356)
	at com.alibaba.nacos.client.naming.remote.gprc.NamingGrpcClientProxy.getServiceList(NamingGrpcClientProxy.java:282)
	at com.alibaba.nacos.client.naming.remote.NamingClientProxyDelegate.getServiceList(NamingClientProxyDelegate.java:162)
	at com.alibaba.nacos.client.naming.NacosNamingService.getServicesOfServer(NacosNamingService.java:461)
	at com.alibaba.nacos.client.naming.NacosNamingService.getServicesOfServer(NacosNamingService.java:449)
	at com.alibaba.cloud.nacos.discovery.NacosServiceDiscovery.getServices(NacosServiceDiscovery.java:70)
	at com.alibaba.cloud.nacos.discovery.reactive.NacosReactiveDiscoveryClient.lambda$getServices$3(NacosReactiveDiscoveryClient.java:87)
	at reactor.core.publisher.FluxDefer.subscribe(FluxDefer.java:46)
	at reactor.core.publisher.FluxSubscribeOn$SubscribeOnSubscriber.run(FluxSubscribeOn.java:194)
	at reactor.core.scheduler.WorkerTask.call(WorkerTask.java:84)
	at reactor.core.scheduler.WorkerTask.call(WorkerTask.java:37)
	at java.util.concurrent.FutureTask.run$$$capture(FutureTask.java:266)
	at java.util.concurrent.FutureTask.run(FutureTask.java)
	at java.util.concurrent.ScheduledThreadPoolExecutor$ScheduledFutureTask.access$201(ScheduledThreadPoolExecutor.java:180)
	at java.util.concurrent.ScheduledThreadPoolExecutor$ScheduledFutureTask.run(ScheduledThreadPoolExecutor.java:293)
	at java.util.concurrent.ThreadPoolExecutor.runWorker(ThreadPoolExecutor.java:1149)
	at java.util.concurrent.ThreadPoolExecutor$Worker.run(ThreadPoolExecutor.java:624)
	at java.lang.Thread.run(Thread.java:748)
12:43:22.780 [boundedElastic-35] ERROR c.a.c.n.d.r.NacosReactiveDiscoveryClient - [lambda$getServices$3,94] - get services from nacos server fail,
com.alibaba.nacos.api.exception.NacosException: Client not connected, current status:UNHEALTHY
	at com.alibaba.nacos.common.remote.client.RpcClient.request(RpcClient.java:639)
	at com.alibaba.nacos.common.remote.client.RpcClient.request(RpcClient.java:619)
	at com.alibaba.nacos.client.naming.remote.gprc.NamingGrpcClientProxy.requestToServer(NamingGrpcClientProxy.java:356)
	at com.alibaba.nacos.client.naming.remote.gprc.NamingGrpcClientProxy.getServiceList(NamingGrpcClientProxy.java:282)
	at com.alibaba.nacos.client.naming.remote.NamingClientProxyDelegate.getServiceList(NamingClientProxyDelegate.java:162)
	at com.alibaba.nacos.client.naming.NacosNamingService.getServicesOfServer(NacosNamingService.java:461)
	at com.alibaba.nacos.client.naming.NacosNamingService.getServicesOfServer(NacosNamingService.java:449)
	at com.alibaba.cloud.nacos.discovery.NacosServiceDiscovery.getServices(NacosServiceDiscovery.java:70)
	at com.alibaba.cloud.nacos.discovery.reactive.NacosReactiveDiscoveryClient.lambda$getServices$3(NacosReactiveDiscoveryClient.java:87)
	at reactor.core.publisher.FluxDefer.subscribe(FluxDefer.java:46)
	at reactor.core.publisher.FluxSubscribeOn$SubscribeOnSubscriber.run(FluxSubscribeOn.java:194)
	at reactor.core.scheduler.WorkerTask.call(WorkerTask.java:84)
	at reactor.core.scheduler.WorkerTask.call(WorkerTask.java:37)
	at java.util.concurrent.FutureTask.run$$$capture(FutureTask.java:266)
	at java.util.concurrent.FutureTask.run(FutureTask.java)
	at java.util.concurrent.ScheduledThreadPoolExecutor$ScheduledFutureTask.access$201(ScheduledThreadPoolExecutor.java:180)
	at java.util.concurrent.ScheduledThreadPoolExecutor$ScheduledFutureTask.run(ScheduledThreadPoolExecutor.java:293)
	at java.util.concurrent.ThreadPoolExecutor.runWorker(ThreadPoolExecutor.java:1149)
	at java.util.concurrent.ThreadPoolExecutor$Worker.run(ThreadPoolExecutor.java:624)
	at java.lang.Thread.run(Thread.java:748)
12:43:52.781 [boundedElastic-35] ERROR c.a.c.n.d.r.NacosReactiveDiscoveryClient - [lambda$getServices$3,94] - get services from nacos server fail,
com.alibaba.nacos.api.exception.NacosException: Client not connected, current status:UNHEALTHY
	at com.alibaba.nacos.common.remote.client.RpcClient.request(RpcClient.java:639)
	at com.alibaba.nacos.common.remote.client.RpcClient.request(RpcClient.java:619)
	at com.alibaba.nacos.client.naming.remote.gprc.NamingGrpcClientProxy.requestToServer(NamingGrpcClientProxy.java:356)
	at com.alibaba.nacos.client.naming.remote.gprc.NamingGrpcClientProxy.getServiceList(NamingGrpcClientProxy.java:282)
	at com.alibaba.nacos.client.naming.remote.NamingClientProxyDelegate.getServiceList(NamingClientProxyDelegate.java:162)
	at com.alibaba.nacos.client.naming.NacosNamingService.getServicesOfServer(NacosNamingService.java:461)
	at com.alibaba.nacos.client.naming.NacosNamingService.getServicesOfServer(NacosNamingService.java:449)
	at com.alibaba.cloud.nacos.discovery.NacosServiceDiscovery.getServices(NacosServiceDiscovery.java:70)
	at com.alibaba.cloud.nacos.discovery.reactive.NacosReactiveDiscoveryClient.lambda$getServices$3(NacosReactiveDiscoveryClient.java:87)
	at reactor.core.publisher.FluxDefer.subscribe(FluxDefer.java:46)
	at reactor.core.publisher.FluxSubscribeOn$SubscribeOnSubscriber.run(FluxSubscribeOn.java:194)
	at reactor.core.scheduler.WorkerTask.call(WorkerTask.java:84)
	at reactor.core.scheduler.WorkerTask.call(WorkerTask.java:37)
	at java.util.concurrent.FutureTask.run$$$capture(FutureTask.java:266)
	at java.util.concurrent.FutureTask.run(FutureTask.java)
	at java.util.concurrent.ScheduledThreadPoolExecutor$ScheduledFutureTask.access$201(ScheduledThreadPoolExecutor.java:180)
	at java.util.concurrent.ScheduledThreadPoolExecutor$ScheduledFutureTask.run(ScheduledThreadPoolExecutor.java:293)
	at java.util.concurrent.ThreadPoolExecutor.runWorker(ThreadPoolExecutor.java:1149)
	at java.util.concurrent.ThreadPoolExecutor$Worker.run(ThreadPoolExecutor.java:624)
	at java.lang.Thread.run(Thread.java:748)
12:43:52.781 [boundedElastic-19] ERROR c.a.c.n.d.r.NacosReactiveDiscoveryClient - [lambda$getServices$3,94] - get services from nacos server fail,
com.alibaba.nacos.api.exception.NacosException: Client not connected, current status:UNHEALTHY
	at com.alibaba.nacos.common.remote.client.RpcClient.request(RpcClient.java:639)
	at com.alibaba.nacos.common.remote.client.RpcClient.request(RpcClient.java:619)
	at com.alibaba.nacos.client.naming.remote.gprc.NamingGrpcClientProxy.requestToServer(NamingGrpcClientProxy.java:356)
	at com.alibaba.nacos.client.naming.remote.gprc.NamingGrpcClientProxy.getServiceList(NamingGrpcClientProxy.java:282)
	at com.alibaba.nacos.client.naming.remote.NamingClientProxyDelegate.getServiceList(NamingClientProxyDelegate.java:162)
	at com.alibaba.nacos.client.naming.NacosNamingService.getServicesOfServer(NacosNamingService.java:461)
	at com.alibaba.nacos.client.naming.NacosNamingService.getServicesOfServer(NacosNamingService.java:449)
	at com.alibaba.cloud.nacos.discovery.NacosServiceDiscovery.getServices(NacosServiceDiscovery.java:70)
	at com.alibaba.cloud.nacos.discovery.reactive.NacosReactiveDiscoveryClient.lambda$getServices$3(NacosReactiveDiscoveryClient.java:87)
	at reactor.core.publisher.FluxDefer.subscribe(FluxDefer.java:46)
	at reactor.core.publisher.FluxSubscribeOn$SubscribeOnSubscriber.run(FluxSubscribeOn.java:194)
	at reactor.core.scheduler.WorkerTask.call(WorkerTask.java:84)
	at reactor.core.scheduler.WorkerTask.call(WorkerTask.java:37)
	at java.util.concurrent.FutureTask.run$$$capture(FutureTask.java:266)
	at java.util.concurrent.FutureTask.run(FutureTask.java)
	at java.util.concurrent.ScheduledThreadPoolExecutor$ScheduledFutureTask.access$201(ScheduledThreadPoolExecutor.java:180)
	at java.util.concurrent.ScheduledThreadPoolExecutor$ScheduledFutureTask.run(ScheduledThreadPoolExecutor.java:293)
	at java.util.concurrent.ThreadPoolExecutor.runWorker(ThreadPoolExecutor.java:1149)
	at java.util.concurrent.ThreadPoolExecutor$Worker.run(ThreadPoolExecutor.java:624)
	at java.lang.Thread.run(Thread.java:748)
12:44:22.783 [boundedElastic-35] ERROR c.a.c.n.d.r.NacosReactiveDiscoveryClient - [lambda$getServices$3,94] - get services from nacos server fail,
com.alibaba.nacos.api.exception.NacosException: Client not connected, current status:UNHEALTHY
	at com.alibaba.nacos.common.remote.client.RpcClient.request(RpcClient.java:639)
	at com.alibaba.nacos.common.remote.client.RpcClient.request(RpcClient.java:619)
	at com.alibaba.nacos.client.naming.remote.gprc.NamingGrpcClientProxy.requestToServer(NamingGrpcClientProxy.java:356)
	at com.alibaba.nacos.client.naming.remote.gprc.NamingGrpcClientProxy.getServiceList(NamingGrpcClientProxy.java:282)
	at com.alibaba.nacos.client.naming.remote.NamingClientProxyDelegate.getServiceList(NamingClientProxyDelegate.java:162)
	at com.alibaba.nacos.client.naming.NacosNamingService.getServicesOfServer(NacosNamingService.java:461)
	at com.alibaba.nacos.client.naming.NacosNamingService.getServicesOfServer(NacosNamingService.java:449)
	at com.alibaba.cloud.nacos.discovery.NacosServiceDiscovery.getServices(NacosServiceDiscovery.java:70)
	at com.alibaba.cloud.nacos.discovery.reactive.NacosReactiveDiscoveryClient.lambda$getServices$3(NacosReactiveDiscoveryClient.java:87)
	at reactor.core.publisher.FluxDefer.subscribe(FluxDefer.java:46)
	at reactor.core.publisher.FluxSubscribeOn$SubscribeOnSubscriber.run(FluxSubscribeOn.java:194)
	at reactor.core.scheduler.WorkerTask.call(WorkerTask.java:84)
	at reactor.core.scheduler.WorkerTask.call(WorkerTask.java:37)
	at java.util.concurrent.FutureTask.run$$$capture(FutureTask.java:266)
	at java.util.concurrent.FutureTask.run(FutureTask.java)
	at java.util.concurrent.ScheduledThreadPoolExecutor$ScheduledFutureTask.access$201(ScheduledThreadPoolExecutor.java:180)
	at java.util.concurrent.ScheduledThreadPoolExecutor$ScheduledFutureTask.run(ScheduledThreadPoolExecutor.java:293)
	at java.util.concurrent.ThreadPoolExecutor.runWorker(ThreadPoolExecutor.java:1149)
	at java.util.concurrent.ThreadPoolExecutor$Worker.run(ThreadPoolExecutor.java:624)
	at java.lang.Thread.run(Thread.java:748)
12:44:22.783 [boundedElastic-19] ERROR c.a.c.n.d.r.NacosReactiveDiscoveryClient - [lambda$getServices$3,94] - get services from nacos server fail,
com.alibaba.nacos.api.exception.NacosException: Client not connected, current status:UNHEALTHY
	at com.alibaba.nacos.common.remote.client.RpcClient.request(RpcClient.java:639)
	at com.alibaba.nacos.common.remote.client.RpcClient.request(RpcClient.java:619)
	at com.alibaba.nacos.client.naming.remote.gprc.NamingGrpcClientProxy.requestToServer(NamingGrpcClientProxy.java:356)
	at com.alibaba.nacos.client.naming.remote.gprc.NamingGrpcClientProxy.getServiceList(NamingGrpcClientProxy.java:282)
	at com.alibaba.nacos.client.naming.remote.NamingClientProxyDelegate.getServiceList(NamingClientProxyDelegate.java:162)
	at com.alibaba.nacos.client.naming.NacosNamingService.getServicesOfServer(NacosNamingService.java:461)
	at com.alibaba.nacos.client.naming.NacosNamingService.getServicesOfServer(NacosNamingService.java:449)
	at com.alibaba.cloud.nacos.discovery.NacosServiceDiscovery.getServices(NacosServiceDiscovery.java:70)
	at com.alibaba.cloud.nacos.discovery.reactive.NacosReactiveDiscoveryClient.lambda$getServices$3(NacosReactiveDiscoveryClient.java:87)
	at reactor.core.publisher.FluxDefer.subscribe(FluxDefer.java:46)
	at reactor.core.publisher.FluxSubscribeOn$SubscribeOnSubscriber.run(FluxSubscribeOn.java:194)
	at reactor.core.scheduler.WorkerTask.call(WorkerTask.java:84)
	at reactor.core.scheduler.WorkerTask.call(WorkerTask.java:37)
	at java.util.concurrent.FutureTask.run$$$capture(FutureTask.java:266)
	at java.util.concurrent.FutureTask.run(FutureTask.java)
	at java.util.concurrent.ScheduledThreadPoolExecutor$ScheduledFutureTask.access$201(ScheduledThreadPoolExecutor.java:180)
	at java.util.concurrent.ScheduledThreadPoolExecutor$ScheduledFutureTask.run(ScheduledThreadPoolExecutor.java:293)
	at java.util.concurrent.ThreadPoolExecutor.runWorker(ThreadPoolExecutor.java:1149)
	at java.util.concurrent.ThreadPoolExecutor$Worker.run(ThreadPoolExecutor.java:624)
	at java.lang.Thread.run(Thread.java:748)
12:44:52.786 [boundedElastic-19] ERROR c.a.c.n.d.r.NacosReactiveDiscoveryClient - [lambda$getServices$3,94] - get services from nacos server fail,
com.alibaba.nacos.api.exception.NacosException: Client not connected, current status:UNHEALTHY
	at com.alibaba.nacos.common.remote.client.RpcClient.request(RpcClient.java:639)
	at com.alibaba.nacos.common.remote.client.RpcClient.request(RpcClient.java:619)
	at com.alibaba.nacos.client.naming.remote.gprc.NamingGrpcClientProxy.requestToServer(NamingGrpcClientProxy.java:356)
	at com.alibaba.nacos.client.naming.remote.gprc.NamingGrpcClientProxy.getServiceList(NamingGrpcClientProxy.java:282)
	at com.alibaba.nacos.client.naming.remote.NamingClientProxyDelegate.getServiceList(NamingClientProxyDelegate.java:162)
	at com.alibaba.nacos.client.naming.NacosNamingService.getServicesOfServer(NacosNamingService.java:461)
	at com.alibaba.nacos.client.naming.NacosNamingService.getServicesOfServer(NacosNamingService.java:449)
	at com.alibaba.cloud.nacos.discovery.NacosServiceDiscovery.getServices(NacosServiceDiscovery.java:70)
	at com.alibaba.cloud.nacos.discovery.reactive.NacosReactiveDiscoveryClient.lambda$getServices$3(NacosReactiveDiscoveryClient.java:87)
	at reactor.core.publisher.FluxDefer.subscribe(FluxDefer.java:46)
	at reactor.core.publisher.FluxSubscribeOn$SubscribeOnSubscriber.run(FluxSubscribeOn.java:194)
	at reactor.core.scheduler.WorkerTask.call(WorkerTask.java:84)
	at reactor.core.scheduler.WorkerTask.call(WorkerTask.java:37)
	at java.util.concurrent.FutureTask.run$$$capture(FutureTask.java:266)
	at java.util.concurrent.FutureTask.run(FutureTask.java)
	at java.util.concurrent.ScheduledThreadPoolExecutor$ScheduledFutureTask.access$201(ScheduledThreadPoolExecutor.java:180)
	at java.util.concurrent.ScheduledThreadPoolExecutor$ScheduledFutureTask.run(ScheduledThreadPoolExecutor.java:293)
	at java.util.concurrent.ThreadPoolExecutor.runWorker(ThreadPoolExecutor.java:1149)
	at java.util.concurrent.ThreadPoolExecutor$Worker.run(ThreadPoolExecutor.java:624)
	at java.lang.Thread.run(Thread.java:748)
12:44:52.786 [boundedElastic-35] ERROR c.a.c.n.d.r.NacosReactiveDiscoveryClient - [lambda$getServices$3,94] - get services from nacos server fail,
com.alibaba.nacos.api.exception.NacosException: Client not connected, current status:UNHEALTHY
	at com.alibaba.nacos.common.remote.client.RpcClient.request(RpcClient.java:639)
	at com.alibaba.nacos.common.remote.client.RpcClient.request(RpcClient.java:619)
	at com.alibaba.nacos.client.naming.remote.gprc.NamingGrpcClientProxy.requestToServer(NamingGrpcClientProxy.java:356)
	at com.alibaba.nacos.client.naming.remote.gprc.NamingGrpcClientProxy.getServiceList(NamingGrpcClientProxy.java:282)
	at com.alibaba.nacos.client.naming.remote.NamingClientProxyDelegate.getServiceList(NamingClientProxyDelegate.java:162)
	at com.alibaba.nacos.client.naming.NacosNamingService.getServicesOfServer(NacosNamingService.java:461)
	at com.alibaba.nacos.client.naming.NacosNamingService.getServicesOfServer(NacosNamingService.java:449)
	at com.alibaba.cloud.nacos.discovery.NacosServiceDiscovery.getServices(NacosServiceDiscovery.java:70)
	at com.alibaba.cloud.nacos.discovery.reactive.NacosReactiveDiscoveryClient.lambda$getServices$3(NacosReactiveDiscoveryClient.java:87)
	at reactor.core.publisher.FluxDefer.subscribe(FluxDefer.java:46)
	at reactor.core.publisher.FluxSubscribeOn$SubscribeOnSubscriber.run(FluxSubscribeOn.java:194)
	at reactor.core.scheduler.WorkerTask.call(WorkerTask.java:84)
	at reactor.core.scheduler.WorkerTask.call(WorkerTask.java:37)
	at java.util.concurrent.FutureTask.run$$$capture(FutureTask.java:266)
	at java.util.concurrent.FutureTask.run(FutureTask.java)
	at java.util.concurrent.ScheduledThreadPoolExecutor$ScheduledFutureTask.access$201(ScheduledThreadPoolExecutor.java:180)
	at java.util.concurrent.ScheduledThreadPoolExecutor$ScheduledFutureTask.run(ScheduledThreadPoolExecutor.java:293)
	at java.util.concurrent.ThreadPoolExecutor.runWorker(ThreadPoolExecutor.java:1149)
	at java.util.concurrent.ThreadPoolExecutor$Worker.run(ThreadPoolExecutor.java:624)
	at java.lang.Thread.run(Thread.java:748)
12:45:22.790 [boundedElastic-19] ERROR c.a.c.n.d.r.NacosReactiveDiscoveryClient - [lambda$getServices$3,94] - get services from nacos server fail,
com.alibaba.nacos.api.exception.NacosException: Client not connected, current status:UNHEALTHY
	at com.alibaba.nacos.common.remote.client.RpcClient.request(RpcClient.java:639)
	at com.alibaba.nacos.common.remote.client.RpcClient.request(RpcClient.java:619)
	at com.alibaba.nacos.client.naming.remote.gprc.NamingGrpcClientProxy.requestToServer(NamingGrpcClientProxy.java:356)
	at com.alibaba.nacos.client.naming.remote.gprc.NamingGrpcClientProxy.getServiceList(NamingGrpcClientProxy.java:282)
	at com.alibaba.nacos.client.naming.remote.NamingClientProxyDelegate.getServiceList(NamingClientProxyDelegate.java:162)
	at com.alibaba.nacos.client.naming.NacosNamingService.getServicesOfServer(NacosNamingService.java:461)
	at com.alibaba.nacos.client.naming.NacosNamingService.getServicesOfServer(NacosNamingService.java:449)
	at com.alibaba.cloud.nacos.discovery.NacosServiceDiscovery.getServices(NacosServiceDiscovery.java:70)
	at com.alibaba.cloud.nacos.discovery.reactive.NacosReactiveDiscoveryClient.lambda$getServices$3(NacosReactiveDiscoveryClient.java:87)
	at reactor.core.publisher.FluxDefer.subscribe(FluxDefer.java:46)
	at reactor.core.publisher.FluxSubscribeOn$SubscribeOnSubscriber.run(FluxSubscribeOn.java:194)
	at reactor.core.scheduler.WorkerTask.call(WorkerTask.java:84)
	at reactor.core.scheduler.WorkerTask.call(WorkerTask.java:37)
	at java.util.concurrent.FutureTask.run$$$capture(FutureTask.java:266)
	at java.util.concurrent.FutureTask.run(FutureTask.java)
	at java.util.concurrent.ScheduledThreadPoolExecutor$ScheduledFutureTask.access$201(ScheduledThreadPoolExecutor.java:180)
	at java.util.concurrent.ScheduledThreadPoolExecutor$ScheduledFutureTask.run(ScheduledThreadPoolExecutor.java:293)
	at java.util.concurrent.ThreadPoolExecutor.runWorker(ThreadPoolExecutor.java:1149)
	at java.util.concurrent.ThreadPoolExecutor$Worker.run(ThreadPoolExecutor.java:624)
	at java.lang.Thread.run(Thread.java:748)
12:45:22.790 [boundedElastic-35] ERROR c.a.c.n.d.r.NacosReactiveDiscoveryClient - [lambda$getServices$3,94] - get services from nacos server fail,
com.alibaba.nacos.api.exception.NacosException: Client not connected, current status:UNHEALTHY
	at com.alibaba.nacos.common.remote.client.RpcClient.request(RpcClient.java:639)
	at com.alibaba.nacos.common.remote.client.RpcClient.request(RpcClient.java:619)
	at com.alibaba.nacos.client.naming.remote.gprc.NamingGrpcClientProxy.requestToServer(NamingGrpcClientProxy.java:356)
	at com.alibaba.nacos.client.naming.remote.gprc.NamingGrpcClientProxy.getServiceList(NamingGrpcClientProxy.java:282)
	at com.alibaba.nacos.client.naming.remote.NamingClientProxyDelegate.getServiceList(NamingClientProxyDelegate.java:162)
	at com.alibaba.nacos.client.naming.NacosNamingService.getServicesOfServer(NacosNamingService.java:461)
	at com.alibaba.nacos.client.naming.NacosNamingService.getServicesOfServer(NacosNamingService.java:449)
	at com.alibaba.cloud.nacos.discovery.NacosServiceDiscovery.getServices(NacosServiceDiscovery.java:70)
	at com.alibaba.cloud.nacos.discovery.reactive.NacosReactiveDiscoveryClient.lambda$getServices$3(NacosReactiveDiscoveryClient.java:87)
	at reactor.core.publisher.FluxDefer.subscribe(FluxDefer.java:46)
	at reactor.core.publisher.FluxSubscribeOn$SubscribeOnSubscriber.run(FluxSubscribeOn.java:194)
	at reactor.core.scheduler.WorkerTask.call(WorkerTask.java:84)
	at reactor.core.scheduler.WorkerTask.call(WorkerTask.java:37)
	at java.util.concurrent.FutureTask.run$$$capture(FutureTask.java:266)
	at java.util.concurrent.FutureTask.run(FutureTask.java)
	at java.util.concurrent.ScheduledThreadPoolExecutor$ScheduledFutureTask.access$201(ScheduledThreadPoolExecutor.java:180)
	at java.util.concurrent.ScheduledThreadPoolExecutor$ScheduledFutureTask.run(ScheduledThreadPoolExecutor.java:293)
	at java.util.concurrent.ThreadPoolExecutor.runWorker(ThreadPoolExecutor.java:1149)
	at java.util.concurrent.ThreadPoolExecutor$Worker.run(ThreadPoolExecutor.java:624)
	at java.lang.Thread.run(Thread.java:748)
12:45:52.790 [boundedElastic-35] ERROR c.a.c.n.d.r.NacosReactiveDiscoveryClient - [lambda$getServices$3,94] - get services from nacos server fail,
com.alibaba.nacos.api.exception.NacosException: Client not connected, current status:UNHEALTHY
	at com.alibaba.nacos.common.remote.client.RpcClient.request(RpcClient.java:639)
	at com.alibaba.nacos.common.remote.client.RpcClient.request(RpcClient.java:619)
	at com.alibaba.nacos.client.naming.remote.gprc.NamingGrpcClientProxy.requestToServer(NamingGrpcClientProxy.java:356)
	at com.alibaba.nacos.client.naming.remote.gprc.NamingGrpcClientProxy.getServiceList(NamingGrpcClientProxy.java:282)
	at com.alibaba.nacos.client.naming.remote.NamingClientProxyDelegate.getServiceList(NamingClientProxyDelegate.java:162)
	at com.alibaba.nacos.client.naming.NacosNamingService.getServicesOfServer(NacosNamingService.java:461)
	at com.alibaba.nacos.client.naming.NacosNamingService.getServicesOfServer(NacosNamingService.java:449)
	at com.alibaba.cloud.nacos.discovery.NacosServiceDiscovery.getServices(NacosServiceDiscovery.java:70)
	at com.alibaba.cloud.nacos.discovery.reactive.NacosReactiveDiscoveryClient.lambda$getServices$3(NacosReactiveDiscoveryClient.java:87)
	at reactor.core.publisher.FluxDefer.subscribe(FluxDefer.java:46)
	at reactor.core.publisher.FluxSubscribeOn$SubscribeOnSubscriber.run(FluxSubscribeOn.java:194)
	at reactor.core.scheduler.WorkerTask.call(WorkerTask.java:84)
	at reactor.core.scheduler.WorkerTask.call(WorkerTask.java:37)
	at java.util.concurrent.FutureTask.run$$$capture(FutureTask.java:266)
	at java.util.concurrent.FutureTask.run(FutureTask.java)
	at java.util.concurrent.ScheduledThreadPoolExecutor$ScheduledFutureTask.access$201(ScheduledThreadPoolExecutor.java:180)
	at java.util.concurrent.ScheduledThreadPoolExecutor$ScheduledFutureTask.run(ScheduledThreadPoolExecutor.java:293)
	at java.util.concurrent.ThreadPoolExecutor.runWorker(ThreadPoolExecutor.java:1149)
	at java.util.concurrent.ThreadPoolExecutor$Worker.run(ThreadPoolExecutor.java:624)
	at java.lang.Thread.run(Thread.java:748)
12:45:52.790 [boundedElastic-19] ERROR c.a.c.n.d.r.NacosReactiveDiscoveryClient - [lambda$getServices$3,94] - get services from nacos server fail,
com.alibaba.nacos.api.exception.NacosException: Client not connected, current status:UNHEALTHY
	at com.alibaba.nacos.common.remote.client.RpcClient.request(RpcClient.java:639)
	at com.alibaba.nacos.common.remote.client.RpcClient.request(RpcClient.java:619)
	at com.alibaba.nacos.client.naming.remote.gprc.NamingGrpcClientProxy.requestToServer(NamingGrpcClientProxy.java:356)
	at com.alibaba.nacos.client.naming.remote.gprc.NamingGrpcClientProxy.getServiceList(NamingGrpcClientProxy.java:282)
	at com.alibaba.nacos.client.naming.remote.NamingClientProxyDelegate.getServiceList(NamingClientProxyDelegate.java:162)
	at com.alibaba.nacos.client.naming.NacosNamingService.getServicesOfServer(NacosNamingService.java:461)
	at com.alibaba.nacos.client.naming.NacosNamingService.getServicesOfServer(NacosNamingService.java:449)
	at com.alibaba.cloud.nacos.discovery.NacosServiceDiscovery.getServices(NacosServiceDiscovery.java:70)
	at com.alibaba.cloud.nacos.discovery.reactive.NacosReactiveDiscoveryClient.lambda$getServices$3(NacosReactiveDiscoveryClient.java:87)
	at reactor.core.publisher.FluxDefer.subscribe(FluxDefer.java:46)
	at reactor.core.publisher.FluxSubscribeOn$SubscribeOnSubscriber.run(FluxSubscribeOn.java:194)
	at reactor.core.scheduler.WorkerTask.call(WorkerTask.java:84)
	at reactor.core.scheduler.WorkerTask.call(WorkerTask.java:37)
	at java.util.concurrent.FutureTask.run$$$capture(FutureTask.java:266)
	at java.util.concurrent.FutureTask.run(FutureTask.java)
	at java.util.concurrent.ScheduledThreadPoolExecutor$ScheduledFutureTask.access$201(ScheduledThreadPoolExecutor.java:180)
	at java.util.concurrent.ScheduledThreadPoolExecutor$ScheduledFutureTask.run(ScheduledThreadPoolExecutor.java:293)
	at java.util.concurrent.ThreadPoolExecutor.runWorker(ThreadPoolExecutor.java:1149)
	at java.util.concurrent.ThreadPoolExecutor$Worker.run(ThreadPoolExecutor.java:624)
	at java.lang.Thread.run(Thread.java:748)
12:46:22.789 [boundedElastic-19] ERROR c.a.c.n.d.r.NacosReactiveDiscoveryClient - [lambda$getServices$3,94] - get services from nacos server fail,
com.alibaba.nacos.api.exception.NacosException: Client not connected, current status:UNHEALTHY
	at com.alibaba.nacos.common.remote.client.RpcClient.request(RpcClient.java:639)
	at com.alibaba.nacos.common.remote.client.RpcClient.request(RpcClient.java:619)
	at com.alibaba.nacos.client.naming.remote.gprc.NamingGrpcClientProxy.requestToServer(NamingGrpcClientProxy.java:356)
	at com.alibaba.nacos.client.naming.remote.gprc.NamingGrpcClientProxy.getServiceList(NamingGrpcClientProxy.java:282)
	at com.alibaba.nacos.client.naming.remote.NamingClientProxyDelegate.getServiceList(NamingClientProxyDelegate.java:162)
	at com.alibaba.nacos.client.naming.NacosNamingService.getServicesOfServer(NacosNamingService.java:461)
	at com.alibaba.nacos.client.naming.NacosNamingService.getServicesOfServer(NacosNamingService.java:449)
	at com.alibaba.cloud.nacos.discovery.NacosServiceDiscovery.getServices(NacosServiceDiscovery.java:70)
	at com.alibaba.cloud.nacos.discovery.reactive.NacosReactiveDiscoveryClient.lambda$getServices$3(NacosReactiveDiscoveryClient.java:87)
	at reactor.core.publisher.FluxDefer.subscribe(FluxDefer.java:46)
	at reactor.core.publisher.FluxSubscribeOn$SubscribeOnSubscriber.run(FluxSubscribeOn.java:194)
	at reactor.core.scheduler.WorkerTask.call(WorkerTask.java:84)
	at reactor.core.scheduler.WorkerTask.call(WorkerTask.java:37)
	at java.util.concurrent.FutureTask.run$$$capture(FutureTask.java:266)
	at java.util.concurrent.FutureTask.run(FutureTask.java)
	at java.util.concurrent.ScheduledThreadPoolExecutor$ScheduledFutureTask.access$201(ScheduledThreadPoolExecutor.java:180)
	at java.util.concurrent.ScheduledThreadPoolExecutor$ScheduledFutureTask.run(ScheduledThreadPoolExecutor.java:293)
	at java.util.concurrent.ThreadPoolExecutor.runWorker(ThreadPoolExecutor.java:1149)
	at java.util.concurrent.ThreadPoolExecutor$Worker.run(ThreadPoolExecutor.java:624)
	at java.lang.Thread.run(Thread.java:748)
12:46:22.789 [boundedElastic-35] ERROR c.a.c.n.d.r.NacosReactiveDiscoveryClient - [lambda$getServices$3,94] - get services from nacos server fail,
com.alibaba.nacos.api.exception.NacosException: Client not connected, current status:UNHEALTHY
	at com.alibaba.nacos.common.remote.client.RpcClient.request(RpcClient.java:639)
	at com.alibaba.nacos.common.remote.client.RpcClient.request(RpcClient.java:619)
	at com.alibaba.nacos.client.naming.remote.gprc.NamingGrpcClientProxy.requestToServer(NamingGrpcClientProxy.java:356)
	at com.alibaba.nacos.client.naming.remote.gprc.NamingGrpcClientProxy.getServiceList(NamingGrpcClientProxy.java:282)
	at com.alibaba.nacos.client.naming.remote.NamingClientProxyDelegate.getServiceList(NamingClientProxyDelegate.java:162)
	at com.alibaba.nacos.client.naming.NacosNamingService.getServicesOfServer(NacosNamingService.java:461)
	at com.alibaba.nacos.client.naming.NacosNamingService.getServicesOfServer(NacosNamingService.java:449)
	at com.alibaba.cloud.nacos.discovery.NacosServiceDiscovery.getServices(NacosServiceDiscovery.java:70)
	at com.alibaba.cloud.nacos.discovery.reactive.NacosReactiveDiscoveryClient.lambda$getServices$3(NacosReactiveDiscoveryClient.java:87)
	at reactor.core.publisher.FluxDefer.subscribe(FluxDefer.java:46)
	at reactor.core.publisher.FluxSubscribeOn$SubscribeOnSubscriber.run(FluxSubscribeOn.java:194)
	at reactor.core.scheduler.WorkerTask.call(WorkerTask.java:84)
	at reactor.core.scheduler.WorkerTask.call(WorkerTask.java:37)
	at java.util.concurrent.FutureTask.run$$$capture(FutureTask.java:266)
	at java.util.concurrent.FutureTask.run(FutureTask.java)
	at java.util.concurrent.ScheduledThreadPoolExecutor$ScheduledFutureTask.access$201(ScheduledThreadPoolExecutor.java:180)
	at java.util.concurrent.ScheduledThreadPoolExecutor$ScheduledFutureTask.run(ScheduledThreadPoolExecutor.java:293)
	at java.util.concurrent.ThreadPoolExecutor.runWorker(ThreadPoolExecutor.java:1149)
	at java.util.concurrent.ThreadPoolExecutor$Worker.run(ThreadPoolExecutor.java:624)
	at java.lang.Thread.run(Thread.java:748)
12:46:52.793 [boundedElastic-35] ERROR c.a.c.n.d.r.NacosReactiveDiscoveryClient - [lambda$getServices$3,94] - get services from nacos server fail,
com.alibaba.nacos.api.exception.NacosException: Client not connected, current status:UNHEALTHY
	at com.alibaba.nacos.common.remote.client.RpcClient.request(RpcClient.java:639)
	at com.alibaba.nacos.common.remote.client.RpcClient.request(RpcClient.java:619)
	at com.alibaba.nacos.client.naming.remote.gprc.NamingGrpcClientProxy.requestToServer(NamingGrpcClientProxy.java:356)
	at com.alibaba.nacos.client.naming.remote.gprc.NamingGrpcClientProxy.getServiceList(NamingGrpcClientProxy.java:282)
	at com.alibaba.nacos.client.naming.remote.NamingClientProxyDelegate.getServiceList(NamingClientProxyDelegate.java:162)
	at com.alibaba.nacos.client.naming.NacosNamingService.getServicesOfServer(NacosNamingService.java:461)
	at com.alibaba.nacos.client.naming.NacosNamingService.getServicesOfServer(NacosNamingService.java:449)
	at com.alibaba.cloud.nacos.discovery.NacosServiceDiscovery.getServices(NacosServiceDiscovery.java:70)
	at com.alibaba.cloud.nacos.discovery.reactive.NacosReactiveDiscoveryClient.lambda$getServices$3(NacosReactiveDiscoveryClient.java:87)
	at reactor.core.publisher.FluxDefer.subscribe(FluxDefer.java:46)
	at reactor.core.publisher.FluxSubscribeOn$SubscribeOnSubscriber.run(FluxSubscribeOn.java:194)
	at reactor.core.scheduler.WorkerTask.call(WorkerTask.java:84)
	at reactor.core.scheduler.WorkerTask.call(WorkerTask.java:37)
	at java.util.concurrent.FutureTask.run$$$capture(FutureTask.java:266)
	at java.util.concurrent.FutureTask.run(FutureTask.java)
	at java.util.concurrent.ScheduledThreadPoolExecutor$ScheduledFutureTask.access$201(ScheduledThreadPoolExecutor.java:180)
	at java.util.concurrent.ScheduledThreadPoolExecutor$ScheduledFutureTask.run(ScheduledThreadPoolExecutor.java:293)
	at java.util.concurrent.ThreadPoolExecutor.runWorker(ThreadPoolExecutor.java:1149)
	at java.util.concurrent.ThreadPoolExecutor$Worker.run(ThreadPoolExecutor.java:624)
	at java.lang.Thread.run(Thread.java:748)
12:46:52.794 [boundedElastic-19] ERROR c.a.c.n.d.r.NacosReactiveDiscoveryClient - [lambda$getServices$3,94] - get services from nacos server fail,
com.alibaba.nacos.api.exception.NacosException: Client not connected, current status:UNHEALTHY
	at com.alibaba.nacos.common.remote.client.RpcClient.request(RpcClient.java:639)
	at com.alibaba.nacos.common.remote.client.RpcClient.request(RpcClient.java:619)
	at com.alibaba.nacos.client.naming.remote.gprc.NamingGrpcClientProxy.requestToServer(NamingGrpcClientProxy.java:356)
	at com.alibaba.nacos.client.naming.remote.gprc.NamingGrpcClientProxy.getServiceList(NamingGrpcClientProxy.java:282)
	at com.alibaba.nacos.client.naming.remote.NamingClientProxyDelegate.getServiceList(NamingClientProxyDelegate.java:162)
	at com.alibaba.nacos.client.naming.NacosNamingService.getServicesOfServer(NacosNamingService.java:461)
	at com.alibaba.nacos.client.naming.NacosNamingService.getServicesOfServer(NacosNamingService.java:449)
	at com.alibaba.cloud.nacos.discovery.NacosServiceDiscovery.getServices(NacosServiceDiscovery.java:70)
	at com.alibaba.cloud.nacos.discovery.reactive.NacosReactiveDiscoveryClient.lambda$getServices$3(NacosReactiveDiscoveryClient.java:87)
	at reactor.core.publisher.FluxDefer.subscribe(FluxDefer.java:46)
	at reactor.core.publisher.FluxSubscribeOn$SubscribeOnSubscriber.run(FluxSubscribeOn.java:194)
	at reactor.core.scheduler.WorkerTask.call(WorkerTask.java:84)
	at reactor.core.scheduler.WorkerTask.call(WorkerTask.java:37)
	at java.util.concurrent.FutureTask.run$$$capture(FutureTask.java:266)
	at java.util.concurrent.FutureTask.run(FutureTask.java)
	at java.util.concurrent.ScheduledThreadPoolExecutor$ScheduledFutureTask.access$201(ScheduledThreadPoolExecutor.java:180)
	at java.util.concurrent.ScheduledThreadPoolExecutor$ScheduledFutureTask.run(ScheduledThreadPoolExecutor.java:293)
	at java.util.concurrent.ThreadPoolExecutor.runWorker(ThreadPoolExecutor.java:1149)
	at java.util.concurrent.ThreadPoolExecutor$Worker.run(ThreadPoolExecutor.java:624)
	at java.lang.Thread.run(Thread.java:748)
12:47:22.792 [boundedElastic-35] ERROR c.a.c.n.d.r.NacosReactiveDiscoveryClient - [lambda$getServices$3,94] - get services from nacos server fail,
com.alibaba.nacos.api.exception.NacosException: Client not connected, current status:UNHEALTHY
	at com.alibaba.nacos.common.remote.client.RpcClient.request(RpcClient.java:639)
	at com.alibaba.nacos.common.remote.client.RpcClient.request(RpcClient.java:619)
	at com.alibaba.nacos.client.naming.remote.gprc.NamingGrpcClientProxy.requestToServer(NamingGrpcClientProxy.java:356)
	at com.alibaba.nacos.client.naming.remote.gprc.NamingGrpcClientProxy.getServiceList(NamingGrpcClientProxy.java:282)
	at com.alibaba.nacos.client.naming.remote.NamingClientProxyDelegate.getServiceList(NamingClientProxyDelegate.java:162)
	at com.alibaba.nacos.client.naming.NacosNamingService.getServicesOfServer(NacosNamingService.java:461)
	at com.alibaba.nacos.client.naming.NacosNamingService.getServicesOfServer(NacosNamingService.java:449)
	at com.alibaba.cloud.nacos.discovery.NacosServiceDiscovery.getServices(NacosServiceDiscovery.java:70)
	at com.alibaba.cloud.nacos.discovery.reactive.NacosReactiveDiscoveryClient.lambda$getServices$3(NacosReactiveDiscoveryClient.java:87)
	at reactor.core.publisher.FluxDefer.subscribe(FluxDefer.java:46)
	at reactor.core.publisher.FluxSubscribeOn$SubscribeOnSubscriber.run(FluxSubscribeOn.java:194)
	at reactor.core.scheduler.WorkerTask.call(WorkerTask.java:84)
	at reactor.core.scheduler.WorkerTask.call(WorkerTask.java:37)
	at java.util.concurrent.FutureTask.run$$$capture(FutureTask.java:266)
	at java.util.concurrent.FutureTask.run(FutureTask.java)
	at java.util.concurrent.ScheduledThreadPoolExecutor$ScheduledFutureTask.access$201(ScheduledThreadPoolExecutor.java:180)
	at java.util.concurrent.ScheduledThreadPoolExecutor$ScheduledFutureTask.run(ScheduledThreadPoolExecutor.java:293)
	at java.util.concurrent.ThreadPoolExecutor.runWorker(ThreadPoolExecutor.java:1149)
	at java.util.concurrent.ThreadPoolExecutor$Worker.run(ThreadPoolExecutor.java:624)
	at java.lang.Thread.run(Thread.java:748)
12:47:22.792 [boundedElastic-19] ERROR c.a.c.n.d.r.NacosReactiveDiscoveryClient - [lambda$getServices$3,94] - get services from nacos server fail,
com.alibaba.nacos.api.exception.NacosException: Client not connected, current status:UNHEALTHY
	at com.alibaba.nacos.common.remote.client.RpcClient.request(RpcClient.java:639)
	at com.alibaba.nacos.common.remote.client.RpcClient.request(RpcClient.java:619)
	at com.alibaba.nacos.client.naming.remote.gprc.NamingGrpcClientProxy.requestToServer(NamingGrpcClientProxy.java:356)
	at com.alibaba.nacos.client.naming.remote.gprc.NamingGrpcClientProxy.getServiceList(NamingGrpcClientProxy.java:282)
	at com.alibaba.nacos.client.naming.remote.NamingClientProxyDelegate.getServiceList(NamingClientProxyDelegate.java:162)
	at com.alibaba.nacos.client.naming.NacosNamingService.getServicesOfServer(NacosNamingService.java:461)
	at com.alibaba.nacos.client.naming.NacosNamingService.getServicesOfServer(NacosNamingService.java:449)
	at com.alibaba.cloud.nacos.discovery.NacosServiceDiscovery.getServices(NacosServiceDiscovery.java:70)
	at com.alibaba.cloud.nacos.discovery.reactive.NacosReactiveDiscoveryClient.lambda$getServices$3(NacosReactiveDiscoveryClient.java:87)
	at reactor.core.publisher.FluxDefer.subscribe(FluxDefer.java:46)
	at reactor.core.publisher.FluxSubscribeOn$SubscribeOnSubscriber.run(FluxSubscribeOn.java:194)
	at reactor.core.scheduler.WorkerTask.call(WorkerTask.java:84)
	at reactor.core.scheduler.WorkerTask.call(WorkerTask.java:37)
	at java.util.concurrent.FutureTask.run$$$capture(FutureTask.java:266)
	at java.util.concurrent.FutureTask.run(FutureTask.java)
	at java.util.concurrent.ScheduledThreadPoolExecutor$ScheduledFutureTask.access$201(ScheduledThreadPoolExecutor.java:180)
	at java.util.concurrent.ScheduledThreadPoolExecutor$ScheduledFutureTask.run(ScheduledThreadPoolExecutor.java:293)
	at java.util.concurrent.ThreadPoolExecutor.runWorker(ThreadPoolExecutor.java:1149)
	at java.util.concurrent.ThreadPoolExecutor$Worker.run(ThreadPoolExecutor.java:624)
	at java.lang.Thread.run(Thread.java:748)
12:47:52.796 [boundedElastic-35] ERROR c.a.c.n.d.r.NacosReactiveDiscoveryClient - [lambda$getServices$3,94] - get services from nacos server fail,
com.alibaba.nacos.api.exception.NacosException: Client not connected, current status:UNHEALTHY
	at com.alibaba.nacos.common.remote.client.RpcClient.request(RpcClient.java:639)
	at com.alibaba.nacos.common.remote.client.RpcClient.request(RpcClient.java:619)
	at com.alibaba.nacos.client.naming.remote.gprc.NamingGrpcClientProxy.requestToServer(NamingGrpcClientProxy.java:356)
	at com.alibaba.nacos.client.naming.remote.gprc.NamingGrpcClientProxy.getServiceList(NamingGrpcClientProxy.java:282)
	at com.alibaba.nacos.client.naming.remote.NamingClientProxyDelegate.getServiceList(NamingClientProxyDelegate.java:162)
	at com.alibaba.nacos.client.naming.NacosNamingService.getServicesOfServer(NacosNamingService.java:461)
	at com.alibaba.nacos.client.naming.NacosNamingService.getServicesOfServer(NacosNamingService.java:449)
	at com.alibaba.cloud.nacos.discovery.NacosServiceDiscovery.getServices(NacosServiceDiscovery.java:70)
	at com.alibaba.cloud.nacos.discovery.reactive.NacosReactiveDiscoveryClient.lambda$getServices$3(NacosReactiveDiscoveryClient.java:87)
	at reactor.core.publisher.FluxDefer.subscribe(FluxDefer.java:46)
	at reactor.core.publisher.FluxSubscribeOn$SubscribeOnSubscriber.run(FluxSubscribeOn.java:194)
	at reactor.core.scheduler.WorkerTask.call(WorkerTask.java:84)
	at reactor.core.scheduler.WorkerTask.call(WorkerTask.java:37)
	at java.util.concurrent.FutureTask.run$$$capture(FutureTask.java:266)
	at java.util.concurrent.FutureTask.run(FutureTask.java)
	at java.util.concurrent.ScheduledThreadPoolExecutor$ScheduledFutureTask.access$201(ScheduledThreadPoolExecutor.java:180)
	at java.util.concurrent.ScheduledThreadPoolExecutor$ScheduledFutureTask.run(ScheduledThreadPoolExecutor.java:293)
	at java.util.concurrent.ThreadPoolExecutor.runWorker(ThreadPoolExecutor.java:1149)
	at java.util.concurrent.ThreadPoolExecutor$Worker.run(ThreadPoolExecutor.java:624)
	at java.lang.Thread.run(Thread.java:748)
12:47:52.799 [boundedElastic-19] ERROR c.a.c.n.d.r.NacosReactiveDiscoveryClient - [lambda$getServices$3,94] - get services from nacos server fail,
com.alibaba.nacos.api.exception.NacosException: Client not connected, current status:UNHEALTHY
	at com.alibaba.nacos.common.remote.client.RpcClient.request(RpcClient.java:639)
	at com.alibaba.nacos.common.remote.client.RpcClient.request(RpcClient.java:619)
	at com.alibaba.nacos.client.naming.remote.gprc.NamingGrpcClientProxy.requestToServer(NamingGrpcClientProxy.java:356)
	at com.alibaba.nacos.client.naming.remote.gprc.NamingGrpcClientProxy.getServiceList(NamingGrpcClientProxy.java:282)
	at com.alibaba.nacos.client.naming.remote.NamingClientProxyDelegate.getServiceList(NamingClientProxyDelegate.java:162)
	at com.alibaba.nacos.client.naming.NacosNamingService.getServicesOfServer(NacosNamingService.java:461)
	at com.alibaba.nacos.client.naming.NacosNamingService.getServicesOfServer(NacosNamingService.java:449)
	at com.alibaba.cloud.nacos.discovery.NacosServiceDiscovery.getServices(NacosServiceDiscovery.java:70)
	at com.alibaba.cloud.nacos.discovery.reactive.NacosReactiveDiscoveryClient.lambda$getServices$3(NacosReactiveDiscoveryClient.java:87)
	at reactor.core.publisher.FluxDefer.subscribe(FluxDefer.java:46)
	at reactor.core.publisher.FluxSubscribeOn$SubscribeOnSubscriber.run(FluxSubscribeOn.java:194)
	at reactor.core.scheduler.WorkerTask.call(WorkerTask.java:84)
	at reactor.core.scheduler.WorkerTask.call(WorkerTask.java:37)
	at java.util.concurrent.FutureTask.run$$$capture(FutureTask.java:266)
	at java.util.concurrent.FutureTask.run(FutureTask.java)
	at java.util.concurrent.ScheduledThreadPoolExecutor$ScheduledFutureTask.access$201(ScheduledThreadPoolExecutor.java:180)
	at java.util.concurrent.ScheduledThreadPoolExecutor$ScheduledFutureTask.run(ScheduledThreadPoolExecutor.java:293)
	at java.util.concurrent.ThreadPoolExecutor.runWorker(ThreadPoolExecutor.java:1149)
	at java.util.concurrent.ThreadPoolExecutor$Worker.run(ThreadPoolExecutor.java:624)
	at java.lang.Thread.run(Thread.java:748)
12:48:22.802 [boundedElastic-35] ERROR c.a.c.n.d.r.NacosReactiveDiscoveryClient - [lambda$getServices$3,94] - get services from nacos server fail,
com.alibaba.nacos.api.exception.NacosException: Client not connected, current status:UNHEALTHY
	at com.alibaba.nacos.common.remote.client.RpcClient.request(RpcClient.java:639)
	at com.alibaba.nacos.common.remote.client.RpcClient.request(RpcClient.java:619)
	at com.alibaba.nacos.client.naming.remote.gprc.NamingGrpcClientProxy.requestToServer(NamingGrpcClientProxy.java:356)
	at com.alibaba.nacos.client.naming.remote.gprc.NamingGrpcClientProxy.getServiceList(NamingGrpcClientProxy.java:282)
	at com.alibaba.nacos.client.naming.remote.NamingClientProxyDelegate.getServiceList(NamingClientProxyDelegate.java:162)
	at com.alibaba.nacos.client.naming.NacosNamingService.getServicesOfServer(NacosNamingService.java:461)
	at com.alibaba.nacos.client.naming.NacosNamingService.getServicesOfServer(NacosNamingService.java:449)
	at com.alibaba.cloud.nacos.discovery.NacosServiceDiscovery.getServices(NacosServiceDiscovery.java:70)
	at com.alibaba.cloud.nacos.discovery.reactive.NacosReactiveDiscoveryClient.lambda$getServices$3(NacosReactiveDiscoveryClient.java:87)
	at reactor.core.publisher.FluxDefer.subscribe(FluxDefer.java:46)
	at reactor.core.publisher.FluxSubscribeOn$SubscribeOnSubscriber.run(FluxSubscribeOn.java:194)
	at reactor.core.scheduler.WorkerTask.call(WorkerTask.java:84)
	at reactor.core.scheduler.WorkerTask.call(WorkerTask.java:37)
	at java.util.concurrent.FutureTask.run$$$capture(FutureTask.java:266)
	at java.util.concurrent.FutureTask.run(FutureTask.java)
	at java.util.concurrent.ScheduledThreadPoolExecutor$ScheduledFutureTask.access$201(ScheduledThreadPoolExecutor.java:180)
	at java.util.concurrent.ScheduledThreadPoolExecutor$ScheduledFutureTask.run(ScheduledThreadPoolExecutor.java:293)
	at java.util.concurrent.ThreadPoolExecutor.runWorker(ThreadPoolExecutor.java:1149)
	at java.util.concurrent.ThreadPoolExecutor$Worker.run(ThreadPoolExecutor.java:624)
	at java.lang.Thread.run(Thread.java:748)
12:48:22.802 [boundedElastic-19] ERROR c.a.c.n.d.r.NacosReactiveDiscoveryClient - [lambda$getServices$3,94] - get services from nacos server fail,
com.alibaba.nacos.api.exception.NacosException: Client not connected, current status:UNHEALTHY
	at com.alibaba.nacos.common.remote.client.RpcClient.request(RpcClient.java:639)
	at com.alibaba.nacos.common.remote.client.RpcClient.request(RpcClient.java:619)
	at com.alibaba.nacos.client.naming.remote.gprc.NamingGrpcClientProxy.requestToServer(NamingGrpcClientProxy.java:356)
	at com.alibaba.nacos.client.naming.remote.gprc.NamingGrpcClientProxy.getServiceList(NamingGrpcClientProxy.java:282)
	at com.alibaba.nacos.client.naming.remote.NamingClientProxyDelegate.getServiceList(NamingClientProxyDelegate.java:162)
	at com.alibaba.nacos.client.naming.NacosNamingService.getServicesOfServer(NacosNamingService.java:461)
	at com.alibaba.nacos.client.naming.NacosNamingService.getServicesOfServer(NacosNamingService.java:449)
	at com.alibaba.cloud.nacos.discovery.NacosServiceDiscovery.getServices(NacosServiceDiscovery.java:70)
	at com.alibaba.cloud.nacos.discovery.reactive.NacosReactiveDiscoveryClient.lambda$getServices$3(NacosReactiveDiscoveryClient.java:87)
	at reactor.core.publisher.FluxDefer.subscribe(FluxDefer.java:46)
	at reactor.core.publisher.FluxSubscribeOn$SubscribeOnSubscriber.run(FluxSubscribeOn.java:194)
	at reactor.core.scheduler.WorkerTask.call(WorkerTask.java:84)
	at reactor.core.scheduler.WorkerTask.call(WorkerTask.java:37)
	at java.util.concurrent.FutureTask.run$$$capture(FutureTask.java:266)
	at java.util.concurrent.FutureTask.run(FutureTask.java)
	at java.util.concurrent.ScheduledThreadPoolExecutor$ScheduledFutureTask.access$201(ScheduledThreadPoolExecutor.java:180)
	at java.util.concurrent.ScheduledThreadPoolExecutor$ScheduledFutureTask.run(ScheduledThreadPoolExecutor.java:293)
	at java.util.concurrent.ThreadPoolExecutor.runWorker(ThreadPoolExecutor.java:1149)
	at java.util.concurrent.ThreadPoolExecutor$Worker.run(ThreadPoolExecutor.java:624)
	at java.lang.Thread.run(Thread.java:748)
12:48:52.799 [boundedElastic-35] ERROR c.a.c.n.d.r.NacosReactiveDiscoveryClient - [lambda$getServices$3,94] - get services from nacos server fail,
com.alibaba.nacos.api.exception.NacosException: Client not connected, current status:UNHEALTHY
	at com.alibaba.nacos.common.remote.client.RpcClient.request(RpcClient.java:639)
	at com.alibaba.nacos.common.remote.client.RpcClient.request(RpcClient.java:619)
	at com.alibaba.nacos.client.naming.remote.gprc.NamingGrpcClientProxy.requestToServer(NamingGrpcClientProxy.java:356)
	at com.alibaba.nacos.client.naming.remote.gprc.NamingGrpcClientProxy.getServiceList(NamingGrpcClientProxy.java:282)
	at com.alibaba.nacos.client.naming.remote.NamingClientProxyDelegate.getServiceList(NamingClientProxyDelegate.java:162)
	at com.alibaba.nacos.client.naming.NacosNamingService.getServicesOfServer(NacosNamingService.java:461)
	at com.alibaba.nacos.client.naming.NacosNamingService.getServicesOfServer(NacosNamingService.java:449)
	at com.alibaba.cloud.nacos.discovery.NacosServiceDiscovery.getServices(NacosServiceDiscovery.java:70)
	at com.alibaba.cloud.nacos.discovery.reactive.NacosReactiveDiscoveryClient.lambda$getServices$3(NacosReactiveDiscoveryClient.java:87)
	at reactor.core.publisher.FluxDefer.subscribe(FluxDefer.java:46)
	at reactor.core.publisher.FluxSubscribeOn$SubscribeOnSubscriber.run(FluxSubscribeOn.java:194)
	at reactor.core.scheduler.WorkerTask.call(WorkerTask.java:84)
	at reactor.core.scheduler.WorkerTask.call(WorkerTask.java:37)
	at java.util.concurrent.FutureTask.run$$$capture(FutureTask.java:266)
	at java.util.concurrent.FutureTask.run(FutureTask.java)
	at java.util.concurrent.ScheduledThreadPoolExecutor$ScheduledFutureTask.access$201(ScheduledThreadPoolExecutor.java:180)
	at java.util.concurrent.ScheduledThreadPoolExecutor$ScheduledFutureTask.run(ScheduledThreadPoolExecutor.java:293)
	at java.util.concurrent.ThreadPoolExecutor.runWorker(ThreadPoolExecutor.java:1149)
	at java.util.concurrent.ThreadPoolExecutor$Worker.run(ThreadPoolExecutor.java:624)
	at java.lang.Thread.run(Thread.java:748)
12:48:52.799 [boundedElastic-19] ERROR c.a.c.n.d.r.NacosReactiveDiscoveryClient - [lambda$getServices$3,94] - get services from nacos server fail,
com.alibaba.nacos.api.exception.NacosException: Client not connected, current status:UNHEALTHY
	at com.alibaba.nacos.common.remote.client.RpcClient.request(RpcClient.java:639)
	at com.alibaba.nacos.common.remote.client.RpcClient.request(RpcClient.java:619)
	at com.alibaba.nacos.client.naming.remote.gprc.NamingGrpcClientProxy.requestToServer(NamingGrpcClientProxy.java:356)
	at com.alibaba.nacos.client.naming.remote.gprc.NamingGrpcClientProxy.getServiceList(NamingGrpcClientProxy.java:282)
	at com.alibaba.nacos.client.naming.remote.NamingClientProxyDelegate.getServiceList(NamingClientProxyDelegate.java:162)
	at com.alibaba.nacos.client.naming.NacosNamingService.getServicesOfServer(NacosNamingService.java:461)
	at com.alibaba.nacos.client.naming.NacosNamingService.getServicesOfServer(NacosNamingService.java:449)
	at com.alibaba.cloud.nacos.discovery.NacosServiceDiscovery.getServices(NacosServiceDiscovery.java:70)
	at com.alibaba.cloud.nacos.discovery.reactive.NacosReactiveDiscoveryClient.lambda$getServices$3(NacosReactiveDiscoveryClient.java:87)
	at reactor.core.publisher.FluxDefer.subscribe(FluxDefer.java:46)
	at reactor.core.publisher.FluxSubscribeOn$SubscribeOnSubscriber.run(FluxSubscribeOn.java:194)
	at reactor.core.scheduler.WorkerTask.call(WorkerTask.java:84)
	at reactor.core.scheduler.WorkerTask.call(WorkerTask.java:37)
	at java.util.concurrent.FutureTask.run$$$capture(FutureTask.java:266)
	at java.util.concurrent.FutureTask.run(FutureTask.java)
	at java.util.concurrent.ScheduledThreadPoolExecutor$ScheduledFutureTask.access$201(ScheduledThreadPoolExecutor.java:180)
	at java.util.concurrent.ScheduledThreadPoolExecutor$ScheduledFutureTask.run(ScheduledThreadPoolExecutor.java:293)
	at java.util.concurrent.ThreadPoolExecutor.runWorker(ThreadPoolExecutor.java:1149)
	at java.util.concurrent.ThreadPoolExecutor$Worker.run(ThreadPoolExecutor.java:624)
	at java.lang.Thread.run(Thread.java:748)
12:49:22.803 [boundedElastic-35] ERROR c.a.c.n.d.r.NacosReactiveDiscoveryClient - [lambda$getServices$3,94] - get services from nacos server fail,
com.alibaba.nacos.api.exception.NacosException: Client not connected, current status:UNHEALTHY
	at com.alibaba.nacos.common.remote.client.RpcClient.request(RpcClient.java:639)
	at com.alibaba.nacos.common.remote.client.RpcClient.request(RpcClient.java:619)
	at com.alibaba.nacos.client.naming.remote.gprc.NamingGrpcClientProxy.requestToServer(NamingGrpcClientProxy.java:356)
	at com.alibaba.nacos.client.naming.remote.gprc.NamingGrpcClientProxy.getServiceList(NamingGrpcClientProxy.java:282)
	at com.alibaba.nacos.client.naming.remote.NamingClientProxyDelegate.getServiceList(NamingClientProxyDelegate.java:162)
	at com.alibaba.nacos.client.naming.NacosNamingService.getServicesOfServer(NacosNamingService.java:461)
	at com.alibaba.nacos.client.naming.NacosNamingService.getServicesOfServer(NacosNamingService.java:449)
	at com.alibaba.cloud.nacos.discovery.NacosServiceDiscovery.getServices(NacosServiceDiscovery.java:70)
	at com.alibaba.cloud.nacos.discovery.reactive.NacosReactiveDiscoveryClient.lambda$getServices$3(NacosReactiveDiscoveryClient.java:87)
	at reactor.core.publisher.FluxDefer.subscribe(FluxDefer.java:46)
	at reactor.core.publisher.FluxSubscribeOn$SubscribeOnSubscriber.run(FluxSubscribeOn.java:194)
	at reactor.core.scheduler.WorkerTask.call(WorkerTask.java:84)
	at reactor.core.scheduler.WorkerTask.call(WorkerTask.java:37)
	at java.util.concurrent.FutureTask.run$$$capture(FutureTask.java:266)
	at java.util.concurrent.FutureTask.run(FutureTask.java)
	at java.util.concurrent.ScheduledThreadPoolExecutor$ScheduledFutureTask.access$201(ScheduledThreadPoolExecutor.java:180)
	at java.util.concurrent.ScheduledThreadPoolExecutor$ScheduledFutureTask.run(ScheduledThreadPoolExecutor.java:293)
	at java.util.concurrent.ThreadPoolExecutor.runWorker(ThreadPoolExecutor.java:1149)
	at java.util.concurrent.ThreadPoolExecutor$Worker.run(ThreadPoolExecutor.java:624)
	at java.lang.Thread.run(Thread.java:748)
12:49:22.803 [boundedElastic-19] ERROR c.a.c.n.d.r.NacosReactiveDiscoveryClient - [lambda$getServices$3,94] - get services from nacos server fail,
com.alibaba.nacos.api.exception.NacosException: Client not connected, current status:UNHEALTHY
	at com.alibaba.nacos.common.remote.client.RpcClient.request(RpcClient.java:639)
	at com.alibaba.nacos.common.remote.client.RpcClient.request(RpcClient.java:619)
	at com.alibaba.nacos.client.naming.remote.gprc.NamingGrpcClientProxy.requestToServer(NamingGrpcClientProxy.java:356)
	at com.alibaba.nacos.client.naming.remote.gprc.NamingGrpcClientProxy.getServiceList(NamingGrpcClientProxy.java:282)
	at com.alibaba.nacos.client.naming.remote.NamingClientProxyDelegate.getServiceList(NamingClientProxyDelegate.java:162)
	at com.alibaba.nacos.client.naming.NacosNamingService.getServicesOfServer(NacosNamingService.java:461)
	at com.alibaba.nacos.client.naming.NacosNamingService.getServicesOfServer(NacosNamingService.java:449)
	at com.alibaba.cloud.nacos.discovery.NacosServiceDiscovery.getServices(NacosServiceDiscovery.java:70)
	at com.alibaba.cloud.nacos.discovery.reactive.NacosReactiveDiscoveryClient.lambda$getServices$3(NacosReactiveDiscoveryClient.java:87)
	at reactor.core.publisher.FluxDefer.subscribe(FluxDefer.java:46)
	at reactor.core.publisher.FluxSubscribeOn$SubscribeOnSubscriber.run(FluxSubscribeOn.java:194)
	at reactor.core.scheduler.WorkerTask.call(WorkerTask.java:84)
	at reactor.core.scheduler.WorkerTask.call(WorkerTask.java:37)
	at java.util.concurrent.FutureTask.run$$$capture(FutureTask.java:266)
	at java.util.concurrent.FutureTask.run(FutureTask.java)
	at java.util.concurrent.ScheduledThreadPoolExecutor$ScheduledFutureTask.access$201(ScheduledThreadPoolExecutor.java:180)
	at java.util.concurrent.ScheduledThreadPoolExecutor$ScheduledFutureTask.run(ScheduledThreadPoolExecutor.java:293)
	at java.util.concurrent.ThreadPoolExecutor.runWorker(ThreadPoolExecutor.java:1149)
	at java.util.concurrent.ThreadPoolExecutor$Worker.run(ThreadPoolExecutor.java:624)
	at java.lang.Thread.run(Thread.java:748)
12:49:52.803 [boundedElastic-35] ERROR c.a.c.n.d.r.NacosReactiveDiscoveryClient - [lambda$getServices$3,94] - get services from nacos server fail,
com.alibaba.nacos.api.exception.NacosException: Client not connected, current status:UNHEALTHY
	at com.alibaba.nacos.common.remote.client.RpcClient.request(RpcClient.java:639)
	at com.alibaba.nacos.common.remote.client.RpcClient.request(RpcClient.java:619)
	at com.alibaba.nacos.client.naming.remote.gprc.NamingGrpcClientProxy.requestToServer(NamingGrpcClientProxy.java:356)
	at com.alibaba.nacos.client.naming.remote.gprc.NamingGrpcClientProxy.getServiceList(NamingGrpcClientProxy.java:282)
	at com.alibaba.nacos.client.naming.remote.NamingClientProxyDelegate.getServiceList(NamingClientProxyDelegate.java:162)
	at com.alibaba.nacos.client.naming.NacosNamingService.getServicesOfServer(NacosNamingService.java:461)
	at com.alibaba.nacos.client.naming.NacosNamingService.getServicesOfServer(NacosNamingService.java:449)
	at com.alibaba.cloud.nacos.discovery.NacosServiceDiscovery.getServices(NacosServiceDiscovery.java:70)
	at com.alibaba.cloud.nacos.discovery.reactive.NacosReactiveDiscoveryClient.lambda$getServices$3(NacosReactiveDiscoveryClient.java:87)
	at reactor.core.publisher.FluxDefer.subscribe(FluxDefer.java:46)
	at reactor.core.publisher.FluxSubscribeOn$SubscribeOnSubscriber.run(FluxSubscribeOn.java:194)
	at reactor.core.scheduler.WorkerTask.call(WorkerTask.java:84)
	at reactor.core.scheduler.WorkerTask.call(WorkerTask.java:37)
	at java.util.concurrent.FutureTask.run$$$capture(FutureTask.java:266)
	at java.util.concurrent.FutureTask.run(FutureTask.java)
	at java.util.concurrent.ScheduledThreadPoolExecutor$ScheduledFutureTask.access$201(ScheduledThreadPoolExecutor.java:180)
	at java.util.concurrent.ScheduledThreadPoolExecutor$ScheduledFutureTask.run(ScheduledThreadPoolExecutor.java:293)
	at java.util.concurrent.ThreadPoolExecutor.runWorker(ThreadPoolExecutor.java:1149)
	at java.util.concurrent.ThreadPoolExecutor$Worker.run(ThreadPoolExecutor.java:624)
	at java.lang.Thread.run(Thread.java:748)
12:49:52.803 [boundedElastic-19] ERROR c.a.c.n.d.r.NacosReactiveDiscoveryClient - [lambda$getServices$3,94] - get services from nacos server fail,
com.alibaba.nacos.api.exception.NacosException: Client not connected, current status:UNHEALTHY
	at com.alibaba.nacos.common.remote.client.RpcClient.request(RpcClient.java:639)
	at com.alibaba.nacos.common.remote.client.RpcClient.request(RpcClient.java:619)
	at com.alibaba.nacos.client.naming.remote.gprc.NamingGrpcClientProxy.requestToServer(NamingGrpcClientProxy.java:356)
	at com.alibaba.nacos.client.naming.remote.gprc.NamingGrpcClientProxy.getServiceList(NamingGrpcClientProxy.java:282)
	at com.alibaba.nacos.client.naming.remote.NamingClientProxyDelegate.getServiceList(NamingClientProxyDelegate.java:162)
	at com.alibaba.nacos.client.naming.NacosNamingService.getServicesOfServer(NacosNamingService.java:461)
	at com.alibaba.nacos.client.naming.NacosNamingService.getServicesOfServer(NacosNamingService.java:449)
	at com.alibaba.cloud.nacos.discovery.NacosServiceDiscovery.getServices(NacosServiceDiscovery.java:70)
	at com.alibaba.cloud.nacos.discovery.reactive.NacosReactiveDiscoveryClient.lambda$getServices$3(NacosReactiveDiscoveryClient.java:87)
	at reactor.core.publisher.FluxDefer.subscribe(FluxDefer.java:46)
	at reactor.core.publisher.FluxSubscribeOn$SubscribeOnSubscriber.run(FluxSubscribeOn.java:194)
	at reactor.core.scheduler.WorkerTask.call(WorkerTask.java:84)
	at reactor.core.scheduler.WorkerTask.call(WorkerTask.java:37)
	at java.util.concurrent.FutureTask.run$$$capture(FutureTask.java:266)
	at java.util.concurrent.FutureTask.run(FutureTask.java)
	at java.util.concurrent.ScheduledThreadPoolExecutor$ScheduledFutureTask.access$201(ScheduledThreadPoolExecutor.java:180)
	at java.util.concurrent.ScheduledThreadPoolExecutor$ScheduledFutureTask.run(ScheduledThreadPoolExecutor.java:293)
	at java.util.concurrent.ThreadPoolExecutor.runWorker(ThreadPoolExecutor.java:1149)
	at java.util.concurrent.ThreadPoolExecutor$Worker.run(ThreadPoolExecutor.java:624)
	at java.lang.Thread.run(Thread.java:748)
12:50:22.809 [boundedElastic-19] ERROR c.a.c.n.d.r.NacosReactiveDiscoveryClient - [lambda$getServices$3,94] - get services from nacos server fail,
com.alibaba.nacos.api.exception.NacosException: Client not connected, current status:UNHEALTHY
	at com.alibaba.nacos.common.remote.client.RpcClient.request(RpcClient.java:639)
	at com.alibaba.nacos.common.remote.client.RpcClient.request(RpcClient.java:619)
	at com.alibaba.nacos.client.naming.remote.gprc.NamingGrpcClientProxy.requestToServer(NamingGrpcClientProxy.java:356)
	at com.alibaba.nacos.client.naming.remote.gprc.NamingGrpcClientProxy.getServiceList(NamingGrpcClientProxy.java:282)
	at com.alibaba.nacos.client.naming.remote.NamingClientProxyDelegate.getServiceList(NamingClientProxyDelegate.java:162)
	at com.alibaba.nacos.client.naming.NacosNamingService.getServicesOfServer(NacosNamingService.java:461)
	at com.alibaba.nacos.client.naming.NacosNamingService.getServicesOfServer(NacosNamingService.java:449)
	at com.alibaba.cloud.nacos.discovery.NacosServiceDiscovery.getServices(NacosServiceDiscovery.java:70)
	at com.alibaba.cloud.nacos.discovery.reactive.NacosReactiveDiscoveryClient.lambda$getServices$3(NacosReactiveDiscoveryClient.java:87)
	at reactor.core.publisher.FluxDefer.subscribe(FluxDefer.java:46)
	at reactor.core.publisher.FluxSubscribeOn$SubscribeOnSubscriber.run(FluxSubscribeOn.java:194)
	at reactor.core.scheduler.WorkerTask.call(WorkerTask.java:84)
	at reactor.core.scheduler.WorkerTask.call(WorkerTask.java:37)
	at java.util.concurrent.FutureTask.run$$$capture(FutureTask.java:266)
	at java.util.concurrent.FutureTask.run(FutureTask.java)
	at java.util.concurrent.ScheduledThreadPoolExecutor$ScheduledFutureTask.access$201(ScheduledThreadPoolExecutor.java:180)
	at java.util.concurrent.ScheduledThreadPoolExecutor$ScheduledFutureTask.run(ScheduledThreadPoolExecutor.java:293)
	at java.util.concurrent.ThreadPoolExecutor.runWorker(ThreadPoolExecutor.java:1149)
	at java.util.concurrent.ThreadPoolExecutor$Worker.run(ThreadPoolExecutor.java:624)
	at java.lang.Thread.run(Thread.java:748)
12:50:22.810 [boundedElastic-35] ERROR c.a.c.n.d.r.NacosReactiveDiscoveryClient - [lambda$getServices$3,94] - get services from nacos server fail,
com.alibaba.nacos.api.exception.NacosException: Client not connected, current status:UNHEALTHY
	at com.alibaba.nacos.common.remote.client.RpcClient.request(RpcClient.java:639)
	at com.alibaba.nacos.common.remote.client.RpcClient.request(RpcClient.java:619)
	at com.alibaba.nacos.client.naming.remote.gprc.NamingGrpcClientProxy.requestToServer(NamingGrpcClientProxy.java:356)
	at com.alibaba.nacos.client.naming.remote.gprc.NamingGrpcClientProxy.getServiceList(NamingGrpcClientProxy.java:282)
	at com.alibaba.nacos.client.naming.remote.NamingClientProxyDelegate.getServiceList(NamingClientProxyDelegate.java:162)
	at com.alibaba.nacos.client.naming.NacosNamingService.getServicesOfServer(NacosNamingService.java:461)
	at com.alibaba.nacos.client.naming.NacosNamingService.getServicesOfServer(NacosNamingService.java:449)
	at com.alibaba.cloud.nacos.discovery.NacosServiceDiscovery.getServices(NacosServiceDiscovery.java:70)
	at com.alibaba.cloud.nacos.discovery.reactive.NacosReactiveDiscoveryClient.lambda$getServices$3(NacosReactiveDiscoveryClient.java:87)
	at reactor.core.publisher.FluxDefer.subscribe(FluxDefer.java:46)
	at reactor.core.publisher.FluxSubscribeOn$SubscribeOnSubscriber.run(FluxSubscribeOn.java:194)
	at reactor.core.scheduler.WorkerTask.call(WorkerTask.java:84)
	at reactor.core.scheduler.WorkerTask.call(WorkerTask.java:37)
	at java.util.concurrent.FutureTask.run$$$capture(FutureTask.java:266)
	at java.util.concurrent.FutureTask.run(FutureTask.java)
	at java.util.concurrent.ScheduledThreadPoolExecutor$ScheduledFutureTask.access$201(ScheduledThreadPoolExecutor.java:180)
	at java.util.concurrent.ScheduledThreadPoolExecutor$ScheduledFutureTask.run(ScheduledThreadPoolExecutor.java:293)
	at java.util.concurrent.ThreadPoolExecutor.runWorker(ThreadPoolExecutor.java:1149)
	at java.util.concurrent.ThreadPoolExecutor$Worker.run(ThreadPoolExecutor.java:624)
	at java.lang.Thread.run(Thread.java:748)
12:50:52.810 [boundedElastic-35] ERROR c.a.c.n.d.r.NacosReactiveDiscoveryClient - [lambda$getServices$3,94] - get services from nacos server fail,
com.alibaba.nacos.api.exception.NacosException: Client not connected, current status:UNHEALTHY
	at com.alibaba.nacos.common.remote.client.RpcClient.request(RpcClient.java:639)
	at com.alibaba.nacos.common.remote.client.RpcClient.request(RpcClient.java:619)
	at com.alibaba.nacos.client.naming.remote.gprc.NamingGrpcClientProxy.requestToServer(NamingGrpcClientProxy.java:356)
	at com.alibaba.nacos.client.naming.remote.gprc.NamingGrpcClientProxy.getServiceList(NamingGrpcClientProxy.java:282)
	at com.alibaba.nacos.client.naming.remote.NamingClientProxyDelegate.getServiceList(NamingClientProxyDelegate.java:162)
	at com.alibaba.nacos.client.naming.NacosNamingService.getServicesOfServer(NacosNamingService.java:461)
	at com.alibaba.nacos.client.naming.NacosNamingService.getServicesOfServer(NacosNamingService.java:449)
	at com.alibaba.cloud.nacos.discovery.NacosServiceDiscovery.getServices(NacosServiceDiscovery.java:70)
	at com.alibaba.cloud.nacos.discovery.reactive.NacosReactiveDiscoveryClient.lambda$getServices$3(NacosReactiveDiscoveryClient.java:87)
	at reactor.core.publisher.FluxDefer.subscribe(FluxDefer.java:46)
	at reactor.core.publisher.FluxSubscribeOn$SubscribeOnSubscriber.run(FluxSubscribeOn.java:194)
	at reactor.core.scheduler.WorkerTask.call(WorkerTask.java:84)
	at reactor.core.scheduler.WorkerTask.call(WorkerTask.java:37)
	at java.util.concurrent.FutureTask.run$$$capture(FutureTask.java:266)
	at java.util.concurrent.FutureTask.run(FutureTask.java)
	at java.util.concurrent.ScheduledThreadPoolExecutor$ScheduledFutureTask.access$201(ScheduledThreadPoolExecutor.java:180)
	at java.util.concurrent.ScheduledThreadPoolExecutor$ScheduledFutureTask.run(ScheduledThreadPoolExecutor.java:293)
	at java.util.concurrent.ThreadPoolExecutor.runWorker(ThreadPoolExecutor.java:1149)
	at java.util.concurrent.ThreadPoolExecutor$Worker.run(ThreadPoolExecutor.java:624)
	at java.lang.Thread.run(Thread.java:748)
12:50:52.810 [boundedElastic-19] ERROR c.a.c.n.d.r.NacosReactiveDiscoveryClient - [lambda$getServices$3,94] - get services from nacos server fail,
com.alibaba.nacos.api.exception.NacosException: Client not connected, current status:UNHEALTHY
	at com.alibaba.nacos.common.remote.client.RpcClient.request(RpcClient.java:639)
	at com.alibaba.nacos.common.remote.client.RpcClient.request(RpcClient.java:619)
	at com.alibaba.nacos.client.naming.remote.gprc.NamingGrpcClientProxy.requestToServer(NamingGrpcClientProxy.java:356)
	at com.alibaba.nacos.client.naming.remote.gprc.NamingGrpcClientProxy.getServiceList(NamingGrpcClientProxy.java:282)
	at com.alibaba.nacos.client.naming.remote.NamingClientProxyDelegate.getServiceList(NamingClientProxyDelegate.java:162)
	at com.alibaba.nacos.client.naming.NacosNamingService.getServicesOfServer(NacosNamingService.java:461)
	at com.alibaba.nacos.client.naming.NacosNamingService.getServicesOfServer(NacosNamingService.java:449)
	at com.alibaba.cloud.nacos.discovery.NacosServiceDiscovery.getServices(NacosServiceDiscovery.java:70)
	at com.alibaba.cloud.nacos.discovery.reactive.NacosReactiveDiscoveryClient.lambda$getServices$3(NacosReactiveDiscoveryClient.java:87)
	at reactor.core.publisher.FluxDefer.subscribe(FluxDefer.java:46)
	at reactor.core.publisher.FluxSubscribeOn$SubscribeOnSubscriber.run(FluxSubscribeOn.java:194)
	at reactor.core.scheduler.WorkerTask.call(WorkerTask.java:84)
	at reactor.core.scheduler.WorkerTask.call(WorkerTask.java:37)
	at java.util.concurrent.FutureTask.run$$$capture(FutureTask.java:266)
	at java.util.concurrent.FutureTask.run(FutureTask.java)
	at java.util.concurrent.ScheduledThreadPoolExecutor$ScheduledFutureTask.access$201(ScheduledThreadPoolExecutor.java:180)
	at java.util.concurrent.ScheduledThreadPoolExecutor$ScheduledFutureTask.run(ScheduledThreadPoolExecutor.java:293)
	at java.util.concurrent.ThreadPoolExecutor.runWorker(ThreadPoolExecutor.java:1149)
	at java.util.concurrent.ThreadPoolExecutor$Worker.run(ThreadPoolExecutor.java:624)
	at java.lang.Thread.run(Thread.java:748)
12:51:22.813 [boundedElastic-19] ERROR c.a.c.n.d.r.NacosReactiveDiscoveryClient - [lambda$getServices$3,94] - get services from nacos server fail,
com.alibaba.nacos.api.exception.NacosException: Client not connected, current status:UNHEALTHY
	at com.alibaba.nacos.common.remote.client.RpcClient.request(RpcClient.java:639)
	at com.alibaba.nacos.common.remote.client.RpcClient.request(RpcClient.java:619)
	at com.alibaba.nacos.client.naming.remote.gprc.NamingGrpcClientProxy.requestToServer(NamingGrpcClientProxy.java:356)
	at com.alibaba.nacos.client.naming.remote.gprc.NamingGrpcClientProxy.getServiceList(NamingGrpcClientProxy.java:282)
	at com.alibaba.nacos.client.naming.remote.NamingClientProxyDelegate.getServiceList(NamingClientProxyDelegate.java:162)
	at com.alibaba.nacos.client.naming.NacosNamingService.getServicesOfServer(NacosNamingService.java:461)
	at com.alibaba.nacos.client.naming.NacosNamingService.getServicesOfServer(NacosNamingService.java:449)
	at com.alibaba.cloud.nacos.discovery.NacosServiceDiscovery.getServices(NacosServiceDiscovery.java:70)
	at com.alibaba.cloud.nacos.discovery.reactive.NacosReactiveDiscoveryClient.lambda$getServices$3(NacosReactiveDiscoveryClient.java:87)
	at reactor.core.publisher.FluxDefer.subscribe(FluxDefer.java:46)
	at reactor.core.publisher.FluxSubscribeOn$SubscribeOnSubscriber.run(FluxSubscribeOn.java:194)
	at reactor.core.scheduler.WorkerTask.call(WorkerTask.java:84)
	at reactor.core.scheduler.WorkerTask.call(WorkerTask.java:37)
	at java.util.concurrent.FutureTask.run$$$capture(FutureTask.java:266)
	at java.util.concurrent.FutureTask.run(FutureTask.java)
	at java.util.concurrent.ScheduledThreadPoolExecutor$ScheduledFutureTask.access$201(ScheduledThreadPoolExecutor.java:180)
	at java.util.concurrent.ScheduledThreadPoolExecutor$ScheduledFutureTask.run(ScheduledThreadPoolExecutor.java:293)
	at java.util.concurrent.ThreadPoolExecutor.runWorker(ThreadPoolExecutor.java:1149)
	at java.util.concurrent.ThreadPoolExecutor$Worker.run(ThreadPoolExecutor.java:624)
	at java.lang.Thread.run(Thread.java:748)
12:51:22.816 [boundedElastic-35] ERROR c.a.c.n.d.r.NacosReactiveDiscoveryClient - [lambda$getServices$3,94] - get services from nacos server fail,
com.alibaba.nacos.api.exception.NacosException: Client not connected, current status:UNHEALTHY
	at com.alibaba.nacos.common.remote.client.RpcClient.request(RpcClient.java:639)
	at com.alibaba.nacos.common.remote.client.RpcClient.request(RpcClient.java:619)
	at com.alibaba.nacos.client.naming.remote.gprc.NamingGrpcClientProxy.requestToServer(NamingGrpcClientProxy.java:356)
	at com.alibaba.nacos.client.naming.remote.gprc.NamingGrpcClientProxy.getServiceList(NamingGrpcClientProxy.java:282)
	at com.alibaba.nacos.client.naming.remote.NamingClientProxyDelegate.getServiceList(NamingClientProxyDelegate.java:162)
	at com.alibaba.nacos.client.naming.NacosNamingService.getServicesOfServer(NacosNamingService.java:461)
	at com.alibaba.nacos.client.naming.NacosNamingService.getServicesOfServer(NacosNamingService.java:449)
	at com.alibaba.cloud.nacos.discovery.NacosServiceDiscovery.getServices(NacosServiceDiscovery.java:70)
	at com.alibaba.cloud.nacos.discovery.reactive.NacosReactiveDiscoveryClient.lambda$getServices$3(NacosReactiveDiscoveryClient.java:87)
	at reactor.core.publisher.FluxDefer.subscribe(FluxDefer.java:46)
	at reactor.core.publisher.FluxSubscribeOn$SubscribeOnSubscriber.run(FluxSubscribeOn.java:194)
	at reactor.core.scheduler.WorkerTask.call(WorkerTask.java:84)
	at reactor.core.scheduler.WorkerTask.call(WorkerTask.java:37)
	at java.util.concurrent.FutureTask.run$$$capture(FutureTask.java:266)
	at java.util.concurrent.FutureTask.run(FutureTask.java)
	at java.util.concurrent.ScheduledThreadPoolExecutor$ScheduledFutureTask.access$201(ScheduledThreadPoolExecutor.java:180)
	at java.util.concurrent.ScheduledThreadPoolExecutor$ScheduledFutureTask.run(ScheduledThreadPoolExecutor.java:293)
	at java.util.concurrent.ThreadPoolExecutor.runWorker(ThreadPoolExecutor.java:1149)
	at java.util.concurrent.ThreadPoolExecutor$Worker.run(ThreadPoolExecutor.java:624)
	at java.lang.Thread.run(Thread.java:748)
12:51:52.812 [boundedElastic-19] ERROR c.a.c.n.d.r.NacosReactiveDiscoveryClient - [lambda$getServices$3,94] - get services from nacos server fail,
com.alibaba.nacos.api.exception.NacosException: Client not connected, current status:UNHEALTHY
	at com.alibaba.nacos.common.remote.client.RpcClient.request(RpcClient.java:639)
	at com.alibaba.nacos.common.remote.client.RpcClient.request(RpcClient.java:619)
	at com.alibaba.nacos.client.naming.remote.gprc.NamingGrpcClientProxy.requestToServer(NamingGrpcClientProxy.java:356)
	at com.alibaba.nacos.client.naming.remote.gprc.NamingGrpcClientProxy.getServiceList(NamingGrpcClientProxy.java:282)
	at com.alibaba.nacos.client.naming.remote.NamingClientProxyDelegate.getServiceList(NamingClientProxyDelegate.java:162)
	at com.alibaba.nacos.client.naming.NacosNamingService.getServicesOfServer(NacosNamingService.java:461)
	at com.alibaba.nacos.client.naming.NacosNamingService.getServicesOfServer(NacosNamingService.java:449)
	at com.alibaba.cloud.nacos.discovery.NacosServiceDiscovery.getServices(NacosServiceDiscovery.java:70)
	at com.alibaba.cloud.nacos.discovery.reactive.NacosReactiveDiscoveryClient.lambda$getServices$3(NacosReactiveDiscoveryClient.java:87)
	at reactor.core.publisher.FluxDefer.subscribe(FluxDefer.java:46)
	at reactor.core.publisher.FluxSubscribeOn$SubscribeOnSubscriber.run(FluxSubscribeOn.java:194)
	at reactor.core.scheduler.WorkerTask.call(WorkerTask.java:84)
	at reactor.core.scheduler.WorkerTask.call(WorkerTask.java:37)
	at java.util.concurrent.FutureTask.run$$$capture(FutureTask.java:266)
	at java.util.concurrent.FutureTask.run(FutureTask.java)
	at java.util.concurrent.ScheduledThreadPoolExecutor$ScheduledFutureTask.access$201(ScheduledThreadPoolExecutor.java:180)
	at java.util.concurrent.ScheduledThreadPoolExecutor$ScheduledFutureTask.run(ScheduledThreadPoolExecutor.java:293)
	at java.util.concurrent.ThreadPoolExecutor.runWorker(ThreadPoolExecutor.java:1149)
	at java.util.concurrent.ThreadPoolExecutor$Worker.run(ThreadPoolExecutor.java:624)
	at java.lang.Thread.run(Thread.java:748)
12:51:52.812 [boundedElastic-35] ERROR c.a.c.n.d.r.NacosReactiveDiscoveryClient - [lambda$getServices$3,94] - get services from nacos server fail,
com.alibaba.nacos.api.exception.NacosException: Client not connected, current status:UNHEALTHY
	at com.alibaba.nacos.common.remote.client.RpcClient.request(RpcClient.java:639)
	at com.alibaba.nacos.common.remote.client.RpcClient.request(RpcClient.java:619)
	at com.alibaba.nacos.client.naming.remote.gprc.NamingGrpcClientProxy.requestToServer(NamingGrpcClientProxy.java:356)
	at com.alibaba.nacos.client.naming.remote.gprc.NamingGrpcClientProxy.getServiceList(NamingGrpcClientProxy.java:282)
	at com.alibaba.nacos.client.naming.remote.NamingClientProxyDelegate.getServiceList(NamingClientProxyDelegate.java:162)
	at com.alibaba.nacos.client.naming.NacosNamingService.getServicesOfServer(NacosNamingService.java:461)
	at com.alibaba.nacos.client.naming.NacosNamingService.getServicesOfServer(NacosNamingService.java:449)
	at com.alibaba.cloud.nacos.discovery.NacosServiceDiscovery.getServices(NacosServiceDiscovery.java:70)
	at com.alibaba.cloud.nacos.discovery.reactive.NacosReactiveDiscoveryClient.lambda$getServices$3(NacosReactiveDiscoveryClient.java:87)
	at reactor.core.publisher.FluxDefer.subscribe(FluxDefer.java:46)
	at reactor.core.publisher.FluxSubscribeOn$SubscribeOnSubscriber.run(FluxSubscribeOn.java:194)
	at reactor.core.scheduler.WorkerTask.call(WorkerTask.java:84)
	at reactor.core.scheduler.WorkerTask.call(WorkerTask.java:37)
	at java.util.concurrent.FutureTask.run$$$capture(FutureTask.java:266)
	at java.util.concurrent.FutureTask.run(FutureTask.java)
	at java.util.concurrent.ScheduledThreadPoolExecutor$ScheduledFutureTask.access$201(ScheduledThreadPoolExecutor.java:180)
	at java.util.concurrent.ScheduledThreadPoolExecutor$ScheduledFutureTask.run(ScheduledThreadPoolExecutor.java:293)
	at java.util.concurrent.ThreadPoolExecutor.runWorker(ThreadPoolExecutor.java:1149)
	at java.util.concurrent.ThreadPoolExecutor$Worker.run(ThreadPoolExecutor.java:624)
	at java.lang.Thread.run(Thread.java:748)
12:52:22.813 [boundedElastic-35] ERROR c.a.c.n.d.r.NacosReactiveDiscoveryClient - [lambda$getServices$3,94] - get services from nacos server fail,
com.alibaba.nacos.api.exception.NacosException: Client not connected, current status:UNHEALTHY
	at com.alibaba.nacos.common.remote.client.RpcClient.request(RpcClient.java:639)
	at com.alibaba.nacos.common.remote.client.RpcClient.request(RpcClient.java:619)
	at com.alibaba.nacos.client.naming.remote.gprc.NamingGrpcClientProxy.requestToServer(NamingGrpcClientProxy.java:356)
	at com.alibaba.nacos.client.naming.remote.gprc.NamingGrpcClientProxy.getServiceList(NamingGrpcClientProxy.java:282)
	at com.alibaba.nacos.client.naming.remote.NamingClientProxyDelegate.getServiceList(NamingClientProxyDelegate.java:162)
	at com.alibaba.nacos.client.naming.NacosNamingService.getServicesOfServer(NacosNamingService.java:461)
	at com.alibaba.nacos.client.naming.NacosNamingService.getServicesOfServer(NacosNamingService.java:449)
	at com.alibaba.cloud.nacos.discovery.NacosServiceDiscovery.getServices(NacosServiceDiscovery.java:70)
	at com.alibaba.cloud.nacos.discovery.reactive.NacosReactiveDiscoveryClient.lambda$getServices$3(NacosReactiveDiscoveryClient.java:87)
	at reactor.core.publisher.FluxDefer.subscribe(FluxDefer.java:46)
	at reactor.core.publisher.FluxSubscribeOn$SubscribeOnSubscriber.run(FluxSubscribeOn.java:194)
	at reactor.core.scheduler.WorkerTask.call(WorkerTask.java:84)
	at reactor.core.scheduler.WorkerTask.call(WorkerTask.java:37)
	at java.util.concurrent.FutureTask.run$$$capture(FutureTask.java:266)
	at java.util.concurrent.FutureTask.run(FutureTask.java)
	at java.util.concurrent.ScheduledThreadPoolExecutor$ScheduledFutureTask.access$201(ScheduledThreadPoolExecutor.java:180)
	at java.util.concurrent.ScheduledThreadPoolExecutor$ScheduledFutureTask.run(ScheduledThreadPoolExecutor.java:293)
	at java.util.concurrent.ThreadPoolExecutor.runWorker(ThreadPoolExecutor.java:1149)
	at java.util.concurrent.ThreadPoolExecutor$Worker.run(ThreadPoolExecutor.java:624)
	at java.lang.Thread.run(Thread.java:748)
12:52:22.814 [boundedElastic-19] ERROR c.a.c.n.d.r.NacosReactiveDiscoveryClient - [lambda$getServices$3,94] - get services from nacos server fail,
com.alibaba.nacos.api.exception.NacosException: Client not connected, current status:UNHEALTHY
	at com.alibaba.nacos.common.remote.client.RpcClient.request(RpcClient.java:639)
	at com.alibaba.nacos.common.remote.client.RpcClient.request(RpcClient.java:619)
	at com.alibaba.nacos.client.naming.remote.gprc.NamingGrpcClientProxy.requestToServer(NamingGrpcClientProxy.java:356)
	at com.alibaba.nacos.client.naming.remote.gprc.NamingGrpcClientProxy.getServiceList(NamingGrpcClientProxy.java:282)
	at com.alibaba.nacos.client.naming.remote.NamingClientProxyDelegate.getServiceList(NamingClientProxyDelegate.java:162)
	at com.alibaba.nacos.client.naming.NacosNamingService.getServicesOfServer(NacosNamingService.java:461)
	at com.alibaba.nacos.client.naming.NacosNamingService.getServicesOfServer(NacosNamingService.java:449)
	at com.alibaba.cloud.nacos.discovery.NacosServiceDiscovery.getServices(NacosServiceDiscovery.java:70)
	at com.alibaba.cloud.nacos.discovery.reactive.NacosReactiveDiscoveryClient.lambda$getServices$3(NacosReactiveDiscoveryClient.java:87)
	at reactor.core.publisher.FluxDefer.subscribe(FluxDefer.java:46)
	at reactor.core.publisher.FluxSubscribeOn$SubscribeOnSubscriber.run(FluxSubscribeOn.java:194)
	at reactor.core.scheduler.WorkerTask.call(WorkerTask.java:84)
	at reactor.core.scheduler.WorkerTask.call(WorkerTask.java:37)
	at java.util.concurrent.FutureTask.run$$$capture(FutureTask.java:266)
	at java.util.concurrent.FutureTask.run(FutureTask.java)
	at java.util.concurrent.ScheduledThreadPoolExecutor$ScheduledFutureTask.access$201(ScheduledThreadPoolExecutor.java:180)
	at java.util.concurrent.ScheduledThreadPoolExecutor$ScheduledFutureTask.run(ScheduledThreadPoolExecutor.java:293)
	at java.util.concurrent.ThreadPoolExecutor.runWorker(ThreadPoolExecutor.java:1149)
	at java.util.concurrent.ThreadPoolExecutor$Worker.run(ThreadPoolExecutor.java:624)
	at java.lang.Thread.run(Thread.java:748)
12:52:52.813 [boundedElastic-35] ERROR c.a.c.n.d.r.NacosReactiveDiscoveryClient - [lambda$getServices$3,94] - get services from nacos server fail,
com.alibaba.nacos.api.exception.NacosException: Client not connected, current status:UNHEALTHY
	at com.alibaba.nacos.common.remote.client.RpcClient.request(RpcClient.java:639)
	at com.alibaba.nacos.common.remote.client.RpcClient.request(RpcClient.java:619)
	at com.alibaba.nacos.client.naming.remote.gprc.NamingGrpcClientProxy.requestToServer(NamingGrpcClientProxy.java:356)
	at com.alibaba.nacos.client.naming.remote.gprc.NamingGrpcClientProxy.getServiceList(NamingGrpcClientProxy.java:282)
	at com.alibaba.nacos.client.naming.remote.NamingClientProxyDelegate.getServiceList(NamingClientProxyDelegate.java:162)
	at com.alibaba.nacos.client.naming.NacosNamingService.getServicesOfServer(NacosNamingService.java:461)
	at com.alibaba.nacos.client.naming.NacosNamingService.getServicesOfServer(NacosNamingService.java:449)
	at com.alibaba.cloud.nacos.discovery.NacosServiceDiscovery.getServices(NacosServiceDiscovery.java:70)
	at com.alibaba.cloud.nacos.discovery.reactive.NacosReactiveDiscoveryClient.lambda$getServices$3(NacosReactiveDiscoveryClient.java:87)
	at reactor.core.publisher.FluxDefer.subscribe(FluxDefer.java:46)
	at reactor.core.publisher.FluxSubscribeOn$SubscribeOnSubscriber.run(FluxSubscribeOn.java:194)
	at reactor.core.scheduler.WorkerTask.call(WorkerTask.java:84)
	at reactor.core.scheduler.WorkerTask.call(WorkerTask.java:37)
	at java.util.concurrent.FutureTask.run$$$capture(FutureTask.java:266)
	at java.util.concurrent.FutureTask.run(FutureTask.java)
	at java.util.concurrent.ScheduledThreadPoolExecutor$ScheduledFutureTask.access$201(ScheduledThreadPoolExecutor.java:180)
	at java.util.concurrent.ScheduledThreadPoolExecutor$ScheduledFutureTask.run(ScheduledThreadPoolExecutor.java:293)
	at java.util.concurrent.ThreadPoolExecutor.runWorker(ThreadPoolExecutor.java:1149)
	at java.util.concurrent.ThreadPoolExecutor$Worker.run(ThreadPoolExecutor.java:624)
	at java.lang.Thread.run(Thread.java:748)
12:52:52.814 [boundedElastic-19] ERROR c.a.c.n.d.r.NacosReactiveDiscoveryClient - [lambda$getServices$3,94] - get services from nacos server fail,
com.alibaba.nacos.api.exception.NacosException: Client not connected, current status:UNHEALTHY
	at com.alibaba.nacos.common.remote.client.RpcClient.request(RpcClient.java:639)
	at com.alibaba.nacos.common.remote.client.RpcClient.request(RpcClient.java:619)
	at com.alibaba.nacos.client.naming.remote.gprc.NamingGrpcClientProxy.requestToServer(NamingGrpcClientProxy.java:356)
	at com.alibaba.nacos.client.naming.remote.gprc.NamingGrpcClientProxy.getServiceList(NamingGrpcClientProxy.java:282)
	at com.alibaba.nacos.client.naming.remote.NamingClientProxyDelegate.getServiceList(NamingClientProxyDelegate.java:162)
	at com.alibaba.nacos.client.naming.NacosNamingService.getServicesOfServer(NacosNamingService.java:461)
	at com.alibaba.nacos.client.naming.NacosNamingService.getServicesOfServer(NacosNamingService.java:449)
	at com.alibaba.cloud.nacos.discovery.NacosServiceDiscovery.getServices(NacosServiceDiscovery.java:70)
	at com.alibaba.cloud.nacos.discovery.reactive.NacosReactiveDiscoveryClient.lambda$getServices$3(NacosReactiveDiscoveryClient.java:87)
	at reactor.core.publisher.FluxDefer.subscribe(FluxDefer.java:46)
	at reactor.core.publisher.FluxSubscribeOn$SubscribeOnSubscriber.run(FluxSubscribeOn.java:194)
	at reactor.core.scheduler.WorkerTask.call(WorkerTask.java:84)
	at reactor.core.scheduler.WorkerTask.call(WorkerTask.java:37)
	at java.util.concurrent.FutureTask.run$$$capture(FutureTask.java:266)
	at java.util.concurrent.FutureTask.run(FutureTask.java)
	at java.util.concurrent.ScheduledThreadPoolExecutor$ScheduledFutureTask.access$201(ScheduledThreadPoolExecutor.java:180)
	at java.util.concurrent.ScheduledThreadPoolExecutor$ScheduledFutureTask.run(ScheduledThreadPoolExecutor.java:293)
	at java.util.concurrent.ThreadPoolExecutor.runWorker(ThreadPoolExecutor.java:1149)
	at java.util.concurrent.ThreadPoolExecutor$Worker.run(ThreadPoolExecutor.java:624)
	at java.lang.Thread.run(Thread.java:748)
12:53:22.821 [boundedElastic-35] ERROR c.a.c.n.d.r.NacosReactiveDiscoveryClient - [lambda$getServices$3,94] - get services from nacos server fail,
com.alibaba.nacos.api.exception.NacosException: Client not connected, current status:UNHEALTHY
	at com.alibaba.nacos.common.remote.client.RpcClient.request(RpcClient.java:639)
	at com.alibaba.nacos.common.remote.client.RpcClient.request(RpcClient.java:619)
	at com.alibaba.nacos.client.naming.remote.gprc.NamingGrpcClientProxy.requestToServer(NamingGrpcClientProxy.java:356)
	at com.alibaba.nacos.client.naming.remote.gprc.NamingGrpcClientProxy.getServiceList(NamingGrpcClientProxy.java:282)
	at com.alibaba.nacos.client.naming.remote.NamingClientProxyDelegate.getServiceList(NamingClientProxyDelegate.java:162)
	at com.alibaba.nacos.client.naming.NacosNamingService.getServicesOfServer(NacosNamingService.java:461)
	at com.alibaba.nacos.client.naming.NacosNamingService.getServicesOfServer(NacosNamingService.java:449)
	at com.alibaba.cloud.nacos.discovery.NacosServiceDiscovery.getServices(NacosServiceDiscovery.java:70)
	at com.alibaba.cloud.nacos.discovery.reactive.NacosReactiveDiscoveryClient.lambda$getServices$3(NacosReactiveDiscoveryClient.java:87)
	at reactor.core.publisher.FluxDefer.subscribe(FluxDefer.java:46)
	at reactor.core.publisher.FluxSubscribeOn$SubscribeOnSubscriber.run(FluxSubscribeOn.java:194)
	at reactor.core.scheduler.WorkerTask.call(WorkerTask.java:84)
	at reactor.core.scheduler.WorkerTask.call(WorkerTask.java:37)
	at java.util.concurrent.FutureTask.run$$$capture(FutureTask.java:266)
	at java.util.concurrent.FutureTask.run(FutureTask.java)
	at java.util.concurrent.ScheduledThreadPoolExecutor$ScheduledFutureTask.access$201(ScheduledThreadPoolExecutor.java:180)
	at java.util.concurrent.ScheduledThreadPoolExecutor$ScheduledFutureTask.run(ScheduledThreadPoolExecutor.java:293)
	at java.util.concurrent.ThreadPoolExecutor.runWorker(ThreadPoolExecutor.java:1149)
	at java.util.concurrent.ThreadPoolExecutor$Worker.run(ThreadPoolExecutor.java:624)
	at java.lang.Thread.run(Thread.java:748)
12:53:22.821 [boundedElastic-19] ERROR c.a.c.n.d.r.NacosReactiveDiscoveryClient - [lambda$getServices$3,94] - get services from nacos server fail,
com.alibaba.nacos.api.exception.NacosException: Client not connected, current status:UNHEALTHY
	at com.alibaba.nacos.common.remote.client.RpcClient.request(RpcClient.java:639)
	at com.alibaba.nacos.common.remote.client.RpcClient.request(RpcClient.java:619)
	at com.alibaba.nacos.client.naming.remote.gprc.NamingGrpcClientProxy.requestToServer(NamingGrpcClientProxy.java:356)
	at com.alibaba.nacos.client.naming.remote.gprc.NamingGrpcClientProxy.getServiceList(NamingGrpcClientProxy.java:282)
	at com.alibaba.nacos.client.naming.remote.NamingClientProxyDelegate.getServiceList(NamingClientProxyDelegate.java:162)
	at com.alibaba.nacos.client.naming.NacosNamingService.getServicesOfServer(NacosNamingService.java:461)
	at com.alibaba.nacos.client.naming.NacosNamingService.getServicesOfServer(NacosNamingService.java:449)
	at com.alibaba.cloud.nacos.discovery.NacosServiceDiscovery.getServices(NacosServiceDiscovery.java:70)
	at com.alibaba.cloud.nacos.discovery.reactive.NacosReactiveDiscoveryClient.lambda$getServices$3(NacosReactiveDiscoveryClient.java:87)
	at reactor.core.publisher.FluxDefer.subscribe(FluxDefer.java:46)
	at reactor.core.publisher.FluxSubscribeOn$SubscribeOnSubscriber.run(FluxSubscribeOn.java:194)
	at reactor.core.scheduler.WorkerTask.call(WorkerTask.java:84)
	at reactor.core.scheduler.WorkerTask.call(WorkerTask.java:37)
	at java.util.concurrent.FutureTask.run$$$capture(FutureTask.java:266)
	at java.util.concurrent.FutureTask.run(FutureTask.java)
	at java.util.concurrent.ScheduledThreadPoolExecutor$ScheduledFutureTask.access$201(ScheduledThreadPoolExecutor.java:180)
	at java.util.concurrent.ScheduledThreadPoolExecutor$ScheduledFutureTask.run(ScheduledThreadPoolExecutor.java:293)
	at java.util.concurrent.ThreadPoolExecutor.runWorker(ThreadPoolExecutor.java:1149)
	at java.util.concurrent.ThreadPoolExecutor$Worker.run(ThreadPoolExecutor.java:624)
	at java.lang.Thread.run(Thread.java:748)
12:53:52.822 [boundedElastic-19] ERROR c.a.c.n.d.r.NacosReactiveDiscoveryClient - [lambda$getServices$3,94] - get services from nacos server fail,
com.alibaba.nacos.api.exception.NacosException: Client not connected, current status:UNHEALTHY
	at com.alibaba.nacos.common.remote.client.RpcClient.request(RpcClient.java:639)
	at com.alibaba.nacos.common.remote.client.RpcClient.request(RpcClient.java:619)
	at com.alibaba.nacos.client.naming.remote.gprc.NamingGrpcClientProxy.requestToServer(NamingGrpcClientProxy.java:356)
	at com.alibaba.nacos.client.naming.remote.gprc.NamingGrpcClientProxy.getServiceList(NamingGrpcClientProxy.java:282)
	at com.alibaba.nacos.client.naming.remote.NamingClientProxyDelegate.getServiceList(NamingClientProxyDelegate.java:162)
	at com.alibaba.nacos.client.naming.NacosNamingService.getServicesOfServer(NacosNamingService.java:461)
	at com.alibaba.nacos.client.naming.NacosNamingService.getServicesOfServer(NacosNamingService.java:449)
	at com.alibaba.cloud.nacos.discovery.NacosServiceDiscovery.getServices(NacosServiceDiscovery.java:70)
	at com.alibaba.cloud.nacos.discovery.reactive.NacosReactiveDiscoveryClient.lambda$getServices$3(NacosReactiveDiscoveryClient.java:87)
	at reactor.core.publisher.FluxDefer.subscribe(FluxDefer.java:46)
	at reactor.core.publisher.FluxSubscribeOn$SubscribeOnSubscriber.run(FluxSubscribeOn.java:194)
	at reactor.core.scheduler.WorkerTask.call(WorkerTask.java:84)
	at reactor.core.scheduler.WorkerTask.call(WorkerTask.java:37)
	at java.util.concurrent.FutureTask.run$$$capture(FutureTask.java:266)
	at java.util.concurrent.FutureTask.run(FutureTask.java)
	at java.util.concurrent.ScheduledThreadPoolExecutor$ScheduledFutureTask.access$201(ScheduledThreadPoolExecutor.java:180)
	at java.util.concurrent.ScheduledThreadPoolExecutor$ScheduledFutureTask.run(ScheduledThreadPoolExecutor.java:293)
	at java.util.concurrent.ThreadPoolExecutor.runWorker(ThreadPoolExecutor.java:1149)
	at java.util.concurrent.ThreadPoolExecutor$Worker.run(ThreadPoolExecutor.java:624)
	at java.lang.Thread.run(Thread.java:748)
12:53:52.822 [boundedElastic-35] ERROR c.a.c.n.d.r.NacosReactiveDiscoveryClient - [lambda$getServices$3,94] - get services from nacos server fail,
com.alibaba.nacos.api.exception.NacosException: Client not connected, current status:UNHEALTHY
	at com.alibaba.nacos.common.remote.client.RpcClient.request(RpcClient.java:639)
	at com.alibaba.nacos.common.remote.client.RpcClient.request(RpcClient.java:619)
	at com.alibaba.nacos.client.naming.remote.gprc.NamingGrpcClientProxy.requestToServer(NamingGrpcClientProxy.java:356)
	at com.alibaba.nacos.client.naming.remote.gprc.NamingGrpcClientProxy.getServiceList(NamingGrpcClientProxy.java:282)
	at com.alibaba.nacos.client.naming.remote.NamingClientProxyDelegate.getServiceList(NamingClientProxyDelegate.java:162)
	at com.alibaba.nacos.client.naming.NacosNamingService.getServicesOfServer(NacosNamingService.java:461)
	at com.alibaba.nacos.client.naming.NacosNamingService.getServicesOfServer(NacosNamingService.java:449)
	at com.alibaba.cloud.nacos.discovery.NacosServiceDiscovery.getServices(NacosServiceDiscovery.java:70)
	at com.alibaba.cloud.nacos.discovery.reactive.NacosReactiveDiscoveryClient.lambda$getServices$3(NacosReactiveDiscoveryClient.java:87)
	at reactor.core.publisher.FluxDefer.subscribe(FluxDefer.java:46)
	at reactor.core.publisher.FluxSubscribeOn$SubscribeOnSubscriber.run(FluxSubscribeOn.java:194)
	at reactor.core.scheduler.WorkerTask.call(WorkerTask.java:84)
	at reactor.core.scheduler.WorkerTask.call(WorkerTask.java:37)
	at java.util.concurrent.FutureTask.run$$$capture(FutureTask.java:266)
	at java.util.concurrent.FutureTask.run(FutureTask.java)
	at java.util.concurrent.ScheduledThreadPoolExecutor$ScheduledFutureTask.access$201(ScheduledThreadPoolExecutor.java:180)
	at java.util.concurrent.ScheduledThreadPoolExecutor$ScheduledFutureTask.run(ScheduledThreadPoolExecutor.java:293)
	at java.util.concurrent.ThreadPoolExecutor.runWorker(ThreadPoolExecutor.java:1149)
	at java.util.concurrent.ThreadPoolExecutor$Worker.run(ThreadPoolExecutor.java:624)
	at java.lang.Thread.run(Thread.java:748)
12:54:22.822 [boundedElastic-19] ERROR c.a.c.n.d.r.NacosReactiveDiscoveryClient - [lambda$getServices$3,94] - get services from nacos server fail,
com.alibaba.nacos.api.exception.NacosException: Client not connected, current status:UNHEALTHY
	at com.alibaba.nacos.common.remote.client.RpcClient.request(RpcClient.java:639)
	at com.alibaba.nacos.common.remote.client.RpcClient.request(RpcClient.java:619)
	at com.alibaba.nacos.client.naming.remote.gprc.NamingGrpcClientProxy.requestToServer(NamingGrpcClientProxy.java:356)
	at com.alibaba.nacos.client.naming.remote.gprc.NamingGrpcClientProxy.getServiceList(NamingGrpcClientProxy.java:282)
	at com.alibaba.nacos.client.naming.remote.NamingClientProxyDelegate.getServiceList(NamingClientProxyDelegate.java:162)
	at com.alibaba.nacos.client.naming.NacosNamingService.getServicesOfServer(NacosNamingService.java:461)
	at com.alibaba.nacos.client.naming.NacosNamingService.getServicesOfServer(NacosNamingService.java:449)
	at com.alibaba.cloud.nacos.discovery.NacosServiceDiscovery.getServices(NacosServiceDiscovery.java:70)
	at com.alibaba.cloud.nacos.discovery.reactive.NacosReactiveDiscoveryClient.lambda$getServices$3(NacosReactiveDiscoveryClient.java:87)
	at reactor.core.publisher.FluxDefer.subscribe(FluxDefer.java:46)
	at reactor.core.publisher.FluxSubscribeOn$SubscribeOnSubscriber.run(FluxSubscribeOn.java:194)
	at reactor.core.scheduler.WorkerTask.call(WorkerTask.java:84)
	at reactor.core.scheduler.WorkerTask.call(WorkerTask.java:37)
	at java.util.concurrent.FutureTask.run$$$capture(FutureTask.java:266)
	at java.util.concurrent.FutureTask.run(FutureTask.java)
	at java.util.concurrent.ScheduledThreadPoolExecutor$ScheduledFutureTask.access$201(ScheduledThreadPoolExecutor.java:180)
	at java.util.concurrent.ScheduledThreadPoolExecutor$ScheduledFutureTask.run(ScheduledThreadPoolExecutor.java:293)
	at java.util.concurrent.ThreadPoolExecutor.runWorker(ThreadPoolExecutor.java:1149)
	at java.util.concurrent.ThreadPoolExecutor$Worker.run(ThreadPoolExecutor.java:624)
	at java.lang.Thread.run(Thread.java:748)
12:54:22.822 [boundedElastic-35] ERROR c.a.c.n.d.r.NacosReactiveDiscoveryClient - [lambda$getServices$3,94] - get services from nacos server fail,
com.alibaba.nacos.api.exception.NacosException: Client not connected, current status:UNHEALTHY
	at com.alibaba.nacos.common.remote.client.RpcClient.request(RpcClient.java:639)
	at com.alibaba.nacos.common.remote.client.RpcClient.request(RpcClient.java:619)
	at com.alibaba.nacos.client.naming.remote.gprc.NamingGrpcClientProxy.requestToServer(NamingGrpcClientProxy.java:356)
	at com.alibaba.nacos.client.naming.remote.gprc.NamingGrpcClientProxy.getServiceList(NamingGrpcClientProxy.java:282)
	at com.alibaba.nacos.client.naming.remote.NamingClientProxyDelegate.getServiceList(NamingClientProxyDelegate.java:162)
	at com.alibaba.nacos.client.naming.NacosNamingService.getServicesOfServer(NacosNamingService.java:461)
	at com.alibaba.nacos.client.naming.NacosNamingService.getServicesOfServer(NacosNamingService.java:449)
	at com.alibaba.cloud.nacos.discovery.NacosServiceDiscovery.getServices(NacosServiceDiscovery.java:70)
	at com.alibaba.cloud.nacos.discovery.reactive.NacosReactiveDiscoveryClient.lambda$getServices$3(NacosReactiveDiscoveryClient.java:87)
	at reactor.core.publisher.FluxDefer.subscribe(FluxDefer.java:46)
	at reactor.core.publisher.FluxSubscribeOn$SubscribeOnSubscriber.run(FluxSubscribeOn.java:194)
	at reactor.core.scheduler.WorkerTask.call(WorkerTask.java:84)
	at reactor.core.scheduler.WorkerTask.call(WorkerTask.java:37)
	at java.util.concurrent.FutureTask.run$$$capture(FutureTask.java:266)
	at java.util.concurrent.FutureTask.run(FutureTask.java)
	at java.util.concurrent.ScheduledThreadPoolExecutor$ScheduledFutureTask.access$201(ScheduledThreadPoolExecutor.java:180)
	at java.util.concurrent.ScheduledThreadPoolExecutor$ScheduledFutureTask.run(ScheduledThreadPoolExecutor.java:293)
	at java.util.concurrent.ThreadPoolExecutor.runWorker(ThreadPoolExecutor.java:1149)
	at java.util.concurrent.ThreadPoolExecutor$Worker.run(ThreadPoolExecutor.java:624)
	at java.lang.Thread.run(Thread.java:748)
12:54:52.827 [boundedElastic-35] ERROR c.a.c.n.d.r.NacosReactiveDiscoveryClient - [lambda$getServices$3,94] - get services from nacos server fail,
com.alibaba.nacos.api.exception.NacosException: Client not connected, current status:UNHEALTHY
	at com.alibaba.nacos.common.remote.client.RpcClient.request(RpcClient.java:639)
	at com.alibaba.nacos.common.remote.client.RpcClient.request(RpcClient.java:619)
	at com.alibaba.nacos.client.naming.remote.gprc.NamingGrpcClientProxy.requestToServer(NamingGrpcClientProxy.java:356)
	at com.alibaba.nacos.client.naming.remote.gprc.NamingGrpcClientProxy.getServiceList(NamingGrpcClientProxy.java:282)
	at com.alibaba.nacos.client.naming.remote.NamingClientProxyDelegate.getServiceList(NamingClientProxyDelegate.java:162)
	at com.alibaba.nacos.client.naming.NacosNamingService.getServicesOfServer(NacosNamingService.java:461)
	at com.alibaba.nacos.client.naming.NacosNamingService.getServicesOfServer(NacosNamingService.java:449)
	at com.alibaba.cloud.nacos.discovery.NacosServiceDiscovery.getServices(NacosServiceDiscovery.java:70)
	at com.alibaba.cloud.nacos.discovery.reactive.NacosReactiveDiscoveryClient.lambda$getServices$3(NacosReactiveDiscoveryClient.java:87)
	at reactor.core.publisher.FluxDefer.subscribe(FluxDefer.java:46)
	at reactor.core.publisher.FluxSubscribeOn$SubscribeOnSubscriber.run(FluxSubscribeOn.java:194)
	at reactor.core.scheduler.WorkerTask.call(WorkerTask.java:84)
	at reactor.core.scheduler.WorkerTask.call(WorkerTask.java:37)
	at java.util.concurrent.FutureTask.run$$$capture(FutureTask.java:266)
	at java.util.concurrent.FutureTask.run(FutureTask.java)
	at java.util.concurrent.ScheduledThreadPoolExecutor$ScheduledFutureTask.access$201(ScheduledThreadPoolExecutor.java:180)
	at java.util.concurrent.ScheduledThreadPoolExecutor$ScheduledFutureTask.run(ScheduledThreadPoolExecutor.java:293)
	at java.util.concurrent.ThreadPoolExecutor.runWorker(ThreadPoolExecutor.java:1149)
	at java.util.concurrent.ThreadPoolExecutor$Worker.run(ThreadPoolExecutor.java:624)
	at java.lang.Thread.run(Thread.java:748)
12:54:52.827 [boundedElastic-19] ERROR c.a.c.n.d.r.NacosReactiveDiscoveryClient - [lambda$getServices$3,94] - get services from nacos server fail,
com.alibaba.nacos.api.exception.NacosException: Client not connected, current status:UNHEALTHY
	at com.alibaba.nacos.common.remote.client.RpcClient.request(RpcClient.java:639)
	at com.alibaba.nacos.common.remote.client.RpcClient.request(RpcClient.java:619)
	at com.alibaba.nacos.client.naming.remote.gprc.NamingGrpcClientProxy.requestToServer(NamingGrpcClientProxy.java:356)
	at com.alibaba.nacos.client.naming.remote.gprc.NamingGrpcClientProxy.getServiceList(NamingGrpcClientProxy.java:282)
	at com.alibaba.nacos.client.naming.remote.NamingClientProxyDelegate.getServiceList(NamingClientProxyDelegate.java:162)
	at com.alibaba.nacos.client.naming.NacosNamingService.getServicesOfServer(NacosNamingService.java:461)
	at com.alibaba.nacos.client.naming.NacosNamingService.getServicesOfServer(NacosNamingService.java:449)
	at com.alibaba.cloud.nacos.discovery.NacosServiceDiscovery.getServices(NacosServiceDiscovery.java:70)
	at com.alibaba.cloud.nacos.discovery.reactive.NacosReactiveDiscoveryClient.lambda$getServices$3(NacosReactiveDiscoveryClient.java:87)
	at reactor.core.publisher.FluxDefer.subscribe(FluxDefer.java:46)
	at reactor.core.publisher.FluxSubscribeOn$SubscribeOnSubscriber.run(FluxSubscribeOn.java:194)
	at reactor.core.scheduler.WorkerTask.call(WorkerTask.java:84)
	at reactor.core.scheduler.WorkerTask.call(WorkerTask.java:37)
	at java.util.concurrent.FutureTask.run$$$capture(FutureTask.java:266)
	at java.util.concurrent.FutureTask.run(FutureTask.java)
	at java.util.concurrent.ScheduledThreadPoolExecutor$ScheduledFutureTask.access$201(ScheduledThreadPoolExecutor.java:180)
	at java.util.concurrent.ScheduledThreadPoolExecutor$ScheduledFutureTask.run(ScheduledThreadPoolExecutor.java:293)
	at java.util.concurrent.ThreadPoolExecutor.runWorker(ThreadPoolExecutor.java:1149)
	at java.util.concurrent.ThreadPoolExecutor$Worker.run(ThreadPoolExecutor.java:624)
	at java.lang.Thread.run(Thread.java:748)
12:55:22.832 [boundedElastic-19] ERROR c.a.c.n.d.r.NacosReactiveDiscoveryClient - [lambda$getServices$3,94] - get services from nacos server fail,
com.alibaba.nacos.api.exception.NacosException: Client not connected, current status:UNHEALTHY
	at com.alibaba.nacos.common.remote.client.RpcClient.request(RpcClient.java:639)
	at com.alibaba.nacos.common.remote.client.RpcClient.request(RpcClient.java:619)
	at com.alibaba.nacos.client.naming.remote.gprc.NamingGrpcClientProxy.requestToServer(NamingGrpcClientProxy.java:356)
	at com.alibaba.nacos.client.naming.remote.gprc.NamingGrpcClientProxy.getServiceList(NamingGrpcClientProxy.java:282)
	at com.alibaba.nacos.client.naming.remote.NamingClientProxyDelegate.getServiceList(NamingClientProxyDelegate.java:162)
	at com.alibaba.nacos.client.naming.NacosNamingService.getServicesOfServer(NacosNamingService.java:461)
	at com.alibaba.nacos.client.naming.NacosNamingService.getServicesOfServer(NacosNamingService.java:449)
	at com.alibaba.cloud.nacos.discovery.NacosServiceDiscovery.getServices(NacosServiceDiscovery.java:70)
	at com.alibaba.cloud.nacos.discovery.reactive.NacosReactiveDiscoveryClient.lambda$getServices$3(NacosReactiveDiscoveryClient.java:87)
	at reactor.core.publisher.FluxDefer.subscribe(FluxDefer.java:46)
	at reactor.core.publisher.FluxSubscribeOn$SubscribeOnSubscriber.run(FluxSubscribeOn.java:194)
	at reactor.core.scheduler.WorkerTask.call(WorkerTask.java:84)
	at reactor.core.scheduler.WorkerTask.call(WorkerTask.java:37)
	at java.util.concurrent.FutureTask.run$$$capture(FutureTask.java:266)
	at java.util.concurrent.FutureTask.run(FutureTask.java)
	at java.util.concurrent.ScheduledThreadPoolExecutor$ScheduledFutureTask.access$201(ScheduledThreadPoolExecutor.java:180)
	at java.util.concurrent.ScheduledThreadPoolExecutor$ScheduledFutureTask.run(ScheduledThreadPoolExecutor.java:293)
	at java.util.concurrent.ThreadPoolExecutor.runWorker(ThreadPoolExecutor.java:1149)
	at java.util.concurrent.ThreadPoolExecutor$Worker.run(ThreadPoolExecutor.java:624)
	at java.lang.Thread.run(Thread.java:748)
12:55:22.832 [boundedElastic-35] ERROR c.a.c.n.d.r.NacosReactiveDiscoveryClient - [lambda$getServices$3,94] - get services from nacos server fail,
com.alibaba.nacos.api.exception.NacosException: Client not connected, current status:UNHEALTHY
	at com.alibaba.nacos.common.remote.client.RpcClient.request(RpcClient.java:639)
	at com.alibaba.nacos.common.remote.client.RpcClient.request(RpcClient.java:619)
	at com.alibaba.nacos.client.naming.remote.gprc.NamingGrpcClientProxy.requestToServer(NamingGrpcClientProxy.java:356)
	at com.alibaba.nacos.client.naming.remote.gprc.NamingGrpcClientProxy.getServiceList(NamingGrpcClientProxy.java:282)
	at com.alibaba.nacos.client.naming.remote.NamingClientProxyDelegate.getServiceList(NamingClientProxyDelegate.java:162)
	at com.alibaba.nacos.client.naming.NacosNamingService.getServicesOfServer(NacosNamingService.java:461)
	at com.alibaba.nacos.client.naming.NacosNamingService.getServicesOfServer(NacosNamingService.java:449)
	at com.alibaba.cloud.nacos.discovery.NacosServiceDiscovery.getServices(NacosServiceDiscovery.java:70)
	at com.alibaba.cloud.nacos.discovery.reactive.NacosReactiveDiscoveryClient.lambda$getServices$3(NacosReactiveDiscoveryClient.java:87)
	at reactor.core.publisher.FluxDefer.subscribe(FluxDefer.java:46)
	at reactor.core.publisher.FluxSubscribeOn$SubscribeOnSubscriber.run(FluxSubscribeOn.java:194)
	at reactor.core.scheduler.WorkerTask.call(WorkerTask.java:84)
	at reactor.core.scheduler.WorkerTask.call(WorkerTask.java:37)
	at java.util.concurrent.FutureTask.run$$$capture(FutureTask.java:266)
	at java.util.concurrent.FutureTask.run(FutureTask.java)
	at java.util.concurrent.ScheduledThreadPoolExecutor$ScheduledFutureTask.access$201(ScheduledThreadPoolExecutor.java:180)
	at java.util.concurrent.ScheduledThreadPoolExecutor$ScheduledFutureTask.run(ScheduledThreadPoolExecutor.java:293)
	at java.util.concurrent.ThreadPoolExecutor.runWorker(ThreadPoolExecutor.java:1149)
	at java.util.concurrent.ThreadPoolExecutor$Worker.run(ThreadPoolExecutor.java:624)
	at java.lang.Thread.run(Thread.java:748)
12:55:52.833 [boundedElastic-19] ERROR c.a.c.n.d.r.NacosReactiveDiscoveryClient - [lambda$getServices$3,94] - get services from nacos server fail,
com.alibaba.nacos.api.exception.NacosException: Client not connected, current status:UNHEALTHY
	at com.alibaba.nacos.common.remote.client.RpcClient.request(RpcClient.java:639)
	at com.alibaba.nacos.common.remote.client.RpcClient.request(RpcClient.java:619)
	at com.alibaba.nacos.client.naming.remote.gprc.NamingGrpcClientProxy.requestToServer(NamingGrpcClientProxy.java:356)
	at com.alibaba.nacos.client.naming.remote.gprc.NamingGrpcClientProxy.getServiceList(NamingGrpcClientProxy.java:282)
	at com.alibaba.nacos.client.naming.remote.NamingClientProxyDelegate.getServiceList(NamingClientProxyDelegate.java:162)
	at com.alibaba.nacos.client.naming.NacosNamingService.getServicesOfServer(NacosNamingService.java:461)
	at com.alibaba.nacos.client.naming.NacosNamingService.getServicesOfServer(NacosNamingService.java:449)
	at com.alibaba.cloud.nacos.discovery.NacosServiceDiscovery.getServices(NacosServiceDiscovery.java:70)
	at com.alibaba.cloud.nacos.discovery.reactive.NacosReactiveDiscoveryClient.lambda$getServices$3(NacosReactiveDiscoveryClient.java:87)
	at reactor.core.publisher.FluxDefer.subscribe(FluxDefer.java:46)
	at reactor.core.publisher.FluxSubscribeOn$SubscribeOnSubscriber.run(FluxSubscribeOn.java:194)
	at reactor.core.scheduler.WorkerTask.call(WorkerTask.java:84)
	at reactor.core.scheduler.WorkerTask.call(WorkerTask.java:37)
	at java.util.concurrent.FutureTask.run$$$capture(FutureTask.java:266)
	at java.util.concurrent.FutureTask.run(FutureTask.java)
	at java.util.concurrent.ScheduledThreadPoolExecutor$ScheduledFutureTask.access$201(ScheduledThreadPoolExecutor.java:180)
	at java.util.concurrent.ScheduledThreadPoolExecutor$ScheduledFutureTask.run(ScheduledThreadPoolExecutor.java:293)
	at java.util.concurrent.ThreadPoolExecutor.runWorker(ThreadPoolExecutor.java:1149)
	at java.util.concurrent.ThreadPoolExecutor$Worker.run(ThreadPoolExecutor.java:624)
	at java.lang.Thread.run(Thread.java:748)
12:55:52.833 [boundedElastic-35] ERROR c.a.c.n.d.r.NacosReactiveDiscoveryClient - [lambda$getServices$3,94] - get services from nacos server fail,
com.alibaba.nacos.api.exception.NacosException: Client not connected, current status:UNHEALTHY
	at com.alibaba.nacos.common.remote.client.RpcClient.request(RpcClient.java:639)
	at com.alibaba.nacos.common.remote.client.RpcClient.request(RpcClient.java:619)
	at com.alibaba.nacos.client.naming.remote.gprc.NamingGrpcClientProxy.requestToServer(NamingGrpcClientProxy.java:356)
	at com.alibaba.nacos.client.naming.remote.gprc.NamingGrpcClientProxy.getServiceList(NamingGrpcClientProxy.java:282)
	at com.alibaba.nacos.client.naming.remote.NamingClientProxyDelegate.getServiceList(NamingClientProxyDelegate.java:162)
	at com.alibaba.nacos.client.naming.NacosNamingService.getServicesOfServer(NacosNamingService.java:461)
	at com.alibaba.nacos.client.naming.NacosNamingService.getServicesOfServer(NacosNamingService.java:449)
	at com.alibaba.cloud.nacos.discovery.NacosServiceDiscovery.getServices(NacosServiceDiscovery.java:70)
	at com.alibaba.cloud.nacos.discovery.reactive.NacosReactiveDiscoveryClient.lambda$getServices$3(NacosReactiveDiscoveryClient.java:87)
	at reactor.core.publisher.FluxDefer.subscribe(FluxDefer.java:46)
	at reactor.core.publisher.FluxSubscribeOn$SubscribeOnSubscriber.run(FluxSubscribeOn.java:194)
	at reactor.core.scheduler.WorkerTask.call(WorkerTask.java:84)
	at reactor.core.scheduler.WorkerTask.call(WorkerTask.java:37)
	at java.util.concurrent.FutureTask.run$$$capture(FutureTask.java:266)
	at java.util.concurrent.FutureTask.run(FutureTask.java)
	at java.util.concurrent.ScheduledThreadPoolExecutor$ScheduledFutureTask.access$201(ScheduledThreadPoolExecutor.java:180)
	at java.util.concurrent.ScheduledThreadPoolExecutor$ScheduledFutureTask.run(ScheduledThreadPoolExecutor.java:293)
	at java.util.concurrent.ThreadPoolExecutor.runWorker(ThreadPoolExecutor.java:1149)
	at java.util.concurrent.ThreadPoolExecutor$Worker.run(ThreadPoolExecutor.java:624)
	at java.lang.Thread.run(Thread.java:748)
12:56:22.829 [boundedElastic-19] ERROR c.a.c.n.d.r.NacosReactiveDiscoveryClient - [lambda$getServices$3,94] - get services from nacos server fail,
com.alibaba.nacos.api.exception.NacosException: Client not connected, current status:UNHEALTHY
	at com.alibaba.nacos.common.remote.client.RpcClient.request(RpcClient.java:639)
	at com.alibaba.nacos.common.remote.client.RpcClient.request(RpcClient.java:619)
	at com.alibaba.nacos.client.naming.remote.gprc.NamingGrpcClientProxy.requestToServer(NamingGrpcClientProxy.java:356)
	at com.alibaba.nacos.client.naming.remote.gprc.NamingGrpcClientProxy.getServiceList(NamingGrpcClientProxy.java:282)
	at com.alibaba.nacos.client.naming.remote.NamingClientProxyDelegate.getServiceList(NamingClientProxyDelegate.java:162)
	at com.alibaba.nacos.client.naming.NacosNamingService.getServicesOfServer(NacosNamingService.java:461)
	at com.alibaba.nacos.client.naming.NacosNamingService.getServicesOfServer(NacosNamingService.java:449)
	at com.alibaba.cloud.nacos.discovery.NacosServiceDiscovery.getServices(NacosServiceDiscovery.java:70)
	at com.alibaba.cloud.nacos.discovery.reactive.NacosReactiveDiscoveryClient.lambda$getServices$3(NacosReactiveDiscoveryClient.java:87)
	at reactor.core.publisher.FluxDefer.subscribe(FluxDefer.java:46)
	at reactor.core.publisher.FluxSubscribeOn$SubscribeOnSubscriber.run(FluxSubscribeOn.java:194)
	at reactor.core.scheduler.WorkerTask.call(WorkerTask.java:84)
	at reactor.core.scheduler.WorkerTask.call(WorkerTask.java:37)
	at java.util.concurrent.FutureTask.run$$$capture(FutureTask.java:266)
	at java.util.concurrent.FutureTask.run(FutureTask.java)
	at java.util.concurrent.ScheduledThreadPoolExecutor$ScheduledFutureTask.access$201(ScheduledThreadPoolExecutor.java:180)
	at java.util.concurrent.ScheduledThreadPoolExecutor$ScheduledFutureTask.run(ScheduledThreadPoolExecutor.java:293)
	at java.util.concurrent.ThreadPoolExecutor.runWorker(ThreadPoolExecutor.java:1149)
	at java.util.concurrent.ThreadPoolExecutor$Worker.run(ThreadPoolExecutor.java:624)
	at java.lang.Thread.run(Thread.java:748)
12:56:22.829 [boundedElastic-35] ERROR c.a.c.n.d.r.NacosReactiveDiscoveryClient - [lambda$getServices$3,94] - get services from nacos server fail,
com.alibaba.nacos.api.exception.NacosException: Client not connected, current status:UNHEALTHY
	at com.alibaba.nacos.common.remote.client.RpcClient.request(RpcClient.java:639)
	at com.alibaba.nacos.common.remote.client.RpcClient.request(RpcClient.java:619)
	at com.alibaba.nacos.client.naming.remote.gprc.NamingGrpcClientProxy.requestToServer(NamingGrpcClientProxy.java:356)
	at com.alibaba.nacos.client.naming.remote.gprc.NamingGrpcClientProxy.getServiceList(NamingGrpcClientProxy.java:282)
	at com.alibaba.nacos.client.naming.remote.NamingClientProxyDelegate.getServiceList(NamingClientProxyDelegate.java:162)
	at com.alibaba.nacos.client.naming.NacosNamingService.getServicesOfServer(NacosNamingService.java:461)
	at com.alibaba.nacos.client.naming.NacosNamingService.getServicesOfServer(NacosNamingService.java:449)
	at com.alibaba.cloud.nacos.discovery.NacosServiceDiscovery.getServices(NacosServiceDiscovery.java:70)
	at com.alibaba.cloud.nacos.discovery.reactive.NacosReactiveDiscoveryClient.lambda$getServices$3(NacosReactiveDiscoveryClient.java:87)
	at reactor.core.publisher.FluxDefer.subscribe(FluxDefer.java:46)
	at reactor.core.publisher.FluxSubscribeOn$SubscribeOnSubscriber.run(FluxSubscribeOn.java:194)
	at reactor.core.scheduler.WorkerTask.call(WorkerTask.java:84)
	at reactor.core.scheduler.WorkerTask.call(WorkerTask.java:37)
	at java.util.concurrent.FutureTask.run$$$capture(FutureTask.java:266)
	at java.util.concurrent.FutureTask.run(FutureTask.java)
	at java.util.concurrent.ScheduledThreadPoolExecutor$ScheduledFutureTask.access$201(ScheduledThreadPoolExecutor.java:180)
	at java.util.concurrent.ScheduledThreadPoolExecutor$ScheduledFutureTask.run(ScheduledThreadPoolExecutor.java:293)
	at java.util.concurrent.ThreadPoolExecutor.runWorker(ThreadPoolExecutor.java:1149)
	at java.util.concurrent.ThreadPoolExecutor$Worker.run(ThreadPoolExecutor.java:624)
	at java.lang.Thread.run(Thread.java:748)
12:56:52.831 [boundedElastic-35] ERROR c.a.c.n.d.r.NacosReactiveDiscoveryClient - [lambda$getServices$3,94] - get services from nacos server fail,
com.alibaba.nacos.api.exception.NacosException: Client not connected, current status:UNHEALTHY
	at com.alibaba.nacos.common.remote.client.RpcClient.request(RpcClient.java:639)
	at com.alibaba.nacos.common.remote.client.RpcClient.request(RpcClient.java:619)
	at com.alibaba.nacos.client.naming.remote.gprc.NamingGrpcClientProxy.requestToServer(NamingGrpcClientProxy.java:356)
	at com.alibaba.nacos.client.naming.remote.gprc.NamingGrpcClientProxy.getServiceList(NamingGrpcClientProxy.java:282)
	at com.alibaba.nacos.client.naming.remote.NamingClientProxyDelegate.getServiceList(NamingClientProxyDelegate.java:162)
	at com.alibaba.nacos.client.naming.NacosNamingService.getServicesOfServer(NacosNamingService.java:461)
	at com.alibaba.nacos.client.naming.NacosNamingService.getServicesOfServer(NacosNamingService.java:449)
	at com.alibaba.cloud.nacos.discovery.NacosServiceDiscovery.getServices(NacosServiceDiscovery.java:70)
	at com.alibaba.cloud.nacos.discovery.reactive.NacosReactiveDiscoveryClient.lambda$getServices$3(NacosReactiveDiscoveryClient.java:87)
	at reactor.core.publisher.FluxDefer.subscribe(FluxDefer.java:46)
	at reactor.core.publisher.FluxSubscribeOn$SubscribeOnSubscriber.run(FluxSubscribeOn.java:194)
	at reactor.core.scheduler.WorkerTask.call(WorkerTask.java:84)
	at reactor.core.scheduler.WorkerTask.call(WorkerTask.java:37)
	at java.util.concurrent.FutureTask.run$$$capture(FutureTask.java:266)
	at java.util.concurrent.FutureTask.run(FutureTask.java)
	at java.util.concurrent.ScheduledThreadPoolExecutor$ScheduledFutureTask.access$201(ScheduledThreadPoolExecutor.java:180)
	at java.util.concurrent.ScheduledThreadPoolExecutor$ScheduledFutureTask.run(ScheduledThreadPoolExecutor.java:293)
	at java.util.concurrent.ThreadPoolExecutor.runWorker(ThreadPoolExecutor.java:1149)
	at java.util.concurrent.ThreadPoolExecutor$Worker.run(ThreadPoolExecutor.java:624)
	at java.lang.Thread.run(Thread.java:748)
12:56:52.833 [boundedElastic-19] ERROR c.a.c.n.d.r.NacosReactiveDiscoveryClient - [lambda$getServices$3,94] - get services from nacos server fail,
com.alibaba.nacos.api.exception.NacosException: Client not connected, current status:UNHEALTHY
	at com.alibaba.nacos.common.remote.client.RpcClient.request(RpcClient.java:639)
	at com.alibaba.nacos.common.remote.client.RpcClient.request(RpcClient.java:619)
	at com.alibaba.nacos.client.naming.remote.gprc.NamingGrpcClientProxy.requestToServer(NamingGrpcClientProxy.java:356)
	at com.alibaba.nacos.client.naming.remote.gprc.NamingGrpcClientProxy.getServiceList(NamingGrpcClientProxy.java:282)
	at com.alibaba.nacos.client.naming.remote.NamingClientProxyDelegate.getServiceList(NamingClientProxyDelegate.java:162)
	at com.alibaba.nacos.client.naming.NacosNamingService.getServicesOfServer(NacosNamingService.java:461)
	at com.alibaba.nacos.client.naming.NacosNamingService.getServicesOfServer(NacosNamingService.java:449)
	at com.alibaba.cloud.nacos.discovery.NacosServiceDiscovery.getServices(NacosServiceDiscovery.java:70)
	at com.alibaba.cloud.nacos.discovery.reactive.NacosReactiveDiscoveryClient.lambda$getServices$3(NacosReactiveDiscoveryClient.java:87)
	at reactor.core.publisher.FluxDefer.subscribe(FluxDefer.java:46)
	at reactor.core.publisher.FluxSubscribeOn$SubscribeOnSubscriber.run(FluxSubscribeOn.java:194)
	at reactor.core.scheduler.WorkerTask.call(WorkerTask.java:84)
	at reactor.core.scheduler.WorkerTask.call(WorkerTask.java:37)
	at java.util.concurrent.FutureTask.run$$$capture(FutureTask.java:266)
	at java.util.concurrent.FutureTask.run(FutureTask.java)
	at java.util.concurrent.ScheduledThreadPoolExecutor$ScheduledFutureTask.access$201(ScheduledThreadPoolExecutor.java:180)
	at java.util.concurrent.ScheduledThreadPoolExecutor$ScheduledFutureTask.run(ScheduledThreadPoolExecutor.java:293)
	at java.util.concurrent.ThreadPoolExecutor.runWorker(ThreadPoolExecutor.java:1149)
	at java.util.concurrent.ThreadPoolExecutor$Worker.run(ThreadPoolExecutor.java:624)
	at java.lang.Thread.run(Thread.java:748)
12:57:22.835 [boundedElastic-19] ERROR c.a.c.n.d.r.NacosReactiveDiscoveryClient - [lambda$getServices$3,94] - get services from nacos server fail,
com.alibaba.nacos.api.exception.NacosException: Client not connected, current status:UNHEALTHY
	at com.alibaba.nacos.common.remote.client.RpcClient.request(RpcClient.java:639)
	at com.alibaba.nacos.common.remote.client.RpcClient.request(RpcClient.java:619)
	at com.alibaba.nacos.client.naming.remote.gprc.NamingGrpcClientProxy.requestToServer(NamingGrpcClientProxy.java:356)
	at com.alibaba.nacos.client.naming.remote.gprc.NamingGrpcClientProxy.getServiceList(NamingGrpcClientProxy.java:282)
	at com.alibaba.nacos.client.naming.remote.NamingClientProxyDelegate.getServiceList(NamingClientProxyDelegate.java:162)
	at com.alibaba.nacos.client.naming.NacosNamingService.getServicesOfServer(NacosNamingService.java:461)
	at com.alibaba.nacos.client.naming.NacosNamingService.getServicesOfServer(NacosNamingService.java:449)
	at com.alibaba.cloud.nacos.discovery.NacosServiceDiscovery.getServices(NacosServiceDiscovery.java:70)
	at com.alibaba.cloud.nacos.discovery.reactive.NacosReactiveDiscoveryClient.lambda$getServices$3(NacosReactiveDiscoveryClient.java:87)
	at reactor.core.publisher.FluxDefer.subscribe(FluxDefer.java:46)
	at reactor.core.publisher.FluxSubscribeOn$SubscribeOnSubscriber.run(FluxSubscribeOn.java:194)
	at reactor.core.scheduler.WorkerTask.call(WorkerTask.java:84)
	at reactor.core.scheduler.WorkerTask.call(WorkerTask.java:37)
	at java.util.concurrent.FutureTask.run$$$capture(FutureTask.java:266)
	at java.util.concurrent.FutureTask.run(FutureTask.java)
	at java.util.concurrent.ScheduledThreadPoolExecutor$ScheduledFutureTask.access$201(ScheduledThreadPoolExecutor.java:180)
	at java.util.concurrent.ScheduledThreadPoolExecutor$ScheduledFutureTask.run(ScheduledThreadPoolExecutor.java:293)
	at java.util.concurrent.ThreadPoolExecutor.runWorker(ThreadPoolExecutor.java:1149)
	at java.util.concurrent.ThreadPoolExecutor$Worker.run(ThreadPoolExecutor.java:624)
	at java.lang.Thread.run(Thread.java:748)
12:57:22.835 [boundedElastic-35] ERROR c.a.c.n.d.r.NacosReactiveDiscoveryClient - [lambda$getServices$3,94] - get services from nacos server fail,
com.alibaba.nacos.api.exception.NacosException: Client not connected, current status:UNHEALTHY
	at com.alibaba.nacos.common.remote.client.RpcClient.request(RpcClient.java:639)
	at com.alibaba.nacos.common.remote.client.RpcClient.request(RpcClient.java:619)
	at com.alibaba.nacos.client.naming.remote.gprc.NamingGrpcClientProxy.requestToServer(NamingGrpcClientProxy.java:356)
	at com.alibaba.nacos.client.naming.remote.gprc.NamingGrpcClientProxy.getServiceList(NamingGrpcClientProxy.java:282)
	at com.alibaba.nacos.client.naming.remote.NamingClientProxyDelegate.getServiceList(NamingClientProxyDelegate.java:162)
	at com.alibaba.nacos.client.naming.NacosNamingService.getServicesOfServer(NacosNamingService.java:461)
	at com.alibaba.nacos.client.naming.NacosNamingService.getServicesOfServer(NacosNamingService.java:449)
	at com.alibaba.cloud.nacos.discovery.NacosServiceDiscovery.getServices(NacosServiceDiscovery.java:70)
	at com.alibaba.cloud.nacos.discovery.reactive.NacosReactiveDiscoveryClient.lambda$getServices$3(NacosReactiveDiscoveryClient.java:87)
	at reactor.core.publisher.FluxDefer.subscribe(FluxDefer.java:46)
	at reactor.core.publisher.FluxSubscribeOn$SubscribeOnSubscriber.run(FluxSubscribeOn.java:194)
	at reactor.core.scheduler.WorkerTask.call(WorkerTask.java:84)
	at reactor.core.scheduler.WorkerTask.call(WorkerTask.java:37)
	at java.util.concurrent.FutureTask.run$$$capture(FutureTask.java:266)
	at java.util.concurrent.FutureTask.run(FutureTask.java)
	at java.util.concurrent.ScheduledThreadPoolExecutor$ScheduledFutureTask.access$201(ScheduledThreadPoolExecutor.java:180)
	at java.util.concurrent.ScheduledThreadPoolExecutor$ScheduledFutureTask.run(ScheduledThreadPoolExecutor.java:293)
	at java.util.concurrent.ThreadPoolExecutor.runWorker(ThreadPoolExecutor.java:1149)
	at java.util.concurrent.ThreadPoolExecutor$Worker.run(ThreadPoolExecutor.java:624)
	at java.lang.Thread.run(Thread.java:748)
12:57:52.839 [boundedElastic-19] ERROR c.a.c.n.d.r.NacosReactiveDiscoveryClient - [lambda$getServices$3,94] - get services from nacos server fail,
com.alibaba.nacos.api.exception.NacosException: Client not connected, current status:UNHEALTHY
	at com.alibaba.nacos.common.remote.client.RpcClient.request(RpcClient.java:639)
	at com.alibaba.nacos.common.remote.client.RpcClient.request(RpcClient.java:619)
	at com.alibaba.nacos.client.naming.remote.gprc.NamingGrpcClientProxy.requestToServer(NamingGrpcClientProxy.java:356)
	at com.alibaba.nacos.client.naming.remote.gprc.NamingGrpcClientProxy.getServiceList(NamingGrpcClientProxy.java:282)
	at com.alibaba.nacos.client.naming.remote.NamingClientProxyDelegate.getServiceList(NamingClientProxyDelegate.java:162)
	at com.alibaba.nacos.client.naming.NacosNamingService.getServicesOfServer(NacosNamingService.java:461)
	at com.alibaba.nacos.client.naming.NacosNamingService.getServicesOfServer(NacosNamingService.java:449)
	at com.alibaba.cloud.nacos.discovery.NacosServiceDiscovery.getServices(NacosServiceDiscovery.java:70)
	at com.alibaba.cloud.nacos.discovery.reactive.NacosReactiveDiscoveryClient.lambda$getServices$3(NacosReactiveDiscoveryClient.java:87)
	at reactor.core.publisher.FluxDefer.subscribe(FluxDefer.java:46)
	at reactor.core.publisher.FluxSubscribeOn$SubscribeOnSubscriber.run(FluxSubscribeOn.java:194)
	at reactor.core.scheduler.WorkerTask.call(WorkerTask.java:84)
	at reactor.core.scheduler.WorkerTask.call(WorkerTask.java:37)
	at java.util.concurrent.FutureTask.run$$$capture(FutureTask.java:266)
	at java.util.concurrent.FutureTask.run(FutureTask.java)
	at java.util.concurrent.ScheduledThreadPoolExecutor$ScheduledFutureTask.access$201(ScheduledThreadPoolExecutor.java:180)
	at java.util.concurrent.ScheduledThreadPoolExecutor$ScheduledFutureTask.run(ScheduledThreadPoolExecutor.java:293)
	at java.util.concurrent.ThreadPoolExecutor.runWorker(ThreadPoolExecutor.java:1149)
	at java.util.concurrent.ThreadPoolExecutor$Worker.run(ThreadPoolExecutor.java:624)
	at java.lang.Thread.run(Thread.java:748)
12:57:52.839 [boundedElastic-35] ERROR c.a.c.n.d.r.NacosReactiveDiscoveryClient - [lambda$getServices$3,94] - get services from nacos server fail,
com.alibaba.nacos.api.exception.NacosException: Client not connected, current status:UNHEALTHY
	at com.alibaba.nacos.common.remote.client.RpcClient.request(RpcClient.java:639)
	at com.alibaba.nacos.common.remote.client.RpcClient.request(RpcClient.java:619)
	at com.alibaba.nacos.client.naming.remote.gprc.NamingGrpcClientProxy.requestToServer(NamingGrpcClientProxy.java:356)
	at com.alibaba.nacos.client.naming.remote.gprc.NamingGrpcClientProxy.getServiceList(NamingGrpcClientProxy.java:282)
	at com.alibaba.nacos.client.naming.remote.NamingClientProxyDelegate.getServiceList(NamingClientProxyDelegate.java:162)
	at com.alibaba.nacos.client.naming.NacosNamingService.getServicesOfServer(NacosNamingService.java:461)
	at com.alibaba.nacos.client.naming.NacosNamingService.getServicesOfServer(NacosNamingService.java:449)
	at com.alibaba.cloud.nacos.discovery.NacosServiceDiscovery.getServices(NacosServiceDiscovery.java:70)
	at com.alibaba.cloud.nacos.discovery.reactive.NacosReactiveDiscoveryClient.lambda$getServices$3(NacosReactiveDiscoveryClient.java:87)
	at reactor.core.publisher.FluxDefer.subscribe(FluxDefer.java:46)
	at reactor.core.publisher.FluxSubscribeOn$SubscribeOnSubscriber.run(FluxSubscribeOn.java:194)
	at reactor.core.scheduler.WorkerTask.call(WorkerTask.java:84)
	at reactor.core.scheduler.WorkerTask.call(WorkerTask.java:37)
	at java.util.concurrent.FutureTask.run$$$capture(FutureTask.java:266)
	at java.util.concurrent.FutureTask.run(FutureTask.java)
	at java.util.concurrent.ScheduledThreadPoolExecutor$ScheduledFutureTask.access$201(ScheduledThreadPoolExecutor.java:180)
	at java.util.concurrent.ScheduledThreadPoolExecutor$ScheduledFutureTask.run(ScheduledThreadPoolExecutor.java:293)
	at java.util.concurrent.ThreadPoolExecutor.runWorker(ThreadPoolExecutor.java:1149)
	at java.util.concurrent.ThreadPoolExecutor$Worker.run(ThreadPoolExecutor.java:624)
	at java.lang.Thread.run(Thread.java:748)
12:58:22.838 [boundedElastic-35] ERROR c.a.c.n.d.r.NacosReactiveDiscoveryClient - [lambda$getServices$3,94] - get services from nacos server fail,
com.alibaba.nacos.api.exception.NacosException: Client not connected, current status:UNHEALTHY
	at com.alibaba.nacos.common.remote.client.RpcClient.request(RpcClient.java:639)
	at com.alibaba.nacos.common.remote.client.RpcClient.request(RpcClient.java:619)
	at com.alibaba.nacos.client.naming.remote.gprc.NamingGrpcClientProxy.requestToServer(NamingGrpcClientProxy.java:356)
	at com.alibaba.nacos.client.naming.remote.gprc.NamingGrpcClientProxy.getServiceList(NamingGrpcClientProxy.java:282)
	at com.alibaba.nacos.client.naming.remote.NamingClientProxyDelegate.getServiceList(NamingClientProxyDelegate.java:162)
	at com.alibaba.nacos.client.naming.NacosNamingService.getServicesOfServer(NacosNamingService.java:461)
	at com.alibaba.nacos.client.naming.NacosNamingService.getServicesOfServer(NacosNamingService.java:449)
	at com.alibaba.cloud.nacos.discovery.NacosServiceDiscovery.getServices(NacosServiceDiscovery.java:70)
	at com.alibaba.cloud.nacos.discovery.reactive.NacosReactiveDiscoveryClient.lambda$getServices$3(NacosReactiveDiscoveryClient.java:87)
	at reactor.core.publisher.FluxDefer.subscribe(FluxDefer.java:46)
	at reactor.core.publisher.FluxSubscribeOn$SubscribeOnSubscriber.run(FluxSubscribeOn.java:194)
	at reactor.core.scheduler.WorkerTask.call(WorkerTask.java:84)
	at reactor.core.scheduler.WorkerTask.call(WorkerTask.java:37)
	at java.util.concurrent.FutureTask.run$$$capture(FutureTask.java:266)
	at java.util.concurrent.FutureTask.run(FutureTask.java)
	at java.util.concurrent.ScheduledThreadPoolExecutor$ScheduledFutureTask.access$201(ScheduledThreadPoolExecutor.java:180)
	at java.util.concurrent.ScheduledThreadPoolExecutor$ScheduledFutureTask.run(ScheduledThreadPoolExecutor.java:293)
	at java.util.concurrent.ThreadPoolExecutor.runWorker(ThreadPoolExecutor.java:1149)
	at java.util.concurrent.ThreadPoolExecutor$Worker.run(ThreadPoolExecutor.java:624)
	at java.lang.Thread.run(Thread.java:748)
12:58:22.838 [boundedElastic-19] ERROR c.a.c.n.d.r.NacosReactiveDiscoveryClient - [lambda$getServices$3,94] - get services from nacos server fail,
com.alibaba.nacos.api.exception.NacosException: Client not connected, current status:UNHEALTHY
	at com.alibaba.nacos.common.remote.client.RpcClient.request(RpcClient.java:639)
	at com.alibaba.nacos.common.remote.client.RpcClient.request(RpcClient.java:619)
	at com.alibaba.nacos.client.naming.remote.gprc.NamingGrpcClientProxy.requestToServer(NamingGrpcClientProxy.java:356)
	at com.alibaba.nacos.client.naming.remote.gprc.NamingGrpcClientProxy.getServiceList(NamingGrpcClientProxy.java:282)
	at com.alibaba.nacos.client.naming.remote.NamingClientProxyDelegate.getServiceList(NamingClientProxyDelegate.java:162)
	at com.alibaba.nacos.client.naming.NacosNamingService.getServicesOfServer(NacosNamingService.java:461)
	at com.alibaba.nacos.client.naming.NacosNamingService.getServicesOfServer(NacosNamingService.java:449)
	at com.alibaba.cloud.nacos.discovery.NacosServiceDiscovery.getServices(NacosServiceDiscovery.java:70)
	at com.alibaba.cloud.nacos.discovery.reactive.NacosReactiveDiscoveryClient.lambda$getServices$3(NacosReactiveDiscoveryClient.java:87)
	at reactor.core.publisher.FluxDefer.subscribe(FluxDefer.java:46)
	at reactor.core.publisher.FluxSubscribeOn$SubscribeOnSubscriber.run(FluxSubscribeOn.java:194)
	at reactor.core.scheduler.WorkerTask.call(WorkerTask.java:84)
	at reactor.core.scheduler.WorkerTask.call(WorkerTask.java:37)
	at java.util.concurrent.FutureTask.run$$$capture(FutureTask.java:266)
	at java.util.concurrent.FutureTask.run(FutureTask.java)
	at java.util.concurrent.ScheduledThreadPoolExecutor$ScheduledFutureTask.access$201(ScheduledThreadPoolExecutor.java:180)
	at java.util.concurrent.ScheduledThreadPoolExecutor$ScheduledFutureTask.run(ScheduledThreadPoolExecutor.java:293)
	at java.util.concurrent.ThreadPoolExecutor.runWorker(ThreadPoolExecutor.java:1149)
	at java.util.concurrent.ThreadPoolExecutor$Worker.run(ThreadPoolExecutor.java:624)
	at java.lang.Thread.run(Thread.java:748)
12:58:52.845 [boundedElastic-35] ERROR c.a.c.n.d.r.NacosReactiveDiscoveryClient - [lambda$getServices$3,94] - get services from nacos server fail,
com.alibaba.nacos.api.exception.NacosException: Client not connected, current status:UNHEALTHY
	at com.alibaba.nacos.common.remote.client.RpcClient.request(RpcClient.java:639)
	at com.alibaba.nacos.common.remote.client.RpcClient.request(RpcClient.java:619)
	at com.alibaba.nacos.client.naming.remote.gprc.NamingGrpcClientProxy.requestToServer(NamingGrpcClientProxy.java:356)
	at com.alibaba.nacos.client.naming.remote.gprc.NamingGrpcClientProxy.getServiceList(NamingGrpcClientProxy.java:282)
	at com.alibaba.nacos.client.naming.remote.NamingClientProxyDelegate.getServiceList(NamingClientProxyDelegate.java:162)
	at com.alibaba.nacos.client.naming.NacosNamingService.getServicesOfServer(NacosNamingService.java:461)
	at com.alibaba.nacos.client.naming.NacosNamingService.getServicesOfServer(NacosNamingService.java:449)
	at com.alibaba.cloud.nacos.discovery.NacosServiceDiscovery.getServices(NacosServiceDiscovery.java:70)
	at com.alibaba.cloud.nacos.discovery.reactive.NacosReactiveDiscoveryClient.lambda$getServices$3(NacosReactiveDiscoveryClient.java:87)
	at reactor.core.publisher.FluxDefer.subscribe(FluxDefer.java:46)
	at reactor.core.publisher.FluxSubscribeOn$SubscribeOnSubscriber.run(FluxSubscribeOn.java:194)
	at reactor.core.scheduler.WorkerTask.call(WorkerTask.java:84)
	at reactor.core.scheduler.WorkerTask.call(WorkerTask.java:37)
	at java.util.concurrent.FutureTask.run$$$capture(FutureTask.java:266)
	at java.util.concurrent.FutureTask.run(FutureTask.java)
	at java.util.concurrent.ScheduledThreadPoolExecutor$ScheduledFutureTask.access$201(ScheduledThreadPoolExecutor.java:180)
	at java.util.concurrent.ScheduledThreadPoolExecutor$ScheduledFutureTask.run(ScheduledThreadPoolExecutor.java:293)
	at java.util.concurrent.ThreadPoolExecutor.runWorker(ThreadPoolExecutor.java:1149)
	at java.util.concurrent.ThreadPoolExecutor$Worker.run(ThreadPoolExecutor.java:624)
	at java.lang.Thread.run(Thread.java:748)
12:58:52.845 [boundedElastic-19] ERROR c.a.c.n.d.r.NacosReactiveDiscoveryClient - [lambda$getServices$3,94] - get services from nacos server fail,
com.alibaba.nacos.api.exception.NacosException: Client not connected, current status:UNHEALTHY
	at com.alibaba.nacos.common.remote.client.RpcClient.request(RpcClient.java:639)
	at com.alibaba.nacos.common.remote.client.RpcClient.request(RpcClient.java:619)
	at com.alibaba.nacos.client.naming.remote.gprc.NamingGrpcClientProxy.requestToServer(NamingGrpcClientProxy.java:356)
	at com.alibaba.nacos.client.naming.remote.gprc.NamingGrpcClientProxy.getServiceList(NamingGrpcClientProxy.java:282)
	at com.alibaba.nacos.client.naming.remote.NamingClientProxyDelegate.getServiceList(NamingClientProxyDelegate.java:162)
	at com.alibaba.nacos.client.naming.NacosNamingService.getServicesOfServer(NacosNamingService.java:461)
	at com.alibaba.nacos.client.naming.NacosNamingService.getServicesOfServer(NacosNamingService.java:449)
	at com.alibaba.cloud.nacos.discovery.NacosServiceDiscovery.getServices(NacosServiceDiscovery.java:70)
	at com.alibaba.cloud.nacos.discovery.reactive.NacosReactiveDiscoveryClient.lambda$getServices$3(NacosReactiveDiscoveryClient.java:87)
	at reactor.core.publisher.FluxDefer.subscribe(FluxDefer.java:46)
	at reactor.core.publisher.FluxSubscribeOn$SubscribeOnSubscriber.run(FluxSubscribeOn.java:194)
	at reactor.core.scheduler.WorkerTask.call(WorkerTask.java:84)
	at reactor.core.scheduler.WorkerTask.call(WorkerTask.java:37)
	at java.util.concurrent.FutureTask.run$$$capture(FutureTask.java:266)
	at java.util.concurrent.FutureTask.run(FutureTask.java)
	at java.util.concurrent.ScheduledThreadPoolExecutor$ScheduledFutureTask.access$201(ScheduledThreadPoolExecutor.java:180)
	at java.util.concurrent.ScheduledThreadPoolExecutor$ScheduledFutureTask.run(ScheduledThreadPoolExecutor.java:293)
	at java.util.concurrent.ThreadPoolExecutor.runWorker(ThreadPoolExecutor.java:1149)
	at java.util.concurrent.ThreadPoolExecutor$Worker.run(ThreadPoolExecutor.java:624)
	at java.lang.Thread.run(Thread.java:748)
12:59:22.843 [boundedElastic-35] ERROR c.a.c.n.d.r.NacosReactiveDiscoveryClient - [lambda$getServices$3,94] - get services from nacos server fail,
com.alibaba.nacos.api.exception.NacosException: Client not connected, current status:UNHEALTHY
	at com.alibaba.nacos.common.remote.client.RpcClient.request(RpcClient.java:639)
	at com.alibaba.nacos.common.remote.client.RpcClient.request(RpcClient.java:619)
	at com.alibaba.nacos.client.naming.remote.gprc.NamingGrpcClientProxy.requestToServer(NamingGrpcClientProxy.java:356)
	at com.alibaba.nacos.client.naming.remote.gprc.NamingGrpcClientProxy.getServiceList(NamingGrpcClientProxy.java:282)
	at com.alibaba.nacos.client.naming.remote.NamingClientProxyDelegate.getServiceList(NamingClientProxyDelegate.java:162)
	at com.alibaba.nacos.client.naming.NacosNamingService.getServicesOfServer(NacosNamingService.java:461)
	at com.alibaba.nacos.client.naming.NacosNamingService.getServicesOfServer(NacosNamingService.java:449)
	at com.alibaba.cloud.nacos.discovery.NacosServiceDiscovery.getServices(NacosServiceDiscovery.java:70)
	at com.alibaba.cloud.nacos.discovery.reactive.NacosReactiveDiscoveryClient.lambda$getServices$3(NacosReactiveDiscoveryClient.java:87)
	at reactor.core.publisher.FluxDefer.subscribe(FluxDefer.java:46)
	at reactor.core.publisher.FluxSubscribeOn$SubscribeOnSubscriber.run(FluxSubscribeOn.java:194)
	at reactor.core.scheduler.WorkerTask.call(WorkerTask.java:84)
	at reactor.core.scheduler.WorkerTask.call(WorkerTask.java:37)
	at java.util.concurrent.FutureTask.run$$$capture(FutureTask.java:266)
	at java.util.concurrent.FutureTask.run(FutureTask.java)
	at java.util.concurrent.ScheduledThreadPoolExecutor$ScheduledFutureTask.access$201(ScheduledThreadPoolExecutor.java:180)
	at java.util.concurrent.ScheduledThreadPoolExecutor$ScheduledFutureTask.run(ScheduledThreadPoolExecutor.java:293)
	at java.util.concurrent.ThreadPoolExecutor.runWorker(ThreadPoolExecutor.java:1149)
	at java.util.concurrent.ThreadPoolExecutor$Worker.run(ThreadPoolExecutor.java:624)
	at java.lang.Thread.run(Thread.java:748)
12:59:22.843 [boundedElastic-19] ERROR c.a.c.n.d.r.NacosReactiveDiscoveryClient - [lambda$getServices$3,94] - get services from nacos server fail,
com.alibaba.nacos.api.exception.NacosException: Client not connected, current status:UNHEALTHY
	at com.alibaba.nacos.common.remote.client.RpcClient.request(RpcClient.java:639)
	at com.alibaba.nacos.common.remote.client.RpcClient.request(RpcClient.java:619)
	at com.alibaba.nacos.client.naming.remote.gprc.NamingGrpcClientProxy.requestToServer(NamingGrpcClientProxy.java:356)
	at com.alibaba.nacos.client.naming.remote.gprc.NamingGrpcClientProxy.getServiceList(NamingGrpcClientProxy.java:282)
	at com.alibaba.nacos.client.naming.remote.NamingClientProxyDelegate.getServiceList(NamingClientProxyDelegate.java:162)
	at com.alibaba.nacos.client.naming.NacosNamingService.getServicesOfServer(NacosNamingService.java:461)
	at com.alibaba.nacos.client.naming.NacosNamingService.getServicesOfServer(NacosNamingService.java:449)
	at com.alibaba.cloud.nacos.discovery.NacosServiceDiscovery.getServices(NacosServiceDiscovery.java:70)
	at com.alibaba.cloud.nacos.discovery.reactive.NacosReactiveDiscoveryClient.lambda$getServices$3(NacosReactiveDiscoveryClient.java:87)
	at reactor.core.publisher.FluxDefer.subscribe(FluxDefer.java:46)
	at reactor.core.publisher.FluxSubscribeOn$SubscribeOnSubscriber.run(FluxSubscribeOn.java:194)
	at reactor.core.scheduler.WorkerTask.call(WorkerTask.java:84)
	at reactor.core.scheduler.WorkerTask.call(WorkerTask.java:37)
	at java.util.concurrent.FutureTask.run$$$capture(FutureTask.java:266)
	at java.util.concurrent.FutureTask.run(FutureTask.java)
	at java.util.concurrent.ScheduledThreadPoolExecutor$ScheduledFutureTask.access$201(ScheduledThreadPoolExecutor.java:180)
	at java.util.concurrent.ScheduledThreadPoolExecutor$ScheduledFutureTask.run(ScheduledThreadPoolExecutor.java:293)
	at java.util.concurrent.ThreadPoolExecutor.runWorker(ThreadPoolExecutor.java:1149)
	at java.util.concurrent.ThreadPoolExecutor$Worker.run(ThreadPoolExecutor.java:624)
	at java.lang.Thread.run(Thread.java:748)
12:59:52.844 [boundedElastic-35] ERROR c.a.c.n.d.r.NacosReactiveDiscoveryClient - [lambda$getServices$3,94] - get services from nacos server fail,
com.alibaba.nacos.api.exception.NacosException: Client not connected, current status:UNHEALTHY
	at com.alibaba.nacos.common.remote.client.RpcClient.request(RpcClient.java:639)
	at com.alibaba.nacos.common.remote.client.RpcClient.request(RpcClient.java:619)
	at com.alibaba.nacos.client.naming.remote.gprc.NamingGrpcClientProxy.requestToServer(NamingGrpcClientProxy.java:356)
	at com.alibaba.nacos.client.naming.remote.gprc.NamingGrpcClientProxy.getServiceList(NamingGrpcClientProxy.java:282)
	at com.alibaba.nacos.client.naming.remote.NamingClientProxyDelegate.getServiceList(NamingClientProxyDelegate.java:162)
	at com.alibaba.nacos.client.naming.NacosNamingService.getServicesOfServer(NacosNamingService.java:461)
	at com.alibaba.nacos.client.naming.NacosNamingService.getServicesOfServer(NacosNamingService.java:449)
	at com.alibaba.cloud.nacos.discovery.NacosServiceDiscovery.getServices(NacosServiceDiscovery.java:70)
	at com.alibaba.cloud.nacos.discovery.reactive.NacosReactiveDiscoveryClient.lambda$getServices$3(NacosReactiveDiscoveryClient.java:87)
	at reactor.core.publisher.FluxDefer.subscribe(FluxDefer.java:46)
	at reactor.core.publisher.FluxSubscribeOn$SubscribeOnSubscriber.run(FluxSubscribeOn.java:194)
	at reactor.core.scheduler.WorkerTask.call(WorkerTask.java:84)
	at reactor.core.scheduler.WorkerTask.call(WorkerTask.java:37)
	at java.util.concurrent.FutureTask.run$$$capture(FutureTask.java:266)
	at java.util.concurrent.FutureTask.run(FutureTask.java)
	at java.util.concurrent.ScheduledThreadPoolExecutor$ScheduledFutureTask.access$201(ScheduledThreadPoolExecutor.java:180)
	at java.util.concurrent.ScheduledThreadPoolExecutor$ScheduledFutureTask.run(ScheduledThreadPoolExecutor.java:293)
	at java.util.concurrent.ThreadPoolExecutor.runWorker(ThreadPoolExecutor.java:1149)
	at java.util.concurrent.ThreadPoolExecutor$Worker.run(ThreadPoolExecutor.java:624)
	at java.lang.Thread.run(Thread.java:748)
12:59:52.849 [boundedElastic-19] ERROR c.a.c.n.d.r.NacosReactiveDiscoveryClient - [lambda$getServices$3,94] - get services from nacos server fail,
com.alibaba.nacos.api.exception.NacosException: Client not connected, current status:UNHEALTHY
	at com.alibaba.nacos.common.remote.client.RpcClient.request(RpcClient.java:639)
	at com.alibaba.nacos.common.remote.client.RpcClient.request(RpcClient.java:619)
	at com.alibaba.nacos.client.naming.remote.gprc.NamingGrpcClientProxy.requestToServer(NamingGrpcClientProxy.java:356)
	at com.alibaba.nacos.client.naming.remote.gprc.NamingGrpcClientProxy.getServiceList(NamingGrpcClientProxy.java:282)
	at com.alibaba.nacos.client.naming.remote.NamingClientProxyDelegate.getServiceList(NamingClientProxyDelegate.java:162)
	at com.alibaba.nacos.client.naming.NacosNamingService.getServicesOfServer(NacosNamingService.java:461)
	at com.alibaba.nacos.client.naming.NacosNamingService.getServicesOfServer(NacosNamingService.java:449)
	at com.alibaba.cloud.nacos.discovery.NacosServiceDiscovery.getServices(NacosServiceDiscovery.java:70)
	at com.alibaba.cloud.nacos.discovery.reactive.NacosReactiveDiscoveryClient.lambda$getServices$3(NacosReactiveDiscoveryClient.java:87)
	at reactor.core.publisher.FluxDefer.subscribe(FluxDefer.java:46)
	at reactor.core.publisher.FluxSubscribeOn$SubscribeOnSubscriber.run(FluxSubscribeOn.java:194)
	at reactor.core.scheduler.WorkerTask.call(WorkerTask.java:84)
	at reactor.core.scheduler.WorkerTask.call(WorkerTask.java:37)
	at java.util.concurrent.FutureTask.run$$$capture(FutureTask.java:266)
	at java.util.concurrent.FutureTask.run(FutureTask.java)
	at java.util.concurrent.ScheduledThreadPoolExecutor$ScheduledFutureTask.access$201(ScheduledThreadPoolExecutor.java:180)
	at java.util.concurrent.ScheduledThreadPoolExecutor$ScheduledFutureTask.run(ScheduledThreadPoolExecutor.java:293)
	at java.util.concurrent.ThreadPoolExecutor.runWorker(ThreadPoolExecutor.java:1149)
	at java.util.concurrent.ThreadPoolExecutor$Worker.run(ThreadPoolExecutor.java:624)
	at java.lang.Thread.run(Thread.java:748)
13:00:22.848 [boundedElastic-35] ERROR c.a.c.n.d.r.NacosReactiveDiscoveryClient - [lambda$getServices$3,94] - get services from nacos server fail,
com.alibaba.nacos.api.exception.NacosException: Client not connected, current status:UNHEALTHY
	at com.alibaba.nacos.common.remote.client.RpcClient.request(RpcClient.java:639)
	at com.alibaba.nacos.common.remote.client.RpcClient.request(RpcClient.java:619)
	at com.alibaba.nacos.client.naming.remote.gprc.NamingGrpcClientProxy.requestToServer(NamingGrpcClientProxy.java:356)
	at com.alibaba.nacos.client.naming.remote.gprc.NamingGrpcClientProxy.getServiceList(NamingGrpcClientProxy.java:282)
	at com.alibaba.nacos.client.naming.remote.NamingClientProxyDelegate.getServiceList(NamingClientProxyDelegate.java:162)
	at com.alibaba.nacos.client.naming.NacosNamingService.getServicesOfServer(NacosNamingService.java:461)
	at com.alibaba.nacos.client.naming.NacosNamingService.getServicesOfServer(NacosNamingService.java:449)
	at com.alibaba.cloud.nacos.discovery.NacosServiceDiscovery.getServices(NacosServiceDiscovery.java:70)
	at com.alibaba.cloud.nacos.discovery.reactive.NacosReactiveDiscoveryClient.lambda$getServices$3(NacosReactiveDiscoveryClient.java:87)
	at reactor.core.publisher.FluxDefer.subscribe(FluxDefer.java:46)
	at reactor.core.publisher.FluxSubscribeOn$SubscribeOnSubscriber.run(FluxSubscribeOn.java:194)
	at reactor.core.scheduler.WorkerTask.call(WorkerTask.java:84)
	at reactor.core.scheduler.WorkerTask.call(WorkerTask.java:37)
	at java.util.concurrent.FutureTask.run$$$capture(FutureTask.java:266)
	at java.util.concurrent.FutureTask.run(FutureTask.java)
	at java.util.concurrent.ScheduledThreadPoolExecutor$ScheduledFutureTask.access$201(ScheduledThreadPoolExecutor.java:180)
	at java.util.concurrent.ScheduledThreadPoolExecutor$ScheduledFutureTask.run(ScheduledThreadPoolExecutor.java:293)
	at java.util.concurrent.ThreadPoolExecutor.runWorker(ThreadPoolExecutor.java:1149)
	at java.util.concurrent.ThreadPoolExecutor$Worker.run(ThreadPoolExecutor.java:624)
	at java.lang.Thread.run(Thread.java:748)
13:00:22.855 [boundedElastic-19] ERROR c.a.c.n.d.r.NacosReactiveDiscoveryClient - [lambda$getServices$3,94] - get services from nacos server fail,
com.alibaba.nacos.api.exception.NacosException: Client not connected, current status:UNHEALTHY
	at com.alibaba.nacos.common.remote.client.RpcClient.request(RpcClient.java:639)
	at com.alibaba.nacos.common.remote.client.RpcClient.request(RpcClient.java:619)
	at com.alibaba.nacos.client.naming.remote.gprc.NamingGrpcClientProxy.requestToServer(NamingGrpcClientProxy.java:356)
	at com.alibaba.nacos.client.naming.remote.gprc.NamingGrpcClientProxy.getServiceList(NamingGrpcClientProxy.java:282)
	at com.alibaba.nacos.client.naming.remote.NamingClientProxyDelegate.getServiceList(NamingClientProxyDelegate.java:162)
	at com.alibaba.nacos.client.naming.NacosNamingService.getServicesOfServer(NacosNamingService.java:461)
	at com.alibaba.nacos.client.naming.NacosNamingService.getServicesOfServer(NacosNamingService.java:449)
	at com.alibaba.cloud.nacos.discovery.NacosServiceDiscovery.getServices(NacosServiceDiscovery.java:70)
	at com.alibaba.cloud.nacos.discovery.reactive.NacosReactiveDiscoveryClient.lambda$getServices$3(NacosReactiveDiscoveryClient.java:87)
	at reactor.core.publisher.FluxDefer.subscribe(FluxDefer.java:46)
	at reactor.core.publisher.FluxSubscribeOn$SubscribeOnSubscriber.run(FluxSubscribeOn.java:194)
	at reactor.core.scheduler.WorkerTask.call(WorkerTask.java:84)
	at reactor.core.scheduler.WorkerTask.call(WorkerTask.java:37)
	at java.util.concurrent.FutureTask.run$$$capture(FutureTask.java:266)
	at java.util.concurrent.FutureTask.run(FutureTask.java)
	at java.util.concurrent.ScheduledThreadPoolExecutor$ScheduledFutureTask.access$201(ScheduledThreadPoolExecutor.java:180)
	at java.util.concurrent.ScheduledThreadPoolExecutor$ScheduledFutureTask.run(ScheduledThreadPoolExecutor.java:293)
	at java.util.concurrent.ThreadPoolExecutor.runWorker(ThreadPoolExecutor.java:1149)
	at java.util.concurrent.ThreadPoolExecutor$Worker.run(ThreadPoolExecutor.java:624)
	at java.lang.Thread.run(Thread.java:748)
13:00:52.848 [boundedElastic-35] ERROR c.a.c.n.d.r.NacosReactiveDiscoveryClient - [lambda$getServices$3,94] - get services from nacos server fail,
com.alibaba.nacos.api.exception.NacosException: Client not connected, current status:UNHEALTHY
	at com.alibaba.nacos.common.remote.client.RpcClient.request(RpcClient.java:639)
	at com.alibaba.nacos.common.remote.client.RpcClient.request(RpcClient.java:619)
	at com.alibaba.nacos.client.naming.remote.gprc.NamingGrpcClientProxy.requestToServer(NamingGrpcClientProxy.java:356)
	at com.alibaba.nacos.client.naming.remote.gprc.NamingGrpcClientProxy.getServiceList(NamingGrpcClientProxy.java:282)
	at com.alibaba.nacos.client.naming.remote.NamingClientProxyDelegate.getServiceList(NamingClientProxyDelegate.java:162)
	at com.alibaba.nacos.client.naming.NacosNamingService.getServicesOfServer(NacosNamingService.java:461)
	at com.alibaba.nacos.client.naming.NacosNamingService.getServicesOfServer(NacosNamingService.java:449)
	at com.alibaba.cloud.nacos.discovery.NacosServiceDiscovery.getServices(NacosServiceDiscovery.java:70)
	at com.alibaba.cloud.nacos.discovery.reactive.NacosReactiveDiscoveryClient.lambda$getServices$3(NacosReactiveDiscoveryClient.java:87)
	at reactor.core.publisher.FluxDefer.subscribe(FluxDefer.java:46)
	at reactor.core.publisher.FluxSubscribeOn$SubscribeOnSubscriber.run(FluxSubscribeOn.java:194)
	at reactor.core.scheduler.WorkerTask.call(WorkerTask.java:84)
	at reactor.core.scheduler.WorkerTask.call(WorkerTask.java:37)
	at java.util.concurrent.FutureTask.run$$$capture(FutureTask.java:266)
	at java.util.concurrent.FutureTask.run(FutureTask.java)
	at java.util.concurrent.ScheduledThreadPoolExecutor$ScheduledFutureTask.access$201(ScheduledThreadPoolExecutor.java:180)
	at java.util.concurrent.ScheduledThreadPoolExecutor$ScheduledFutureTask.run(ScheduledThreadPoolExecutor.java:293)
	at java.util.concurrent.ThreadPoolExecutor.runWorker(ThreadPoolExecutor.java:1149)
	at java.util.concurrent.ThreadPoolExecutor$Worker.run(ThreadPoolExecutor.java:624)
	at java.lang.Thread.run(Thread.java:748)
13:00:52.849 [boundedElastic-19] ERROR c.a.c.n.d.r.NacosReactiveDiscoveryClient - [lambda$getServices$3,94] - get services from nacos server fail,
com.alibaba.nacos.api.exception.NacosException: Client not connected, current status:UNHEALTHY
	at com.alibaba.nacos.common.remote.client.RpcClient.request(RpcClient.java:639)
	at com.alibaba.nacos.common.remote.client.RpcClient.request(RpcClient.java:619)
	at com.alibaba.nacos.client.naming.remote.gprc.NamingGrpcClientProxy.requestToServer(NamingGrpcClientProxy.java:356)
	at com.alibaba.nacos.client.naming.remote.gprc.NamingGrpcClientProxy.getServiceList(NamingGrpcClientProxy.java:282)
	at com.alibaba.nacos.client.naming.remote.NamingClientProxyDelegate.getServiceList(NamingClientProxyDelegate.java:162)
	at com.alibaba.nacos.client.naming.NacosNamingService.getServicesOfServer(NacosNamingService.java:461)
	at com.alibaba.nacos.client.naming.NacosNamingService.getServicesOfServer(NacosNamingService.java:449)
	at com.alibaba.cloud.nacos.discovery.NacosServiceDiscovery.getServices(NacosServiceDiscovery.java:70)
	at com.alibaba.cloud.nacos.discovery.reactive.NacosReactiveDiscoveryClient.lambda$getServices$3(NacosReactiveDiscoveryClient.java:87)
	at reactor.core.publisher.FluxDefer.subscribe(FluxDefer.java:46)
	at reactor.core.publisher.FluxSubscribeOn$SubscribeOnSubscriber.run(FluxSubscribeOn.java:194)
	at reactor.core.scheduler.WorkerTask.call(WorkerTask.java:84)
	at reactor.core.scheduler.WorkerTask.call(WorkerTask.java:37)
	at java.util.concurrent.FutureTask.run$$$capture(FutureTask.java:266)
	at java.util.concurrent.FutureTask.run(FutureTask.java)
	at java.util.concurrent.ScheduledThreadPoolExecutor$ScheduledFutureTask.access$201(ScheduledThreadPoolExecutor.java:180)
	at java.util.concurrent.ScheduledThreadPoolExecutor$ScheduledFutureTask.run(ScheduledThreadPoolExecutor.java:293)
	at java.util.concurrent.ThreadPoolExecutor.runWorker(ThreadPoolExecutor.java:1149)
	at java.util.concurrent.ThreadPoolExecutor$Worker.run(ThreadPoolExecutor.java:624)
	at java.lang.Thread.run(Thread.java:748)
13:01:22.851 [boundedElastic-19] ERROR c.a.c.n.d.r.NacosReactiveDiscoveryClient - [lambda$getServices$3,94] - get services from nacos server fail,
com.alibaba.nacos.api.exception.NacosException: Client not connected, current status:UNHEALTHY
	at com.alibaba.nacos.common.remote.client.RpcClient.request(RpcClient.java:639)
	at com.alibaba.nacos.common.remote.client.RpcClient.request(RpcClient.java:619)
	at com.alibaba.nacos.client.naming.remote.gprc.NamingGrpcClientProxy.requestToServer(NamingGrpcClientProxy.java:356)
	at com.alibaba.nacos.client.naming.remote.gprc.NamingGrpcClientProxy.getServiceList(NamingGrpcClientProxy.java:282)
	at com.alibaba.nacos.client.naming.remote.NamingClientProxyDelegate.getServiceList(NamingClientProxyDelegate.java:162)
	at com.alibaba.nacos.client.naming.NacosNamingService.getServicesOfServer(NacosNamingService.java:461)
	at com.alibaba.nacos.client.naming.NacosNamingService.getServicesOfServer(NacosNamingService.java:449)
	at com.alibaba.cloud.nacos.discovery.NacosServiceDiscovery.getServices(NacosServiceDiscovery.java:70)
	at com.alibaba.cloud.nacos.discovery.reactive.NacosReactiveDiscoveryClient.lambda$getServices$3(NacosReactiveDiscoveryClient.java:87)
	at reactor.core.publisher.FluxDefer.subscribe(FluxDefer.java:46)
	at reactor.core.publisher.FluxSubscribeOn$SubscribeOnSubscriber.run(FluxSubscribeOn.java:194)
	at reactor.core.scheduler.WorkerTask.call(WorkerTask.java:84)
	at reactor.core.scheduler.WorkerTask.call(WorkerTask.java:37)
	at java.util.concurrent.FutureTask.run$$$capture(FutureTask.java:266)
	at java.util.concurrent.FutureTask.run(FutureTask.java)
	at java.util.concurrent.ScheduledThreadPoolExecutor$ScheduledFutureTask.access$201(ScheduledThreadPoolExecutor.java:180)
	at java.util.concurrent.ScheduledThreadPoolExecutor$ScheduledFutureTask.run(ScheduledThreadPoolExecutor.java:293)
	at java.util.concurrent.ThreadPoolExecutor.runWorker(ThreadPoolExecutor.java:1149)
	at java.util.concurrent.ThreadPoolExecutor$Worker.run(ThreadPoolExecutor.java:624)
	at java.lang.Thread.run(Thread.java:748)
13:01:22.851 [boundedElastic-35] ERROR c.a.c.n.d.r.NacosReactiveDiscoveryClient - [lambda$getServices$3,94] - get services from nacos server fail,
com.alibaba.nacos.api.exception.NacosException: Client not connected, current status:UNHEALTHY
	at com.alibaba.nacos.common.remote.client.RpcClient.request(RpcClient.java:639)
	at com.alibaba.nacos.common.remote.client.RpcClient.request(RpcClient.java:619)
	at com.alibaba.nacos.client.naming.remote.gprc.NamingGrpcClientProxy.requestToServer(NamingGrpcClientProxy.java:356)
	at com.alibaba.nacos.client.naming.remote.gprc.NamingGrpcClientProxy.getServiceList(NamingGrpcClientProxy.java:282)
	at com.alibaba.nacos.client.naming.remote.NamingClientProxyDelegate.getServiceList(NamingClientProxyDelegate.java:162)
	at com.alibaba.nacos.client.naming.NacosNamingService.getServicesOfServer(NacosNamingService.java:461)
	at com.alibaba.nacos.client.naming.NacosNamingService.getServicesOfServer(NacosNamingService.java:449)
	at com.alibaba.cloud.nacos.discovery.NacosServiceDiscovery.getServices(NacosServiceDiscovery.java:70)
	at com.alibaba.cloud.nacos.discovery.reactive.NacosReactiveDiscoveryClient.lambda$getServices$3(NacosReactiveDiscoveryClient.java:87)
	at reactor.core.publisher.FluxDefer.subscribe(FluxDefer.java:46)
	at reactor.core.publisher.FluxSubscribeOn$SubscribeOnSubscriber.run(FluxSubscribeOn.java:194)
	at reactor.core.scheduler.WorkerTask.call(WorkerTask.java:84)
	at reactor.core.scheduler.WorkerTask.call(WorkerTask.java:37)
	at java.util.concurrent.FutureTask.run$$$capture(FutureTask.java:266)
	at java.util.concurrent.FutureTask.run(FutureTask.java)
	at java.util.concurrent.ScheduledThreadPoolExecutor$ScheduledFutureTask.access$201(ScheduledThreadPoolExecutor.java:180)
	at java.util.concurrent.ScheduledThreadPoolExecutor$ScheduledFutureTask.run(ScheduledThreadPoolExecutor.java:293)
	at java.util.concurrent.ThreadPoolExecutor.runWorker(ThreadPoolExecutor.java:1149)
	at java.util.concurrent.ThreadPoolExecutor$Worker.run(ThreadPoolExecutor.java:624)
	at java.lang.Thread.run(Thread.java:748)
13:01:52.857 [boundedElastic-35] ERROR c.a.c.n.d.r.NacosReactiveDiscoveryClient - [lambda$getServices$3,94] - get services from nacos server fail,
com.alibaba.nacos.api.exception.NacosException: Client not connected, current status:UNHEALTHY
	at com.alibaba.nacos.common.remote.client.RpcClient.request(RpcClient.java:639)
	at com.alibaba.nacos.common.remote.client.RpcClient.request(RpcClient.java:619)
	at com.alibaba.nacos.client.naming.remote.gprc.NamingGrpcClientProxy.requestToServer(NamingGrpcClientProxy.java:356)
	at com.alibaba.nacos.client.naming.remote.gprc.NamingGrpcClientProxy.getServiceList(NamingGrpcClientProxy.java:282)
	at com.alibaba.nacos.client.naming.remote.NamingClientProxyDelegate.getServiceList(NamingClientProxyDelegate.java:162)
	at com.alibaba.nacos.client.naming.NacosNamingService.getServicesOfServer(NacosNamingService.java:461)
	at com.alibaba.nacos.client.naming.NacosNamingService.getServicesOfServer(NacosNamingService.java:449)
	at com.alibaba.cloud.nacos.discovery.NacosServiceDiscovery.getServices(NacosServiceDiscovery.java:70)
	at com.alibaba.cloud.nacos.discovery.reactive.NacosReactiveDiscoveryClient.lambda$getServices$3(NacosReactiveDiscoveryClient.java:87)
	at reactor.core.publisher.FluxDefer.subscribe(FluxDefer.java:46)
	at reactor.core.publisher.FluxSubscribeOn$SubscribeOnSubscriber.run(FluxSubscribeOn.java:194)
	at reactor.core.scheduler.WorkerTask.call(WorkerTask.java:84)
	at reactor.core.scheduler.WorkerTask.call(WorkerTask.java:37)
	at java.util.concurrent.FutureTask.run$$$capture(FutureTask.java:266)
	at java.util.concurrent.FutureTask.run(FutureTask.java)
	at java.util.concurrent.ScheduledThreadPoolExecutor$ScheduledFutureTask.access$201(ScheduledThreadPoolExecutor.java:180)
	at java.util.concurrent.ScheduledThreadPoolExecutor$ScheduledFutureTask.run(ScheduledThreadPoolExecutor.java:293)
	at java.util.concurrent.ThreadPoolExecutor.runWorker(ThreadPoolExecutor.java:1149)
	at java.util.concurrent.ThreadPoolExecutor$Worker.run(ThreadPoolExecutor.java:624)
	at java.lang.Thread.run(Thread.java:748)
13:01:52.860 [boundedElastic-19] ERROR c.a.c.n.d.r.NacosReactiveDiscoveryClient - [lambda$getServices$3,94] - get services from nacos server fail,
com.alibaba.nacos.api.exception.NacosException: Client not connected, current status:UNHEALTHY
	at com.alibaba.nacos.common.remote.client.RpcClient.request(RpcClient.java:639)
	at com.alibaba.nacos.common.remote.client.RpcClient.request(RpcClient.java:619)
	at com.alibaba.nacos.client.naming.remote.gprc.NamingGrpcClientProxy.requestToServer(NamingGrpcClientProxy.java:356)
	at com.alibaba.nacos.client.naming.remote.gprc.NamingGrpcClientProxy.getServiceList(NamingGrpcClientProxy.java:282)
	at com.alibaba.nacos.client.naming.remote.NamingClientProxyDelegate.getServiceList(NamingClientProxyDelegate.java:162)
	at com.alibaba.nacos.client.naming.NacosNamingService.getServicesOfServer(NacosNamingService.java:461)
	at com.alibaba.nacos.client.naming.NacosNamingService.getServicesOfServer(NacosNamingService.java:449)
	at com.alibaba.cloud.nacos.discovery.NacosServiceDiscovery.getServices(NacosServiceDiscovery.java:70)
	at com.alibaba.cloud.nacos.discovery.reactive.NacosReactiveDiscoveryClient.lambda$getServices$3(NacosReactiveDiscoveryClient.java:87)
	at reactor.core.publisher.FluxDefer.subscribe(FluxDefer.java:46)
	at reactor.core.publisher.FluxSubscribeOn$SubscribeOnSubscriber.run(FluxSubscribeOn.java:194)
	at reactor.core.scheduler.WorkerTask.call(WorkerTask.java:84)
	at reactor.core.scheduler.WorkerTask.call(WorkerTask.java:37)
	at java.util.concurrent.FutureTask.run$$$capture(FutureTask.java:266)
	at java.util.concurrent.FutureTask.run(FutureTask.java)
	at java.util.concurrent.ScheduledThreadPoolExecutor$ScheduledFutureTask.access$201(ScheduledThreadPoolExecutor.java:180)
	at java.util.concurrent.ScheduledThreadPoolExecutor$ScheduledFutureTask.run(ScheduledThreadPoolExecutor.java:293)
	at java.util.concurrent.ThreadPoolExecutor.runWorker(ThreadPoolExecutor.java:1149)
	at java.util.concurrent.ThreadPoolExecutor$Worker.run(ThreadPoolExecutor.java:624)
	at java.lang.Thread.run(Thread.java:748)
13:02:22.860 [boundedElastic-35] ERROR c.a.c.n.d.r.NacosReactiveDiscoveryClient - [lambda$getServices$3,94] - get services from nacos server fail,
com.alibaba.nacos.api.exception.NacosException: Client not connected, current status:UNHEALTHY
	at com.alibaba.nacos.common.remote.client.RpcClient.request(RpcClient.java:639)
	at com.alibaba.nacos.common.remote.client.RpcClient.request(RpcClient.java:619)
	at com.alibaba.nacos.client.naming.remote.gprc.NamingGrpcClientProxy.requestToServer(NamingGrpcClientProxy.java:356)
	at com.alibaba.nacos.client.naming.remote.gprc.NamingGrpcClientProxy.getServiceList(NamingGrpcClientProxy.java:282)
	at com.alibaba.nacos.client.naming.remote.NamingClientProxyDelegate.getServiceList(NamingClientProxyDelegate.java:162)
	at com.alibaba.nacos.client.naming.NacosNamingService.getServicesOfServer(NacosNamingService.java:461)
	at com.alibaba.nacos.client.naming.NacosNamingService.getServicesOfServer(NacosNamingService.java:449)
	at com.alibaba.cloud.nacos.discovery.NacosServiceDiscovery.getServices(NacosServiceDiscovery.java:70)
	at com.alibaba.cloud.nacos.discovery.reactive.NacosReactiveDiscoveryClient.lambda$getServices$3(NacosReactiveDiscoveryClient.java:87)
	at reactor.core.publisher.FluxDefer.subscribe(FluxDefer.java:46)
	at reactor.core.publisher.FluxSubscribeOn$SubscribeOnSubscriber.run(FluxSubscribeOn.java:194)
	at reactor.core.scheduler.WorkerTask.call(WorkerTask.java:84)
	at reactor.core.scheduler.WorkerTask.call(WorkerTask.java:37)
	at java.util.concurrent.FutureTask.run$$$capture(FutureTask.java:266)
	at java.util.concurrent.FutureTask.run(FutureTask.java)
	at java.util.concurrent.ScheduledThreadPoolExecutor$ScheduledFutureTask.access$201(ScheduledThreadPoolExecutor.java:180)
	at java.util.concurrent.ScheduledThreadPoolExecutor$ScheduledFutureTask.run(ScheduledThreadPoolExecutor.java:293)
	at java.util.concurrent.ThreadPoolExecutor.runWorker(ThreadPoolExecutor.java:1149)
	at java.util.concurrent.ThreadPoolExecutor$Worker.run(ThreadPoolExecutor.java:624)
	at java.lang.Thread.run(Thread.java:748)
13:02:22.860 [boundedElastic-19] ERROR c.a.c.n.d.r.NacosReactiveDiscoveryClient - [lambda$getServices$3,94] - get services from nacos server fail,
com.alibaba.nacos.api.exception.NacosException: Client not connected, current status:UNHEALTHY
	at com.alibaba.nacos.common.remote.client.RpcClient.request(RpcClient.java:639)
	at com.alibaba.nacos.common.remote.client.RpcClient.request(RpcClient.java:619)
	at com.alibaba.nacos.client.naming.remote.gprc.NamingGrpcClientProxy.requestToServer(NamingGrpcClientProxy.java:356)
	at com.alibaba.nacos.client.naming.remote.gprc.NamingGrpcClientProxy.getServiceList(NamingGrpcClientProxy.java:282)
	at com.alibaba.nacos.client.naming.remote.NamingClientProxyDelegate.getServiceList(NamingClientProxyDelegate.java:162)
	at com.alibaba.nacos.client.naming.NacosNamingService.getServicesOfServer(NacosNamingService.java:461)
	at com.alibaba.nacos.client.naming.NacosNamingService.getServicesOfServer(NacosNamingService.java:449)
	at com.alibaba.cloud.nacos.discovery.NacosServiceDiscovery.getServices(NacosServiceDiscovery.java:70)
	at com.alibaba.cloud.nacos.discovery.reactive.NacosReactiveDiscoveryClient.lambda$getServices$3(NacosReactiveDiscoveryClient.java:87)
	at reactor.core.publisher.FluxDefer.subscribe(FluxDefer.java:46)
	at reactor.core.publisher.FluxSubscribeOn$SubscribeOnSubscriber.run(FluxSubscribeOn.java:194)
	at reactor.core.scheduler.WorkerTask.call(WorkerTask.java:84)
	at reactor.core.scheduler.WorkerTask.call(WorkerTask.java:37)
	at java.util.concurrent.FutureTask.run$$$capture(FutureTask.java:266)
	at java.util.concurrent.FutureTask.run(FutureTask.java)
	at java.util.concurrent.ScheduledThreadPoolExecutor$ScheduledFutureTask.access$201(ScheduledThreadPoolExecutor.java:180)
	at java.util.concurrent.ScheduledThreadPoolExecutor$ScheduledFutureTask.run(ScheduledThreadPoolExecutor.java:293)
	at java.util.concurrent.ThreadPoolExecutor.runWorker(ThreadPoolExecutor.java:1149)
	at java.util.concurrent.ThreadPoolExecutor$Worker.run(ThreadPoolExecutor.java:624)
	at java.lang.Thread.run(Thread.java:748)
13:02:52.861 [boundedElastic-35] ERROR c.a.c.n.d.r.NacosReactiveDiscoveryClient - [lambda$getServices$3,94] - get services from nacos server fail,
com.alibaba.nacos.api.exception.NacosException: Client not connected, current status:UNHEALTHY
	at com.alibaba.nacos.common.remote.client.RpcClient.request(RpcClient.java:639)
	at com.alibaba.nacos.common.remote.client.RpcClient.request(RpcClient.java:619)
	at com.alibaba.nacos.client.naming.remote.gprc.NamingGrpcClientProxy.requestToServer(NamingGrpcClientProxy.java:356)
	at com.alibaba.nacos.client.naming.remote.gprc.NamingGrpcClientProxy.getServiceList(NamingGrpcClientProxy.java:282)
	at com.alibaba.nacos.client.naming.remote.NamingClientProxyDelegate.getServiceList(NamingClientProxyDelegate.java:162)
	at com.alibaba.nacos.client.naming.NacosNamingService.getServicesOfServer(NacosNamingService.java:461)
	at com.alibaba.nacos.client.naming.NacosNamingService.getServicesOfServer(NacosNamingService.java:449)
	at com.alibaba.cloud.nacos.discovery.NacosServiceDiscovery.getServices(NacosServiceDiscovery.java:70)
	at com.alibaba.cloud.nacos.discovery.reactive.NacosReactiveDiscoveryClient.lambda$getServices$3(NacosReactiveDiscoveryClient.java:87)
	at reactor.core.publisher.FluxDefer.subscribe(FluxDefer.java:46)
	at reactor.core.publisher.FluxSubscribeOn$SubscribeOnSubscriber.run(FluxSubscribeOn.java:194)
	at reactor.core.scheduler.WorkerTask.call(WorkerTask.java:84)
	at reactor.core.scheduler.WorkerTask.call(WorkerTask.java:37)
	at java.util.concurrent.FutureTask.run$$$capture(FutureTask.java:266)
	at java.util.concurrent.FutureTask.run(FutureTask.java)
	at java.util.concurrent.ScheduledThreadPoolExecutor$ScheduledFutureTask.access$201(ScheduledThreadPoolExecutor.java:180)
	at java.util.concurrent.ScheduledThreadPoolExecutor$ScheduledFutureTask.run(ScheduledThreadPoolExecutor.java:293)
	at java.util.concurrent.ThreadPoolExecutor.runWorker(ThreadPoolExecutor.java:1149)
	at java.util.concurrent.ThreadPoolExecutor$Worker.run(ThreadPoolExecutor.java:624)
	at java.lang.Thread.run(Thread.java:748)
13:02:52.866 [boundedElastic-19] ERROR c.a.c.n.d.r.NacosReactiveDiscoveryClient - [lambda$getServices$3,94] - get services from nacos server fail,
com.alibaba.nacos.api.exception.NacosException: Client not connected, current status:UNHEALTHY
	at com.alibaba.nacos.common.remote.client.RpcClient.request(RpcClient.java:639)
	at com.alibaba.nacos.common.remote.client.RpcClient.request(RpcClient.java:619)
	at com.alibaba.nacos.client.naming.remote.gprc.NamingGrpcClientProxy.requestToServer(NamingGrpcClientProxy.java:356)
	at com.alibaba.nacos.client.naming.remote.gprc.NamingGrpcClientProxy.getServiceList(NamingGrpcClientProxy.java:282)
	at com.alibaba.nacos.client.naming.remote.NamingClientProxyDelegate.getServiceList(NamingClientProxyDelegate.java:162)
	at com.alibaba.nacos.client.naming.NacosNamingService.getServicesOfServer(NacosNamingService.java:461)
	at com.alibaba.nacos.client.naming.NacosNamingService.getServicesOfServer(NacosNamingService.java:449)
	at com.alibaba.cloud.nacos.discovery.NacosServiceDiscovery.getServices(NacosServiceDiscovery.java:70)
	at com.alibaba.cloud.nacos.discovery.reactive.NacosReactiveDiscoveryClient.lambda$getServices$3(NacosReactiveDiscoveryClient.java:87)
	at reactor.core.publisher.FluxDefer.subscribe(FluxDefer.java:46)
	at reactor.core.publisher.FluxSubscribeOn$SubscribeOnSubscriber.run(FluxSubscribeOn.java:194)
	at reactor.core.scheduler.WorkerTask.call(WorkerTask.java:84)
	at reactor.core.scheduler.WorkerTask.call(WorkerTask.java:37)
	at java.util.concurrent.FutureTask.run$$$capture(FutureTask.java:266)
	at java.util.concurrent.FutureTask.run(FutureTask.java)
	at java.util.concurrent.ScheduledThreadPoolExecutor$ScheduledFutureTask.access$201(ScheduledThreadPoolExecutor.java:180)
	at java.util.concurrent.ScheduledThreadPoolExecutor$ScheduledFutureTask.run(ScheduledThreadPoolExecutor.java:293)
	at java.util.concurrent.ThreadPoolExecutor.runWorker(ThreadPoolExecutor.java:1149)
	at java.util.concurrent.ThreadPoolExecutor$Worker.run(ThreadPoolExecutor.java:624)
	at java.lang.Thread.run(Thread.java:748)
13:03:22.865 [boundedElastic-35] ERROR c.a.c.n.d.r.NacosReactiveDiscoveryClient - [lambda$getServices$3,94] - get services from nacos server fail,
com.alibaba.nacos.api.exception.NacosException: Client not connected, current status:UNHEALTHY
	at com.alibaba.nacos.common.remote.client.RpcClient.request(RpcClient.java:639)
	at com.alibaba.nacos.common.remote.client.RpcClient.request(RpcClient.java:619)
	at com.alibaba.nacos.client.naming.remote.gprc.NamingGrpcClientProxy.requestToServer(NamingGrpcClientProxy.java:356)
	at com.alibaba.nacos.client.naming.remote.gprc.NamingGrpcClientProxy.getServiceList(NamingGrpcClientProxy.java:282)
	at com.alibaba.nacos.client.naming.remote.NamingClientProxyDelegate.getServiceList(NamingClientProxyDelegate.java:162)
	at com.alibaba.nacos.client.naming.NacosNamingService.getServicesOfServer(NacosNamingService.java:461)
	at com.alibaba.nacos.client.naming.NacosNamingService.getServicesOfServer(NacosNamingService.java:449)
	at com.alibaba.cloud.nacos.discovery.NacosServiceDiscovery.getServices(NacosServiceDiscovery.java:70)
	at com.alibaba.cloud.nacos.discovery.reactive.NacosReactiveDiscoveryClient.lambda$getServices$3(NacosReactiveDiscoveryClient.java:87)
	at reactor.core.publisher.FluxDefer.subscribe(FluxDefer.java:46)
	at reactor.core.publisher.FluxSubscribeOn$SubscribeOnSubscriber.run(FluxSubscribeOn.java:194)
	at reactor.core.scheduler.WorkerTask.call(WorkerTask.java:84)
	at reactor.core.scheduler.WorkerTask.call(WorkerTask.java:37)
	at java.util.concurrent.FutureTask.run$$$capture(FutureTask.java:266)
	at java.util.concurrent.FutureTask.run(FutureTask.java)
	at java.util.concurrent.ScheduledThreadPoolExecutor$ScheduledFutureTask.access$201(ScheduledThreadPoolExecutor.java:180)
	at java.util.concurrent.ScheduledThreadPoolExecutor$ScheduledFutureTask.run(ScheduledThreadPoolExecutor.java:293)
	at java.util.concurrent.ThreadPoolExecutor.runWorker(ThreadPoolExecutor.java:1149)
	at java.util.concurrent.ThreadPoolExecutor$Worker.run(ThreadPoolExecutor.java:624)
	at java.lang.Thread.run(Thread.java:748)
13:03:22.871 [boundedElastic-19] ERROR c.a.c.n.d.r.NacosReactiveDiscoveryClient - [lambda$getServices$3,94] - get services from nacos server fail,
com.alibaba.nacos.api.exception.NacosException: Client not connected, current status:UNHEALTHY
	at com.alibaba.nacos.common.remote.client.RpcClient.request(RpcClient.java:639)
	at com.alibaba.nacos.common.remote.client.RpcClient.request(RpcClient.java:619)
	at com.alibaba.nacos.client.naming.remote.gprc.NamingGrpcClientProxy.requestToServer(NamingGrpcClientProxy.java:356)
	at com.alibaba.nacos.client.naming.remote.gprc.NamingGrpcClientProxy.getServiceList(NamingGrpcClientProxy.java:282)
	at com.alibaba.nacos.client.naming.remote.NamingClientProxyDelegate.getServiceList(NamingClientProxyDelegate.java:162)
	at com.alibaba.nacos.client.naming.NacosNamingService.getServicesOfServer(NacosNamingService.java:461)
	at com.alibaba.nacos.client.naming.NacosNamingService.getServicesOfServer(NacosNamingService.java:449)
	at com.alibaba.cloud.nacos.discovery.NacosServiceDiscovery.getServices(NacosServiceDiscovery.java:70)
	at com.alibaba.cloud.nacos.discovery.reactive.NacosReactiveDiscoveryClient.lambda$getServices$3(NacosReactiveDiscoveryClient.java:87)
	at reactor.core.publisher.FluxDefer.subscribe(FluxDefer.java:46)
	at reactor.core.publisher.FluxSubscribeOn$SubscribeOnSubscriber.run(FluxSubscribeOn.java:194)
	at reactor.core.scheduler.WorkerTask.call(WorkerTask.java:84)
	at reactor.core.scheduler.WorkerTask.call(WorkerTask.java:37)
	at java.util.concurrent.FutureTask.run$$$capture(FutureTask.java:266)
	at java.util.concurrent.FutureTask.run(FutureTask.java)
	at java.util.concurrent.ScheduledThreadPoolExecutor$ScheduledFutureTask.access$201(ScheduledThreadPoolExecutor.java:180)
	at java.util.concurrent.ScheduledThreadPoolExecutor$ScheduledFutureTask.run(ScheduledThreadPoolExecutor.java:293)
	at java.util.concurrent.ThreadPoolExecutor.runWorker(ThreadPoolExecutor.java:1149)
	at java.util.concurrent.ThreadPoolExecutor$Worker.run(ThreadPoolExecutor.java:624)
	at java.lang.Thread.run(Thread.java:748)
13:03:52.864 [boundedElastic-19] ERROR c.a.c.n.d.r.NacosReactiveDiscoveryClient - [lambda$getServices$3,94] - get services from nacos server fail,
com.alibaba.nacos.api.exception.NacosException: Client not connected, current status:UNHEALTHY
	at com.alibaba.nacos.common.remote.client.RpcClient.request(RpcClient.java:639)
	at com.alibaba.nacos.common.remote.client.RpcClient.request(RpcClient.java:619)
	at com.alibaba.nacos.client.naming.remote.gprc.NamingGrpcClientProxy.requestToServer(NamingGrpcClientProxy.java:356)
	at com.alibaba.nacos.client.naming.remote.gprc.NamingGrpcClientProxy.getServiceList(NamingGrpcClientProxy.java:282)
	at com.alibaba.nacos.client.naming.remote.NamingClientProxyDelegate.getServiceList(NamingClientProxyDelegate.java:162)
	at com.alibaba.nacos.client.naming.NacosNamingService.getServicesOfServer(NacosNamingService.java:461)
	at com.alibaba.nacos.client.naming.NacosNamingService.getServicesOfServer(NacosNamingService.java:449)
	at com.alibaba.cloud.nacos.discovery.NacosServiceDiscovery.getServices(NacosServiceDiscovery.java:70)
	at com.alibaba.cloud.nacos.discovery.reactive.NacosReactiveDiscoveryClient.lambda$getServices$3(NacosReactiveDiscoveryClient.java:87)
	at reactor.core.publisher.FluxDefer.subscribe(FluxDefer.java:46)
	at reactor.core.publisher.FluxSubscribeOn$SubscribeOnSubscriber.run(FluxSubscribeOn.java:194)
	at reactor.core.scheduler.WorkerTask.call(WorkerTask.java:84)
	at reactor.core.scheduler.WorkerTask.call(WorkerTask.java:37)
	at java.util.concurrent.FutureTask.run$$$capture(FutureTask.java:266)
	at java.util.concurrent.FutureTask.run(FutureTask.java)
	at java.util.concurrent.ScheduledThreadPoolExecutor$ScheduledFutureTask.access$201(ScheduledThreadPoolExecutor.java:180)
	at java.util.concurrent.ScheduledThreadPoolExecutor$ScheduledFutureTask.run(ScheduledThreadPoolExecutor.java:293)
	at java.util.concurrent.ThreadPoolExecutor.runWorker(ThreadPoolExecutor.java:1149)
	at java.util.concurrent.ThreadPoolExecutor$Worker.run(ThreadPoolExecutor.java:624)
	at java.lang.Thread.run(Thread.java:748)
13:03:52.871 [boundedElastic-35] ERROR c.a.c.n.d.r.NacosReactiveDiscoveryClient - [lambda$getServices$3,94] - get services from nacos server fail,
com.alibaba.nacos.api.exception.NacosException: Client not connected, current status:UNHEALTHY
	at com.alibaba.nacos.common.remote.client.RpcClient.request(RpcClient.java:639)
	at com.alibaba.nacos.common.remote.client.RpcClient.request(RpcClient.java:619)
	at com.alibaba.nacos.client.naming.remote.gprc.NamingGrpcClientProxy.requestToServer(NamingGrpcClientProxy.java:356)
	at com.alibaba.nacos.client.naming.remote.gprc.NamingGrpcClientProxy.getServiceList(NamingGrpcClientProxy.java:282)
	at com.alibaba.nacos.client.naming.remote.NamingClientProxyDelegate.getServiceList(NamingClientProxyDelegate.java:162)
	at com.alibaba.nacos.client.naming.NacosNamingService.getServicesOfServer(NacosNamingService.java:461)
	at com.alibaba.nacos.client.naming.NacosNamingService.getServicesOfServer(NacosNamingService.java:449)
	at com.alibaba.cloud.nacos.discovery.NacosServiceDiscovery.getServices(NacosServiceDiscovery.java:70)
	at com.alibaba.cloud.nacos.discovery.reactive.NacosReactiveDiscoveryClient.lambda$getServices$3(NacosReactiveDiscoveryClient.java:87)
	at reactor.core.publisher.FluxDefer.subscribe(FluxDefer.java:46)
	at reactor.core.publisher.FluxSubscribeOn$SubscribeOnSubscriber.run(FluxSubscribeOn.java:194)
	at reactor.core.scheduler.WorkerTask.call(WorkerTask.java:84)
	at reactor.core.scheduler.WorkerTask.call(WorkerTask.java:37)
	at java.util.concurrent.FutureTask.run$$$capture(FutureTask.java:266)
	at java.util.concurrent.FutureTask.run(FutureTask.java)
	at java.util.concurrent.ScheduledThreadPoolExecutor$ScheduledFutureTask.access$201(ScheduledThreadPoolExecutor.java:180)
	at java.util.concurrent.ScheduledThreadPoolExecutor$ScheduledFutureTask.run(ScheduledThreadPoolExecutor.java:293)
	at java.util.concurrent.ThreadPoolExecutor.runWorker(ThreadPoolExecutor.java:1149)
	at java.util.concurrent.ThreadPoolExecutor$Worker.run(ThreadPoolExecutor.java:624)
	at java.lang.Thread.run(Thread.java:748)
13:04:22.870 [boundedElastic-19] ERROR c.a.c.n.d.r.NacosReactiveDiscoveryClient - [lambda$getServices$3,94] - get services from nacos server fail,
com.alibaba.nacos.api.exception.NacosException: Client not connected, current status:UNHEALTHY
	at com.alibaba.nacos.common.remote.client.RpcClient.request(RpcClient.java:639)
	at com.alibaba.nacos.common.remote.client.RpcClient.request(RpcClient.java:619)
	at com.alibaba.nacos.client.naming.remote.gprc.NamingGrpcClientProxy.requestToServer(NamingGrpcClientProxy.java:356)
	at com.alibaba.nacos.client.naming.remote.gprc.NamingGrpcClientProxy.getServiceList(NamingGrpcClientProxy.java:282)
	at com.alibaba.nacos.client.naming.remote.NamingClientProxyDelegate.getServiceList(NamingClientProxyDelegate.java:162)
	at com.alibaba.nacos.client.naming.NacosNamingService.getServicesOfServer(NacosNamingService.java:461)
	at com.alibaba.nacos.client.naming.NacosNamingService.getServicesOfServer(NacosNamingService.java:449)
	at com.alibaba.cloud.nacos.discovery.NacosServiceDiscovery.getServices(NacosServiceDiscovery.java:70)
	at com.alibaba.cloud.nacos.discovery.reactive.NacosReactiveDiscoveryClient.lambda$getServices$3(NacosReactiveDiscoveryClient.java:87)
	at reactor.core.publisher.FluxDefer.subscribe(FluxDefer.java:46)
	at reactor.core.publisher.FluxSubscribeOn$SubscribeOnSubscriber.run(FluxSubscribeOn.java:194)
	at reactor.core.scheduler.WorkerTask.call(WorkerTask.java:84)
	at reactor.core.scheduler.WorkerTask.call(WorkerTask.java:37)
	at java.util.concurrent.FutureTask.run$$$capture(FutureTask.java:266)
	at java.util.concurrent.FutureTask.run(FutureTask.java)
	at java.util.concurrent.ScheduledThreadPoolExecutor$ScheduledFutureTask.access$201(ScheduledThreadPoolExecutor.java:180)
	at java.util.concurrent.ScheduledThreadPoolExecutor$ScheduledFutureTask.run(ScheduledThreadPoolExecutor.java:293)
	at java.util.concurrent.ThreadPoolExecutor.runWorker(ThreadPoolExecutor.java:1149)
	at java.util.concurrent.ThreadPoolExecutor$Worker.run(ThreadPoolExecutor.java:624)
	at java.lang.Thread.run(Thread.java:748)
13:04:22.875 [boundedElastic-35] ERROR c.a.c.n.d.r.NacosReactiveDiscoveryClient - [lambda$getServices$3,94] - get services from nacos server fail,
com.alibaba.nacos.api.exception.NacosException: Client not connected, current status:UNHEALTHY
	at com.alibaba.nacos.common.remote.client.RpcClient.request(RpcClient.java:639)
	at com.alibaba.nacos.common.remote.client.RpcClient.request(RpcClient.java:619)
	at com.alibaba.nacos.client.naming.remote.gprc.NamingGrpcClientProxy.requestToServer(NamingGrpcClientProxy.java:356)
	at com.alibaba.nacos.client.naming.remote.gprc.NamingGrpcClientProxy.getServiceList(NamingGrpcClientProxy.java:282)
	at com.alibaba.nacos.client.naming.remote.NamingClientProxyDelegate.getServiceList(NamingClientProxyDelegate.java:162)
	at com.alibaba.nacos.client.naming.NacosNamingService.getServicesOfServer(NacosNamingService.java:461)
	at com.alibaba.nacos.client.naming.NacosNamingService.getServicesOfServer(NacosNamingService.java:449)
	at com.alibaba.cloud.nacos.discovery.NacosServiceDiscovery.getServices(NacosServiceDiscovery.java:70)
	at com.alibaba.cloud.nacos.discovery.reactive.NacosReactiveDiscoveryClient.lambda$getServices$3(NacosReactiveDiscoveryClient.java:87)
	at reactor.core.publisher.FluxDefer.subscribe(FluxDefer.java:46)
	at reactor.core.publisher.FluxSubscribeOn$SubscribeOnSubscriber.run(FluxSubscribeOn.java:194)
	at reactor.core.scheduler.WorkerTask.call(WorkerTask.java:84)
	at reactor.core.scheduler.WorkerTask.call(WorkerTask.java:37)
	at java.util.concurrent.FutureTask.run$$$capture(FutureTask.java:266)
	at java.util.concurrent.FutureTask.run(FutureTask.java)
	at java.util.concurrent.ScheduledThreadPoolExecutor$ScheduledFutureTask.access$201(ScheduledThreadPoolExecutor.java:180)
	at java.util.concurrent.ScheduledThreadPoolExecutor$ScheduledFutureTask.run(ScheduledThreadPoolExecutor.java:293)
	at java.util.concurrent.ThreadPoolExecutor.runWorker(ThreadPoolExecutor.java:1149)
	at java.util.concurrent.ThreadPoolExecutor$Worker.run(ThreadPoolExecutor.java:624)
	at java.lang.Thread.run(Thread.java:748)
13:04:52.873 [boundedElastic-19] ERROR c.a.c.n.d.r.NacosReactiveDiscoveryClient - [lambda$getServices$3,94] - get services from nacos server fail,
com.alibaba.nacos.api.exception.NacosException: Client not connected, current status:UNHEALTHY
	at com.alibaba.nacos.common.remote.client.RpcClient.request(RpcClient.java:639)
	at com.alibaba.nacos.common.remote.client.RpcClient.request(RpcClient.java:619)
	at com.alibaba.nacos.client.naming.remote.gprc.NamingGrpcClientProxy.requestToServer(NamingGrpcClientProxy.java:356)
	at com.alibaba.nacos.client.naming.remote.gprc.NamingGrpcClientProxy.getServiceList(NamingGrpcClientProxy.java:282)
	at com.alibaba.nacos.client.naming.remote.NamingClientProxyDelegate.getServiceList(NamingClientProxyDelegate.java:162)
	at com.alibaba.nacos.client.naming.NacosNamingService.getServicesOfServer(NacosNamingService.java:461)
	at com.alibaba.nacos.client.naming.NacosNamingService.getServicesOfServer(NacosNamingService.java:449)
	at com.alibaba.cloud.nacos.discovery.NacosServiceDiscovery.getServices(NacosServiceDiscovery.java:70)
	at com.alibaba.cloud.nacos.discovery.reactive.NacosReactiveDiscoveryClient.lambda$getServices$3(NacosReactiveDiscoveryClient.java:87)
	at reactor.core.publisher.FluxDefer.subscribe(FluxDefer.java:46)
	at reactor.core.publisher.FluxSubscribeOn$SubscribeOnSubscriber.run(FluxSubscribeOn.java:194)
	at reactor.core.scheduler.WorkerTask.call(WorkerTask.java:84)
	at reactor.core.scheduler.WorkerTask.call(WorkerTask.java:37)
	at java.util.concurrent.FutureTask.run$$$capture(FutureTask.java:266)
	at java.util.concurrent.FutureTask.run(FutureTask.java)
	at java.util.concurrent.ScheduledThreadPoolExecutor$ScheduledFutureTask.access$201(ScheduledThreadPoolExecutor.java:180)
	at java.util.concurrent.ScheduledThreadPoolExecutor$ScheduledFutureTask.run(ScheduledThreadPoolExecutor.java:293)
	at java.util.concurrent.ThreadPoolExecutor.runWorker(ThreadPoolExecutor.java:1149)
	at java.util.concurrent.ThreadPoolExecutor$Worker.run(ThreadPoolExecutor.java:624)
	at java.lang.Thread.run(Thread.java:748)
13:04:52.878 [boundedElastic-35] ERROR c.a.c.n.d.r.NacosReactiveDiscoveryClient - [lambda$getServices$3,94] - get services from nacos server fail,
com.alibaba.nacos.api.exception.NacosException: Client not connected, current status:UNHEALTHY
	at com.alibaba.nacos.common.remote.client.RpcClient.request(RpcClient.java:639)
	at com.alibaba.nacos.common.remote.client.RpcClient.request(RpcClient.java:619)
	at com.alibaba.nacos.client.naming.remote.gprc.NamingGrpcClientProxy.requestToServer(NamingGrpcClientProxy.java:356)
	at com.alibaba.nacos.client.naming.remote.gprc.NamingGrpcClientProxy.getServiceList(NamingGrpcClientProxy.java:282)
	at com.alibaba.nacos.client.naming.remote.NamingClientProxyDelegate.getServiceList(NamingClientProxyDelegate.java:162)
	at com.alibaba.nacos.client.naming.NacosNamingService.getServicesOfServer(NacosNamingService.java:461)
	at com.alibaba.nacos.client.naming.NacosNamingService.getServicesOfServer(NacosNamingService.java:449)
	at com.alibaba.cloud.nacos.discovery.NacosServiceDiscovery.getServices(NacosServiceDiscovery.java:70)
	at com.alibaba.cloud.nacos.discovery.reactive.NacosReactiveDiscoveryClient.lambda$getServices$3(NacosReactiveDiscoveryClient.java:87)
	at reactor.core.publisher.FluxDefer.subscribe(FluxDefer.java:46)
	at reactor.core.publisher.FluxSubscribeOn$SubscribeOnSubscriber.run(FluxSubscribeOn.java:194)
	at reactor.core.scheduler.WorkerTask.call(WorkerTask.java:84)
	at reactor.core.scheduler.WorkerTask.call(WorkerTask.java:37)
	at java.util.concurrent.FutureTask.run$$$capture(FutureTask.java:266)
	at java.util.concurrent.FutureTask.run(FutureTask.java)
	at java.util.concurrent.ScheduledThreadPoolExecutor$ScheduledFutureTask.access$201(ScheduledThreadPoolExecutor.java:180)
	at java.util.concurrent.ScheduledThreadPoolExecutor$ScheduledFutureTask.run(ScheduledThreadPoolExecutor.java:293)
	at java.util.concurrent.ThreadPoolExecutor.runWorker(ThreadPoolExecutor.java:1149)
	at java.util.concurrent.ThreadPoolExecutor$Worker.run(ThreadPoolExecutor.java:624)
	at java.lang.Thread.run(Thread.java:748)
13:05:22.882 [boundedElastic-35] ERROR c.a.c.n.d.r.NacosReactiveDiscoveryClient - [lambda$getServices$3,94] - get services from nacos server fail,
com.alibaba.nacos.api.exception.NacosException: Client not connected, current status:UNHEALTHY
	at com.alibaba.nacos.common.remote.client.RpcClient.request(RpcClient.java:639)
	at com.alibaba.nacos.common.remote.client.RpcClient.request(RpcClient.java:619)
	at com.alibaba.nacos.client.naming.remote.gprc.NamingGrpcClientProxy.requestToServer(NamingGrpcClientProxy.java:356)
	at com.alibaba.nacos.client.naming.remote.gprc.NamingGrpcClientProxy.getServiceList(NamingGrpcClientProxy.java:282)
	at com.alibaba.nacos.client.naming.remote.NamingClientProxyDelegate.getServiceList(NamingClientProxyDelegate.java:162)
	at com.alibaba.nacos.client.naming.NacosNamingService.getServicesOfServer(NacosNamingService.java:461)
	at com.alibaba.nacos.client.naming.NacosNamingService.getServicesOfServer(NacosNamingService.java:449)
	at com.alibaba.cloud.nacos.discovery.NacosServiceDiscovery.getServices(NacosServiceDiscovery.java:70)
	at com.alibaba.cloud.nacos.discovery.reactive.NacosReactiveDiscoveryClient.lambda$getServices$3(NacosReactiveDiscoveryClient.java:87)
	at reactor.core.publisher.FluxDefer.subscribe(FluxDefer.java:46)
	at reactor.core.publisher.FluxSubscribeOn$SubscribeOnSubscriber.run(FluxSubscribeOn.java:194)
	at reactor.core.scheduler.WorkerTask.call(WorkerTask.java:84)
	at reactor.core.scheduler.WorkerTask.call(WorkerTask.java:37)
	at java.util.concurrent.FutureTask.run$$$capture(FutureTask.java:266)
	at java.util.concurrent.FutureTask.run(FutureTask.java)
	at java.util.concurrent.ScheduledThreadPoolExecutor$ScheduledFutureTask.access$201(ScheduledThreadPoolExecutor.java:180)
	at java.util.concurrent.ScheduledThreadPoolExecutor$ScheduledFutureTask.run(ScheduledThreadPoolExecutor.java:293)
	at java.util.concurrent.ThreadPoolExecutor.runWorker(ThreadPoolExecutor.java:1149)
	at java.util.concurrent.ThreadPoolExecutor$Worker.run(ThreadPoolExecutor.java:624)
	at java.lang.Thread.run(Thread.java:748)
13:05:22.882 [boundedElastic-19] ERROR c.a.c.n.d.r.NacosReactiveDiscoveryClient - [lambda$getServices$3,94] - get services from nacos server fail,
com.alibaba.nacos.api.exception.NacosException: Client not connected, current status:UNHEALTHY
	at com.alibaba.nacos.common.remote.client.RpcClient.request(RpcClient.java:639)
	at com.alibaba.nacos.common.remote.client.RpcClient.request(RpcClient.java:619)
	at com.alibaba.nacos.client.naming.remote.gprc.NamingGrpcClientProxy.requestToServer(NamingGrpcClientProxy.java:356)
	at com.alibaba.nacos.client.naming.remote.gprc.NamingGrpcClientProxy.getServiceList(NamingGrpcClientProxy.java:282)
	at com.alibaba.nacos.client.naming.remote.NamingClientProxyDelegate.getServiceList(NamingClientProxyDelegate.java:162)
	at com.alibaba.nacos.client.naming.NacosNamingService.getServicesOfServer(NacosNamingService.java:461)
	at com.alibaba.nacos.client.naming.NacosNamingService.getServicesOfServer(NacosNamingService.java:449)
	at com.alibaba.cloud.nacos.discovery.NacosServiceDiscovery.getServices(NacosServiceDiscovery.java:70)
	at com.alibaba.cloud.nacos.discovery.reactive.NacosReactiveDiscoveryClient.lambda$getServices$3(NacosReactiveDiscoveryClient.java:87)
	at reactor.core.publisher.FluxDefer.subscribe(FluxDefer.java:46)
	at reactor.core.publisher.FluxSubscribeOn$SubscribeOnSubscriber.run(FluxSubscribeOn.java:194)
	at reactor.core.scheduler.WorkerTask.call(WorkerTask.java:84)
	at reactor.core.scheduler.WorkerTask.call(WorkerTask.java:37)
	at java.util.concurrent.FutureTask.run$$$capture(FutureTask.java:266)
	at java.util.concurrent.FutureTask.run(FutureTask.java)
	at java.util.concurrent.ScheduledThreadPoolExecutor$ScheduledFutureTask.access$201(ScheduledThreadPoolExecutor.java:180)
	at java.util.concurrent.ScheduledThreadPoolExecutor$ScheduledFutureTask.run(ScheduledThreadPoolExecutor.java:293)
	at java.util.concurrent.ThreadPoolExecutor.runWorker(ThreadPoolExecutor.java:1149)
	at java.util.concurrent.ThreadPoolExecutor$Worker.run(ThreadPoolExecutor.java:624)
	at java.lang.Thread.run(Thread.java:748)
13:05:52.884 [boundedElastic-35] ERROR c.a.c.n.d.r.NacosReactiveDiscoveryClient - [lambda$getServices$3,94] - get services from nacos server fail,
com.alibaba.nacos.api.exception.NacosException: Client not connected, current status:UNHEALTHY
	at com.alibaba.nacos.common.remote.client.RpcClient.request(RpcClient.java:639)
	at com.alibaba.nacos.common.remote.client.RpcClient.request(RpcClient.java:619)
	at com.alibaba.nacos.client.naming.remote.gprc.NamingGrpcClientProxy.requestToServer(NamingGrpcClientProxy.java:356)
	at com.alibaba.nacos.client.naming.remote.gprc.NamingGrpcClientProxy.getServiceList(NamingGrpcClientProxy.java:282)
	at com.alibaba.nacos.client.naming.remote.NamingClientProxyDelegate.getServiceList(NamingClientProxyDelegate.java:162)
	at com.alibaba.nacos.client.naming.NacosNamingService.getServicesOfServer(NacosNamingService.java:461)
	at com.alibaba.nacos.client.naming.NacosNamingService.getServicesOfServer(NacosNamingService.java:449)
	at com.alibaba.cloud.nacos.discovery.NacosServiceDiscovery.getServices(NacosServiceDiscovery.java:70)
	at com.alibaba.cloud.nacos.discovery.reactive.NacosReactiveDiscoveryClient.lambda$getServices$3(NacosReactiveDiscoveryClient.java:87)
	at reactor.core.publisher.FluxDefer.subscribe(FluxDefer.java:46)
	at reactor.core.publisher.FluxSubscribeOn$SubscribeOnSubscriber.run(FluxSubscribeOn.java:194)
	at reactor.core.scheduler.WorkerTask.call(WorkerTask.java:84)
	at reactor.core.scheduler.WorkerTask.call(WorkerTask.java:37)
	at java.util.concurrent.FutureTask.run$$$capture(FutureTask.java:266)
	at java.util.concurrent.FutureTask.run(FutureTask.java)
	at java.util.concurrent.ScheduledThreadPoolExecutor$ScheduledFutureTask.access$201(ScheduledThreadPoolExecutor.java:180)
	at java.util.concurrent.ScheduledThreadPoolExecutor$ScheduledFutureTask.run(ScheduledThreadPoolExecutor.java:293)
	at java.util.concurrent.ThreadPoolExecutor.runWorker(ThreadPoolExecutor.java:1149)
	at java.util.concurrent.ThreadPoolExecutor$Worker.run(ThreadPoolExecutor.java:624)
	at java.lang.Thread.run(Thread.java:748)
13:05:52.884 [boundedElastic-19] ERROR c.a.c.n.d.r.NacosReactiveDiscoveryClient - [lambda$getServices$3,94] - get services from nacos server fail,
com.alibaba.nacos.api.exception.NacosException: Client not connected, current status:UNHEALTHY
	at com.alibaba.nacos.common.remote.client.RpcClient.request(RpcClient.java:639)
	at com.alibaba.nacos.common.remote.client.RpcClient.request(RpcClient.java:619)
	at com.alibaba.nacos.client.naming.remote.gprc.NamingGrpcClientProxy.requestToServer(NamingGrpcClientProxy.java:356)
	at com.alibaba.nacos.client.naming.remote.gprc.NamingGrpcClientProxy.getServiceList(NamingGrpcClientProxy.java:282)
	at com.alibaba.nacos.client.naming.remote.NamingClientProxyDelegate.getServiceList(NamingClientProxyDelegate.java:162)
	at com.alibaba.nacos.client.naming.NacosNamingService.getServicesOfServer(NacosNamingService.java:461)
	at com.alibaba.nacos.client.naming.NacosNamingService.getServicesOfServer(NacosNamingService.java:449)
	at com.alibaba.cloud.nacos.discovery.NacosServiceDiscovery.getServices(NacosServiceDiscovery.java:70)
	at com.alibaba.cloud.nacos.discovery.reactive.NacosReactiveDiscoveryClient.lambda$getServices$3(NacosReactiveDiscoveryClient.java:87)
	at reactor.core.publisher.FluxDefer.subscribe(FluxDefer.java:46)
	at reactor.core.publisher.FluxSubscribeOn$SubscribeOnSubscriber.run(FluxSubscribeOn.java:194)
	at reactor.core.scheduler.WorkerTask.call(WorkerTask.java:84)
	at reactor.core.scheduler.WorkerTask.call(WorkerTask.java:37)
	at java.util.concurrent.FutureTask.run$$$capture(FutureTask.java:266)
	at java.util.concurrent.FutureTask.run(FutureTask.java)
	at java.util.concurrent.ScheduledThreadPoolExecutor$ScheduledFutureTask.access$201(ScheduledThreadPoolExecutor.java:180)
	at java.util.concurrent.ScheduledThreadPoolExecutor$ScheduledFutureTask.run(ScheduledThreadPoolExecutor.java:293)
	at java.util.concurrent.ThreadPoolExecutor.runWorker(ThreadPoolExecutor.java:1149)
	at java.util.concurrent.ThreadPoolExecutor$Worker.run(ThreadPoolExecutor.java:624)
	at java.lang.Thread.run(Thread.java:748)
13:06:22.888 [boundedElastic-19] ERROR c.a.c.n.d.r.NacosReactiveDiscoveryClient - [lambda$getServices$3,94] - get services from nacos server fail,
com.alibaba.nacos.api.exception.NacosException: Client not connected, current status:UNHEALTHY
	at com.alibaba.nacos.common.remote.client.RpcClient.request(RpcClient.java:639)
	at com.alibaba.nacos.common.remote.client.RpcClient.request(RpcClient.java:619)
	at com.alibaba.nacos.client.naming.remote.gprc.NamingGrpcClientProxy.requestToServer(NamingGrpcClientProxy.java:356)
	at com.alibaba.nacos.client.naming.remote.gprc.NamingGrpcClientProxy.getServiceList(NamingGrpcClientProxy.java:282)
	at com.alibaba.nacos.client.naming.remote.NamingClientProxyDelegate.getServiceList(NamingClientProxyDelegate.java:162)
	at com.alibaba.nacos.client.naming.NacosNamingService.getServicesOfServer(NacosNamingService.java:461)
	at com.alibaba.nacos.client.naming.NacosNamingService.getServicesOfServer(NacosNamingService.java:449)
	at com.alibaba.cloud.nacos.discovery.NacosServiceDiscovery.getServices(NacosServiceDiscovery.java:70)
	at com.alibaba.cloud.nacos.discovery.reactive.NacosReactiveDiscoveryClient.lambda$getServices$3(NacosReactiveDiscoveryClient.java:87)
	at reactor.core.publisher.FluxDefer.subscribe(FluxDefer.java:46)
	at reactor.core.publisher.FluxSubscribeOn$SubscribeOnSubscriber.run(FluxSubscribeOn.java:194)
	at reactor.core.scheduler.WorkerTask.call(WorkerTask.java:84)
	at reactor.core.scheduler.WorkerTask.call(WorkerTask.java:37)
	at java.util.concurrent.FutureTask.run$$$capture(FutureTask.java:266)
	at java.util.concurrent.FutureTask.run(FutureTask.java)
	at java.util.concurrent.ScheduledThreadPoolExecutor$ScheduledFutureTask.access$201(ScheduledThreadPoolExecutor.java:180)
	at java.util.concurrent.ScheduledThreadPoolExecutor$ScheduledFutureTask.run(ScheduledThreadPoolExecutor.java:293)
	at java.util.concurrent.ThreadPoolExecutor.runWorker(ThreadPoolExecutor.java:1149)
	at java.util.concurrent.ThreadPoolExecutor$Worker.run(ThreadPoolExecutor.java:624)
	at java.lang.Thread.run(Thread.java:748)
13:06:22.888 [boundedElastic-35] ERROR c.a.c.n.d.r.NacosReactiveDiscoveryClient - [lambda$getServices$3,94] - get services from nacos server fail,
com.alibaba.nacos.api.exception.NacosException: Client not connected, current status:UNHEALTHY
	at com.alibaba.nacos.common.remote.client.RpcClient.request(RpcClient.java:639)
	at com.alibaba.nacos.common.remote.client.RpcClient.request(RpcClient.java:619)
	at com.alibaba.nacos.client.naming.remote.gprc.NamingGrpcClientProxy.requestToServer(NamingGrpcClientProxy.java:356)
	at com.alibaba.nacos.client.naming.remote.gprc.NamingGrpcClientProxy.getServiceList(NamingGrpcClientProxy.java:282)
	at com.alibaba.nacos.client.naming.remote.NamingClientProxyDelegate.getServiceList(NamingClientProxyDelegate.java:162)
	at com.alibaba.nacos.client.naming.NacosNamingService.getServicesOfServer(NacosNamingService.java:461)
	at com.alibaba.nacos.client.naming.NacosNamingService.getServicesOfServer(NacosNamingService.java:449)
	at com.alibaba.cloud.nacos.discovery.NacosServiceDiscovery.getServices(NacosServiceDiscovery.java:70)
	at com.alibaba.cloud.nacos.discovery.reactive.NacosReactiveDiscoveryClient.lambda$getServices$3(NacosReactiveDiscoveryClient.java:87)
	at reactor.core.publisher.FluxDefer.subscribe(FluxDefer.java:46)
	at reactor.core.publisher.FluxSubscribeOn$SubscribeOnSubscriber.run(FluxSubscribeOn.java:194)
	at reactor.core.scheduler.WorkerTask.call(WorkerTask.java:84)
	at reactor.core.scheduler.WorkerTask.call(WorkerTask.java:37)
	at java.util.concurrent.FutureTask.run$$$capture(FutureTask.java:266)
	at java.util.concurrent.FutureTask.run(FutureTask.java)
	at java.util.concurrent.ScheduledThreadPoolExecutor$ScheduledFutureTask.access$201(ScheduledThreadPoolExecutor.java:180)
	at java.util.concurrent.ScheduledThreadPoolExecutor$ScheduledFutureTask.run(ScheduledThreadPoolExecutor.java:293)
	at java.util.concurrent.ThreadPoolExecutor.runWorker(ThreadPoolExecutor.java:1149)
	at java.util.concurrent.ThreadPoolExecutor$Worker.run(ThreadPoolExecutor.java:624)
	at java.lang.Thread.run(Thread.java:748)
13:06:52.885 [boundedElastic-35] ERROR c.a.c.n.d.r.NacosReactiveDiscoveryClient - [lambda$getServices$3,94] - get services from nacos server fail,
com.alibaba.nacos.api.exception.NacosException: Client not connected, current status:UNHEALTHY
	at com.alibaba.nacos.common.remote.client.RpcClient.request(RpcClient.java:639)
	at com.alibaba.nacos.common.remote.client.RpcClient.request(RpcClient.java:619)
	at com.alibaba.nacos.client.naming.remote.gprc.NamingGrpcClientProxy.requestToServer(NamingGrpcClientProxy.java:356)
	at com.alibaba.nacos.client.naming.remote.gprc.NamingGrpcClientProxy.getServiceList(NamingGrpcClientProxy.java:282)
	at com.alibaba.nacos.client.naming.remote.NamingClientProxyDelegate.getServiceList(NamingClientProxyDelegate.java:162)
	at com.alibaba.nacos.client.naming.NacosNamingService.getServicesOfServer(NacosNamingService.java:461)
	at com.alibaba.nacos.client.naming.NacosNamingService.getServicesOfServer(NacosNamingService.java:449)
	at com.alibaba.cloud.nacos.discovery.NacosServiceDiscovery.getServices(NacosServiceDiscovery.java:70)
	at com.alibaba.cloud.nacos.discovery.reactive.NacosReactiveDiscoveryClient.lambda$getServices$3(NacosReactiveDiscoveryClient.java:87)
	at reactor.core.publisher.FluxDefer.subscribe(FluxDefer.java:46)
	at reactor.core.publisher.FluxSubscribeOn$SubscribeOnSubscriber.run(FluxSubscribeOn.java:194)
	at reactor.core.scheduler.WorkerTask.call(WorkerTask.java:84)
	at reactor.core.scheduler.WorkerTask.call(WorkerTask.java:37)
	at java.util.concurrent.FutureTask.run$$$capture(FutureTask.java:266)
	at java.util.concurrent.FutureTask.run(FutureTask.java)
	at java.util.concurrent.ScheduledThreadPoolExecutor$ScheduledFutureTask.access$201(ScheduledThreadPoolExecutor.java:180)
	at java.util.concurrent.ScheduledThreadPoolExecutor$ScheduledFutureTask.run(ScheduledThreadPoolExecutor.java:293)
	at java.util.concurrent.ThreadPoolExecutor.runWorker(ThreadPoolExecutor.java:1149)
	at java.util.concurrent.ThreadPoolExecutor$Worker.run(ThreadPoolExecutor.java:624)
	at java.lang.Thread.run(Thread.java:748)
13:06:52.885 [boundedElastic-19] ERROR c.a.c.n.d.r.NacosReactiveDiscoveryClient - [lambda$getServices$3,94] - get services from nacos server fail,
com.alibaba.nacos.api.exception.NacosException: Client not connected, current status:UNHEALTHY
	at com.alibaba.nacos.common.remote.client.RpcClient.request(RpcClient.java:639)
	at com.alibaba.nacos.common.remote.client.RpcClient.request(RpcClient.java:619)
	at com.alibaba.nacos.client.naming.remote.gprc.NamingGrpcClientProxy.requestToServer(NamingGrpcClientProxy.java:356)
	at com.alibaba.nacos.client.naming.remote.gprc.NamingGrpcClientProxy.getServiceList(NamingGrpcClientProxy.java:282)
	at com.alibaba.nacos.client.naming.remote.NamingClientProxyDelegate.getServiceList(NamingClientProxyDelegate.java:162)
	at com.alibaba.nacos.client.naming.NacosNamingService.getServicesOfServer(NacosNamingService.java:461)
	at com.alibaba.nacos.client.naming.NacosNamingService.getServicesOfServer(NacosNamingService.java:449)
	at com.alibaba.cloud.nacos.discovery.NacosServiceDiscovery.getServices(NacosServiceDiscovery.java:70)
	at com.alibaba.cloud.nacos.discovery.reactive.NacosReactiveDiscoveryClient.lambda$getServices$3(NacosReactiveDiscoveryClient.java:87)
	at reactor.core.publisher.FluxDefer.subscribe(FluxDefer.java:46)
	at reactor.core.publisher.FluxSubscribeOn$SubscribeOnSubscriber.run(FluxSubscribeOn.java:194)
	at reactor.core.scheduler.WorkerTask.call(WorkerTask.java:84)
	at reactor.core.scheduler.WorkerTask.call(WorkerTask.java:37)
	at java.util.concurrent.FutureTask.run$$$capture(FutureTask.java:266)
	at java.util.concurrent.FutureTask.run(FutureTask.java)
	at java.util.concurrent.ScheduledThreadPoolExecutor$ScheduledFutureTask.access$201(ScheduledThreadPoolExecutor.java:180)
	at java.util.concurrent.ScheduledThreadPoolExecutor$ScheduledFutureTask.run(ScheduledThreadPoolExecutor.java:293)
	at java.util.concurrent.ThreadPoolExecutor.runWorker(ThreadPoolExecutor.java:1149)
	at java.util.concurrent.ThreadPoolExecutor$Worker.run(ThreadPoolExecutor.java:624)
	at java.lang.Thread.run(Thread.java:748)
13:07:22.886 [boundedElastic-19] ERROR c.a.c.n.d.r.NacosReactiveDiscoveryClient - [lambda$getServices$3,94] - get services from nacos server fail,
com.alibaba.nacos.api.exception.NacosException: Client not connected, current status:UNHEALTHY
	at com.alibaba.nacos.common.remote.client.RpcClient.request(RpcClient.java:639)
	at com.alibaba.nacos.common.remote.client.RpcClient.request(RpcClient.java:619)
	at com.alibaba.nacos.client.naming.remote.gprc.NamingGrpcClientProxy.requestToServer(NamingGrpcClientProxy.java:356)
	at com.alibaba.nacos.client.naming.remote.gprc.NamingGrpcClientProxy.getServiceList(NamingGrpcClientProxy.java:282)
	at com.alibaba.nacos.client.naming.remote.NamingClientProxyDelegate.getServiceList(NamingClientProxyDelegate.java:162)
	at com.alibaba.nacos.client.naming.NacosNamingService.getServicesOfServer(NacosNamingService.java:461)
	at com.alibaba.nacos.client.naming.NacosNamingService.getServicesOfServer(NacosNamingService.java:449)
	at com.alibaba.cloud.nacos.discovery.NacosServiceDiscovery.getServices(NacosServiceDiscovery.java:70)
	at com.alibaba.cloud.nacos.discovery.reactive.NacosReactiveDiscoveryClient.lambda$getServices$3(NacosReactiveDiscoveryClient.java:87)
	at reactor.core.publisher.FluxDefer.subscribe(FluxDefer.java:46)
	at reactor.core.publisher.FluxSubscribeOn$SubscribeOnSubscriber.run(FluxSubscribeOn.java:194)
	at reactor.core.scheduler.WorkerTask.call(WorkerTask.java:84)
	at reactor.core.scheduler.WorkerTask.call(WorkerTask.java:37)
	at java.util.concurrent.FutureTask.run$$$capture(FutureTask.java:266)
	at java.util.concurrent.FutureTask.run(FutureTask.java)
	at java.util.concurrent.ScheduledThreadPoolExecutor$ScheduledFutureTask.access$201(ScheduledThreadPoolExecutor.java:180)
	at java.util.concurrent.ScheduledThreadPoolExecutor$ScheduledFutureTask.run(ScheduledThreadPoolExecutor.java:293)
	at java.util.concurrent.ThreadPoolExecutor.runWorker(ThreadPoolExecutor.java:1149)
	at java.util.concurrent.ThreadPoolExecutor$Worker.run(ThreadPoolExecutor.java:624)
	at java.lang.Thread.run(Thread.java:748)
13:07:22.888 [boundedElastic-35] ERROR c.a.c.n.d.r.NacosReactiveDiscoveryClient - [lambda$getServices$3,94] - get services from nacos server fail,
com.alibaba.nacos.api.exception.NacosException: Client not connected, current status:UNHEALTHY
	at com.alibaba.nacos.common.remote.client.RpcClient.request(RpcClient.java:639)
	at com.alibaba.nacos.common.remote.client.RpcClient.request(RpcClient.java:619)
	at com.alibaba.nacos.client.naming.remote.gprc.NamingGrpcClientProxy.requestToServer(NamingGrpcClientProxy.java:356)
	at com.alibaba.nacos.client.naming.remote.gprc.NamingGrpcClientProxy.getServiceList(NamingGrpcClientProxy.java:282)
	at com.alibaba.nacos.client.naming.remote.NamingClientProxyDelegate.getServiceList(NamingClientProxyDelegate.java:162)
	at com.alibaba.nacos.client.naming.NacosNamingService.getServicesOfServer(NacosNamingService.java:461)
	at com.alibaba.nacos.client.naming.NacosNamingService.getServicesOfServer(NacosNamingService.java:449)
	at com.alibaba.cloud.nacos.discovery.NacosServiceDiscovery.getServices(NacosServiceDiscovery.java:70)
	at com.alibaba.cloud.nacos.discovery.reactive.NacosReactiveDiscoveryClient.lambda$getServices$3(NacosReactiveDiscoveryClient.java:87)
	at reactor.core.publisher.FluxDefer.subscribe(FluxDefer.java:46)
	at reactor.core.publisher.FluxSubscribeOn$SubscribeOnSubscriber.run(FluxSubscribeOn.java:194)
	at reactor.core.scheduler.WorkerTask.call(WorkerTask.java:84)
	at reactor.core.scheduler.WorkerTask.call(WorkerTask.java:37)
	at java.util.concurrent.FutureTask.run$$$capture(FutureTask.java:266)
	at java.util.concurrent.FutureTask.run(FutureTask.java)
	at java.util.concurrent.ScheduledThreadPoolExecutor$ScheduledFutureTask.access$201(ScheduledThreadPoolExecutor.java:180)
	at java.util.concurrent.ScheduledThreadPoolExecutor$ScheduledFutureTask.run(ScheduledThreadPoolExecutor.java:293)
	at java.util.concurrent.ThreadPoolExecutor.runWorker(ThreadPoolExecutor.java:1149)
	at java.util.concurrent.ThreadPoolExecutor$Worker.run(ThreadPoolExecutor.java:624)
	at java.lang.Thread.run(Thread.java:748)
13:07:52.887 [boundedElastic-35] ERROR c.a.c.n.d.r.NacosReactiveDiscoveryClient - [lambda$getServices$3,94] - get services from nacos server fail,
com.alibaba.nacos.api.exception.NacosException: Client not connected, current status:UNHEALTHY
	at com.alibaba.nacos.common.remote.client.RpcClient.request(RpcClient.java:639)
	at com.alibaba.nacos.common.remote.client.RpcClient.request(RpcClient.java:619)
	at com.alibaba.nacos.client.naming.remote.gprc.NamingGrpcClientProxy.requestToServer(NamingGrpcClientProxy.java:356)
	at com.alibaba.nacos.client.naming.remote.gprc.NamingGrpcClientProxy.getServiceList(NamingGrpcClientProxy.java:282)
	at com.alibaba.nacos.client.naming.remote.NamingClientProxyDelegate.getServiceList(NamingClientProxyDelegate.java:162)
	at com.alibaba.nacos.client.naming.NacosNamingService.getServicesOfServer(NacosNamingService.java:461)
	at com.alibaba.nacos.client.naming.NacosNamingService.getServicesOfServer(NacosNamingService.java:449)
	at com.alibaba.cloud.nacos.discovery.NacosServiceDiscovery.getServices(NacosServiceDiscovery.java:70)
	at com.alibaba.cloud.nacos.discovery.reactive.NacosReactiveDiscoveryClient.lambda$getServices$3(NacosReactiveDiscoveryClient.java:87)
	at reactor.core.publisher.FluxDefer.subscribe(FluxDefer.java:46)
	at reactor.core.publisher.FluxSubscribeOn$SubscribeOnSubscriber.run(FluxSubscribeOn.java:194)
	at reactor.core.scheduler.WorkerTask.call(WorkerTask.java:84)
	at reactor.core.scheduler.WorkerTask.call(WorkerTask.java:37)
	at java.util.concurrent.FutureTask.run$$$capture(FutureTask.java:266)
	at java.util.concurrent.FutureTask.run(FutureTask.java)
	at java.util.concurrent.ScheduledThreadPoolExecutor$ScheduledFutureTask.access$201(ScheduledThreadPoolExecutor.java:180)
	at java.util.concurrent.ScheduledThreadPoolExecutor$ScheduledFutureTask.run(ScheduledThreadPoolExecutor.java:293)
	at java.util.concurrent.ThreadPoolExecutor.runWorker(ThreadPoolExecutor.java:1149)
	at java.util.concurrent.ThreadPoolExecutor$Worker.run(ThreadPoolExecutor.java:624)
	at java.lang.Thread.run(Thread.java:748)
13:07:52.890 [boundedElastic-19] ERROR c.a.c.n.d.r.NacosReactiveDiscoveryClient - [lambda$getServices$3,94] - get services from nacos server fail,
com.alibaba.nacos.api.exception.NacosException: Client not connected, current status:UNHEALTHY
	at com.alibaba.nacos.common.remote.client.RpcClient.request(RpcClient.java:639)
	at com.alibaba.nacos.common.remote.client.RpcClient.request(RpcClient.java:619)
	at com.alibaba.nacos.client.naming.remote.gprc.NamingGrpcClientProxy.requestToServer(NamingGrpcClientProxy.java:356)
	at com.alibaba.nacos.client.naming.remote.gprc.NamingGrpcClientProxy.getServiceList(NamingGrpcClientProxy.java:282)
	at com.alibaba.nacos.client.naming.remote.NamingClientProxyDelegate.getServiceList(NamingClientProxyDelegate.java:162)
	at com.alibaba.nacos.client.naming.NacosNamingService.getServicesOfServer(NacosNamingService.java:461)
	at com.alibaba.nacos.client.naming.NacosNamingService.getServicesOfServer(NacosNamingService.java:449)
	at com.alibaba.cloud.nacos.discovery.NacosServiceDiscovery.getServices(NacosServiceDiscovery.java:70)
	at com.alibaba.cloud.nacos.discovery.reactive.NacosReactiveDiscoveryClient.lambda$getServices$3(NacosReactiveDiscoveryClient.java:87)
	at reactor.core.publisher.FluxDefer.subscribe(FluxDefer.java:46)
	at reactor.core.publisher.FluxSubscribeOn$SubscribeOnSubscriber.run(FluxSubscribeOn.java:194)
	at reactor.core.scheduler.WorkerTask.call(WorkerTask.java:84)
	at reactor.core.scheduler.WorkerTask.call(WorkerTask.java:37)
	at java.util.concurrent.FutureTask.run$$$capture(FutureTask.java:266)
	at java.util.concurrent.FutureTask.run(FutureTask.java)
	at java.util.concurrent.ScheduledThreadPoolExecutor$ScheduledFutureTask.access$201(ScheduledThreadPoolExecutor.java:180)
	at java.util.concurrent.ScheduledThreadPoolExecutor$ScheduledFutureTask.run(ScheduledThreadPoolExecutor.java:293)
	at java.util.concurrent.ThreadPoolExecutor.runWorker(ThreadPoolExecutor.java:1149)
	at java.util.concurrent.ThreadPoolExecutor$Worker.run(ThreadPoolExecutor.java:624)
	at java.lang.Thread.run(Thread.java:748)
13:08:22.895 [boundedElastic-35] ERROR c.a.c.n.d.r.NacosReactiveDiscoveryClient - [lambda$getServices$3,94] - get services from nacos server fail,
com.alibaba.nacos.api.exception.NacosException: Client not connected, current status:UNHEALTHY
	at com.alibaba.nacos.common.remote.client.RpcClient.request(RpcClient.java:639)
	at com.alibaba.nacos.common.remote.client.RpcClient.request(RpcClient.java:619)
	at com.alibaba.nacos.client.naming.remote.gprc.NamingGrpcClientProxy.requestToServer(NamingGrpcClientProxy.java:356)
	at com.alibaba.nacos.client.naming.remote.gprc.NamingGrpcClientProxy.getServiceList(NamingGrpcClientProxy.java:282)
	at com.alibaba.nacos.client.naming.remote.NamingClientProxyDelegate.getServiceList(NamingClientProxyDelegate.java:162)
	at com.alibaba.nacos.client.naming.NacosNamingService.getServicesOfServer(NacosNamingService.java:461)
	at com.alibaba.nacos.client.naming.NacosNamingService.getServicesOfServer(NacosNamingService.java:449)
	at com.alibaba.cloud.nacos.discovery.NacosServiceDiscovery.getServices(NacosServiceDiscovery.java:70)
	at com.alibaba.cloud.nacos.discovery.reactive.NacosReactiveDiscoveryClient.lambda$getServices$3(NacosReactiveDiscoveryClient.java:87)
	at reactor.core.publisher.FluxDefer.subscribe(FluxDefer.java:46)
	at reactor.core.publisher.FluxSubscribeOn$SubscribeOnSubscriber.run(FluxSubscribeOn.java:194)
	at reactor.core.scheduler.WorkerTask.call(WorkerTask.java:84)
	at reactor.core.scheduler.WorkerTask.call(WorkerTask.java:37)
	at java.util.concurrent.FutureTask.run$$$capture(FutureTask.java:266)
	at java.util.concurrent.FutureTask.run(FutureTask.java)
	at java.util.concurrent.ScheduledThreadPoolExecutor$ScheduledFutureTask.access$201(ScheduledThreadPoolExecutor.java:180)
	at java.util.concurrent.ScheduledThreadPoolExecutor$ScheduledFutureTask.run(ScheduledThreadPoolExecutor.java:293)
	at java.util.concurrent.ThreadPoolExecutor.runWorker(ThreadPoolExecutor.java:1149)
	at java.util.concurrent.ThreadPoolExecutor$Worker.run(ThreadPoolExecutor.java:624)
	at java.lang.Thread.run(Thread.java:748)
13:08:22.895 [boundedElastic-19] ERROR c.a.c.n.d.r.NacosReactiveDiscoveryClient - [lambda$getServices$3,94] - get services from nacos server fail,
com.alibaba.nacos.api.exception.NacosException: Client not connected, current status:UNHEALTHY
	at com.alibaba.nacos.common.remote.client.RpcClient.request(RpcClient.java:639)
	at com.alibaba.nacos.common.remote.client.RpcClient.request(RpcClient.java:619)
	at com.alibaba.nacos.client.naming.remote.gprc.NamingGrpcClientProxy.requestToServer(NamingGrpcClientProxy.java:356)
	at com.alibaba.nacos.client.naming.remote.gprc.NamingGrpcClientProxy.getServiceList(NamingGrpcClientProxy.java:282)
	at com.alibaba.nacos.client.naming.remote.NamingClientProxyDelegate.getServiceList(NamingClientProxyDelegate.java:162)
	at com.alibaba.nacos.client.naming.NacosNamingService.getServicesOfServer(NacosNamingService.java:461)
	at com.alibaba.nacos.client.naming.NacosNamingService.getServicesOfServer(NacosNamingService.java:449)
	at com.alibaba.cloud.nacos.discovery.NacosServiceDiscovery.getServices(NacosServiceDiscovery.java:70)
	at com.alibaba.cloud.nacos.discovery.reactive.NacosReactiveDiscoveryClient.lambda$getServices$3(NacosReactiveDiscoveryClient.java:87)
	at reactor.core.publisher.FluxDefer.subscribe(FluxDefer.java:46)
	at reactor.core.publisher.FluxSubscribeOn$SubscribeOnSubscriber.run(FluxSubscribeOn.java:194)
	at reactor.core.scheduler.WorkerTask.call(WorkerTask.java:84)
	at reactor.core.scheduler.WorkerTask.call(WorkerTask.java:37)
	at java.util.concurrent.FutureTask.run$$$capture(FutureTask.java:266)
	at java.util.concurrent.FutureTask.run(FutureTask.java)
	at java.util.concurrent.ScheduledThreadPoolExecutor$ScheduledFutureTask.access$201(ScheduledThreadPoolExecutor.java:180)
	at java.util.concurrent.ScheduledThreadPoolExecutor$ScheduledFutureTask.run(ScheduledThreadPoolExecutor.java:293)
	at java.util.concurrent.ThreadPoolExecutor.runWorker(ThreadPoolExecutor.java:1149)
	at java.util.concurrent.ThreadPoolExecutor$Worker.run(ThreadPoolExecutor.java:624)
	at java.lang.Thread.run(Thread.java:748)
13:08:52.899 [boundedElastic-35] ERROR c.a.c.n.d.r.NacosReactiveDiscoveryClient - [lambda$getServices$3,94] - get services from nacos server fail,
com.alibaba.nacos.api.exception.NacosException: Client not connected, current status:UNHEALTHY
	at com.alibaba.nacos.common.remote.client.RpcClient.request(RpcClient.java:639)
	at com.alibaba.nacos.common.remote.client.RpcClient.request(RpcClient.java:619)
	at com.alibaba.nacos.client.naming.remote.gprc.NamingGrpcClientProxy.requestToServer(NamingGrpcClientProxy.java:356)
	at com.alibaba.nacos.client.naming.remote.gprc.NamingGrpcClientProxy.getServiceList(NamingGrpcClientProxy.java:282)
	at com.alibaba.nacos.client.naming.remote.NamingClientProxyDelegate.getServiceList(NamingClientProxyDelegate.java:162)
	at com.alibaba.nacos.client.naming.NacosNamingService.getServicesOfServer(NacosNamingService.java:461)
	at com.alibaba.nacos.client.naming.NacosNamingService.getServicesOfServer(NacosNamingService.java:449)
	at com.alibaba.cloud.nacos.discovery.NacosServiceDiscovery.getServices(NacosServiceDiscovery.java:70)
	at com.alibaba.cloud.nacos.discovery.reactive.NacosReactiveDiscoveryClient.lambda$getServices$3(NacosReactiveDiscoveryClient.java:87)
	at reactor.core.publisher.FluxDefer.subscribe(FluxDefer.java:46)
	at reactor.core.publisher.FluxSubscribeOn$SubscribeOnSubscriber.run(FluxSubscribeOn.java:194)
	at reactor.core.scheduler.WorkerTask.call(WorkerTask.java:84)
	at reactor.core.scheduler.WorkerTask.call(WorkerTask.java:37)
	at java.util.concurrent.FutureTask.run$$$capture(FutureTask.java:266)
	at java.util.concurrent.FutureTask.run(FutureTask.java)
	at java.util.concurrent.ScheduledThreadPoolExecutor$ScheduledFutureTask.access$201(ScheduledThreadPoolExecutor.java:180)
	at java.util.concurrent.ScheduledThreadPoolExecutor$ScheduledFutureTask.run(ScheduledThreadPoolExecutor.java:293)
	at java.util.concurrent.ThreadPoolExecutor.runWorker(ThreadPoolExecutor.java:1149)
	at java.util.concurrent.ThreadPoolExecutor$Worker.run(ThreadPoolExecutor.java:624)
	at java.lang.Thread.run(Thread.java:748)
13:08:52.899 [boundedElastic-19] ERROR c.a.c.n.d.r.NacosReactiveDiscoveryClient - [lambda$getServices$3,94] - get services from nacos server fail,
com.alibaba.nacos.api.exception.NacosException: Client not connected, current status:UNHEALTHY
	at com.alibaba.nacos.common.remote.client.RpcClient.request(RpcClient.java:639)
	at com.alibaba.nacos.common.remote.client.RpcClient.request(RpcClient.java:619)
	at com.alibaba.nacos.client.naming.remote.gprc.NamingGrpcClientProxy.requestToServer(NamingGrpcClientProxy.java:356)
	at com.alibaba.nacos.client.naming.remote.gprc.NamingGrpcClientProxy.getServiceList(NamingGrpcClientProxy.java:282)
	at com.alibaba.nacos.client.naming.remote.NamingClientProxyDelegate.getServiceList(NamingClientProxyDelegate.java:162)
	at com.alibaba.nacos.client.naming.NacosNamingService.getServicesOfServer(NacosNamingService.java:461)
	at com.alibaba.nacos.client.naming.NacosNamingService.getServicesOfServer(NacosNamingService.java:449)
	at com.alibaba.cloud.nacos.discovery.NacosServiceDiscovery.getServices(NacosServiceDiscovery.java:70)
	at com.alibaba.cloud.nacos.discovery.reactive.NacosReactiveDiscoveryClient.lambda$getServices$3(NacosReactiveDiscoveryClient.java:87)
	at reactor.core.publisher.FluxDefer.subscribe(FluxDefer.java:46)
	at reactor.core.publisher.FluxSubscribeOn$SubscribeOnSubscriber.run(FluxSubscribeOn.java:194)
	at reactor.core.scheduler.WorkerTask.call(WorkerTask.java:84)
	at reactor.core.scheduler.WorkerTask.call(WorkerTask.java:37)
	at java.util.concurrent.FutureTask.run$$$capture(FutureTask.java:266)
	at java.util.concurrent.FutureTask.run(FutureTask.java)
	at java.util.concurrent.ScheduledThreadPoolExecutor$ScheduledFutureTask.access$201(ScheduledThreadPoolExecutor.java:180)
	at java.util.concurrent.ScheduledThreadPoolExecutor$ScheduledFutureTask.run(ScheduledThreadPoolExecutor.java:293)
	at java.util.concurrent.ThreadPoolExecutor.runWorker(ThreadPoolExecutor.java:1149)
	at java.util.concurrent.ThreadPoolExecutor$Worker.run(ThreadPoolExecutor.java:624)
	at java.lang.Thread.run(Thread.java:748)
13:09:22.897 [boundedElastic-19] ERROR c.a.c.n.d.r.NacosReactiveDiscoveryClient - [lambda$getServices$3,94] - get services from nacos server fail,
com.alibaba.nacos.api.exception.NacosException: Client not connected, current status:UNHEALTHY
	at com.alibaba.nacos.common.remote.client.RpcClient.request(RpcClient.java:639)
	at com.alibaba.nacos.common.remote.client.RpcClient.request(RpcClient.java:619)
	at com.alibaba.nacos.client.naming.remote.gprc.NamingGrpcClientProxy.requestToServer(NamingGrpcClientProxy.java:356)
	at com.alibaba.nacos.client.naming.remote.gprc.NamingGrpcClientProxy.getServiceList(NamingGrpcClientProxy.java:282)
	at com.alibaba.nacos.client.naming.remote.NamingClientProxyDelegate.getServiceList(NamingClientProxyDelegate.java:162)
	at com.alibaba.nacos.client.naming.NacosNamingService.getServicesOfServer(NacosNamingService.java:461)
	at com.alibaba.nacos.client.naming.NacosNamingService.getServicesOfServer(NacosNamingService.java:449)
	at com.alibaba.cloud.nacos.discovery.NacosServiceDiscovery.getServices(NacosServiceDiscovery.java:70)
	at com.alibaba.cloud.nacos.discovery.reactive.NacosReactiveDiscoveryClient.lambda$getServices$3(NacosReactiveDiscoveryClient.java:87)
	at reactor.core.publisher.FluxDefer.subscribe(FluxDefer.java:46)
	at reactor.core.publisher.FluxSubscribeOn$SubscribeOnSubscriber.run(FluxSubscribeOn.java:194)
	at reactor.core.scheduler.WorkerTask.call(WorkerTask.java:84)
	at reactor.core.scheduler.WorkerTask.call(WorkerTask.java:37)
	at java.util.concurrent.FutureTask.run$$$capture(FutureTask.java:266)
	at java.util.concurrent.FutureTask.run(FutureTask.java)
	at java.util.concurrent.ScheduledThreadPoolExecutor$ScheduledFutureTask.access$201(ScheduledThreadPoolExecutor.java:180)
	at java.util.concurrent.ScheduledThreadPoolExecutor$ScheduledFutureTask.run(ScheduledThreadPoolExecutor.java:293)
	at java.util.concurrent.ThreadPoolExecutor.runWorker(ThreadPoolExecutor.java:1149)
	at java.util.concurrent.ThreadPoolExecutor$Worker.run(ThreadPoolExecutor.java:624)
	at java.lang.Thread.run(Thread.java:748)
13:09:22.897 [boundedElastic-35] ERROR c.a.c.n.d.r.NacosReactiveDiscoveryClient - [lambda$getServices$3,94] - get services from nacos server fail,
com.alibaba.nacos.api.exception.NacosException: Client not connected, current status:UNHEALTHY
	at com.alibaba.nacos.common.remote.client.RpcClient.request(RpcClient.java:639)
	at com.alibaba.nacos.common.remote.client.RpcClient.request(RpcClient.java:619)
	at com.alibaba.nacos.client.naming.remote.gprc.NamingGrpcClientProxy.requestToServer(NamingGrpcClientProxy.java:356)
	at com.alibaba.nacos.client.naming.remote.gprc.NamingGrpcClientProxy.getServiceList(NamingGrpcClientProxy.java:282)
	at com.alibaba.nacos.client.naming.remote.NamingClientProxyDelegate.getServiceList(NamingClientProxyDelegate.java:162)
	at com.alibaba.nacos.client.naming.NacosNamingService.getServicesOfServer(NacosNamingService.java:461)
	at com.alibaba.nacos.client.naming.NacosNamingService.getServicesOfServer(NacosNamingService.java:449)
	at com.alibaba.cloud.nacos.discovery.NacosServiceDiscovery.getServices(NacosServiceDiscovery.java:70)
	at com.alibaba.cloud.nacos.discovery.reactive.NacosReactiveDiscoveryClient.lambda$getServices$3(NacosReactiveDiscoveryClient.java:87)
	at reactor.core.publisher.FluxDefer.subscribe(FluxDefer.java:46)
	at reactor.core.publisher.FluxSubscribeOn$SubscribeOnSubscriber.run(FluxSubscribeOn.java:194)
	at reactor.core.scheduler.WorkerTask.call(WorkerTask.java:84)
	at reactor.core.scheduler.WorkerTask.call(WorkerTask.java:37)
	at java.util.concurrent.FutureTask.run$$$capture(FutureTask.java:266)
	at java.util.concurrent.FutureTask.run(FutureTask.java)
	at java.util.concurrent.ScheduledThreadPoolExecutor$ScheduledFutureTask.access$201(ScheduledThreadPoolExecutor.java:180)
	at java.util.concurrent.ScheduledThreadPoolExecutor$ScheduledFutureTask.run(ScheduledThreadPoolExecutor.java:293)
	at java.util.concurrent.ThreadPoolExecutor.runWorker(ThreadPoolExecutor.java:1149)
	at java.util.concurrent.ThreadPoolExecutor$Worker.run(ThreadPoolExecutor.java:624)
	at java.lang.Thread.run(Thread.java:748)
13:09:52.900 [boundedElastic-19] ERROR c.a.c.n.d.r.NacosReactiveDiscoveryClient - [lambda$getServices$3,94] - get services from nacos server fail,
com.alibaba.nacos.api.exception.NacosException: Client not connected, current status:UNHEALTHY
	at com.alibaba.nacos.common.remote.client.RpcClient.request(RpcClient.java:639)
	at com.alibaba.nacos.common.remote.client.RpcClient.request(RpcClient.java:619)
	at com.alibaba.nacos.client.naming.remote.gprc.NamingGrpcClientProxy.requestToServer(NamingGrpcClientProxy.java:356)
	at com.alibaba.nacos.client.naming.remote.gprc.NamingGrpcClientProxy.getServiceList(NamingGrpcClientProxy.java:282)
	at com.alibaba.nacos.client.naming.remote.NamingClientProxyDelegate.getServiceList(NamingClientProxyDelegate.java:162)
	at com.alibaba.nacos.client.naming.NacosNamingService.getServicesOfServer(NacosNamingService.java:461)
	at com.alibaba.nacos.client.naming.NacosNamingService.getServicesOfServer(NacosNamingService.java:449)
	at com.alibaba.cloud.nacos.discovery.NacosServiceDiscovery.getServices(NacosServiceDiscovery.java:70)
	at com.alibaba.cloud.nacos.discovery.reactive.NacosReactiveDiscoveryClient.lambda$getServices$3(NacosReactiveDiscoveryClient.java:87)
	at reactor.core.publisher.FluxDefer.subscribe(FluxDefer.java:46)
	at reactor.core.publisher.FluxSubscribeOn$SubscribeOnSubscriber.run(FluxSubscribeOn.java:194)
	at reactor.core.scheduler.WorkerTask.call(WorkerTask.java:84)
	at reactor.core.scheduler.WorkerTask.call(WorkerTask.java:37)
	at java.util.concurrent.FutureTask.run$$$capture(FutureTask.java:266)
	at java.util.concurrent.FutureTask.run(FutureTask.java)
	at java.util.concurrent.ScheduledThreadPoolExecutor$ScheduledFutureTask.access$201(ScheduledThreadPoolExecutor.java:180)
	at java.util.concurrent.ScheduledThreadPoolExecutor$ScheduledFutureTask.run(ScheduledThreadPoolExecutor.java:293)
	at java.util.concurrent.ThreadPoolExecutor.runWorker(ThreadPoolExecutor.java:1149)
	at java.util.concurrent.ThreadPoolExecutor$Worker.run(ThreadPoolExecutor.java:624)
	at java.lang.Thread.run(Thread.java:748)
13:09:52.903 [boundedElastic-35] ERROR c.a.c.n.d.r.NacosReactiveDiscoveryClient - [lambda$getServices$3,94] - get services from nacos server fail,
com.alibaba.nacos.api.exception.NacosException: Client not connected, current status:UNHEALTHY
	at com.alibaba.nacos.common.remote.client.RpcClient.request(RpcClient.java:639)
	at com.alibaba.nacos.common.remote.client.RpcClient.request(RpcClient.java:619)
	at com.alibaba.nacos.client.naming.remote.gprc.NamingGrpcClientProxy.requestToServer(NamingGrpcClientProxy.java:356)
	at com.alibaba.nacos.client.naming.remote.gprc.NamingGrpcClientProxy.getServiceList(NamingGrpcClientProxy.java:282)
	at com.alibaba.nacos.client.naming.remote.NamingClientProxyDelegate.getServiceList(NamingClientProxyDelegate.java:162)
	at com.alibaba.nacos.client.naming.NacosNamingService.getServicesOfServer(NacosNamingService.java:461)
	at com.alibaba.nacos.client.naming.NacosNamingService.getServicesOfServer(NacosNamingService.java:449)
	at com.alibaba.cloud.nacos.discovery.NacosServiceDiscovery.getServices(NacosServiceDiscovery.java:70)
	at com.alibaba.cloud.nacos.discovery.reactive.NacosReactiveDiscoveryClient.lambda$getServices$3(NacosReactiveDiscoveryClient.java:87)
	at reactor.core.publisher.FluxDefer.subscribe(FluxDefer.java:46)
	at reactor.core.publisher.FluxSubscribeOn$SubscribeOnSubscriber.run(FluxSubscribeOn.java:194)
	at reactor.core.scheduler.WorkerTask.call(WorkerTask.java:84)
	at reactor.core.scheduler.WorkerTask.call(WorkerTask.java:37)
	at java.util.concurrent.FutureTask.run$$$capture(FutureTask.java:266)
	at java.util.concurrent.FutureTask.run(FutureTask.java)
	at java.util.concurrent.ScheduledThreadPoolExecutor$ScheduledFutureTask.access$201(ScheduledThreadPoolExecutor.java:180)
	at java.util.concurrent.ScheduledThreadPoolExecutor$ScheduledFutureTask.run(ScheduledThreadPoolExecutor.java:293)
	at java.util.concurrent.ThreadPoolExecutor.runWorker(ThreadPoolExecutor.java:1149)
	at java.util.concurrent.ThreadPoolExecutor$Worker.run(ThreadPoolExecutor.java:624)
	at java.lang.Thread.run(Thread.java:748)
13:10:22.903 [boundedElastic-35] ERROR c.a.c.n.d.r.NacosReactiveDiscoveryClient - [lambda$getServices$3,94] - get services from nacos server fail,
com.alibaba.nacos.api.exception.NacosException: Client not connected, current status:UNHEALTHY
	at com.alibaba.nacos.common.remote.client.RpcClient.request(RpcClient.java:639)
	at com.alibaba.nacos.common.remote.client.RpcClient.request(RpcClient.java:619)
	at com.alibaba.nacos.client.naming.remote.gprc.NamingGrpcClientProxy.requestToServer(NamingGrpcClientProxy.java:356)
	at com.alibaba.nacos.client.naming.remote.gprc.NamingGrpcClientProxy.getServiceList(NamingGrpcClientProxy.java:282)
	at com.alibaba.nacos.client.naming.remote.NamingClientProxyDelegate.getServiceList(NamingClientProxyDelegate.java:162)
	at com.alibaba.nacos.client.naming.NacosNamingService.getServicesOfServer(NacosNamingService.java:461)
	at com.alibaba.nacos.client.naming.NacosNamingService.getServicesOfServer(NacosNamingService.java:449)
	at com.alibaba.cloud.nacos.discovery.NacosServiceDiscovery.getServices(NacosServiceDiscovery.java:70)
	at com.alibaba.cloud.nacos.discovery.reactive.NacosReactiveDiscoveryClient.lambda$getServices$3(NacosReactiveDiscoveryClient.java:87)
	at reactor.core.publisher.FluxDefer.subscribe(FluxDefer.java:46)
	at reactor.core.publisher.FluxSubscribeOn$SubscribeOnSubscriber.run(FluxSubscribeOn.java:194)
	at reactor.core.scheduler.WorkerTask.call(WorkerTask.java:84)
	at reactor.core.scheduler.WorkerTask.call(WorkerTask.java:37)
	at java.util.concurrent.FutureTask.run$$$capture(FutureTask.java:266)
	at java.util.concurrent.FutureTask.run(FutureTask.java)
	at java.util.concurrent.ScheduledThreadPoolExecutor$ScheduledFutureTask.access$201(ScheduledThreadPoolExecutor.java:180)
	at java.util.concurrent.ScheduledThreadPoolExecutor$ScheduledFutureTask.run(ScheduledThreadPoolExecutor.java:293)
	at java.util.concurrent.ThreadPoolExecutor.runWorker(ThreadPoolExecutor.java:1149)
	at java.util.concurrent.ThreadPoolExecutor$Worker.run(ThreadPoolExecutor.java:624)
	at java.lang.Thread.run(Thread.java:748)
13:10:22.904 [boundedElastic-19] ERROR c.a.c.n.d.r.NacosReactiveDiscoveryClient - [lambda$getServices$3,94] - get services from nacos server fail,
com.alibaba.nacos.api.exception.NacosException: Client not connected, current status:UNHEALTHY
	at com.alibaba.nacos.common.remote.client.RpcClient.request(RpcClient.java:639)
	at com.alibaba.nacos.common.remote.client.RpcClient.request(RpcClient.java:619)
	at com.alibaba.nacos.client.naming.remote.gprc.NamingGrpcClientProxy.requestToServer(NamingGrpcClientProxy.java:356)
	at com.alibaba.nacos.client.naming.remote.gprc.NamingGrpcClientProxy.getServiceList(NamingGrpcClientProxy.java:282)
	at com.alibaba.nacos.client.naming.remote.NamingClientProxyDelegate.getServiceList(NamingClientProxyDelegate.java:162)
	at com.alibaba.nacos.client.naming.NacosNamingService.getServicesOfServer(NacosNamingService.java:461)
	at com.alibaba.nacos.client.naming.NacosNamingService.getServicesOfServer(NacosNamingService.java:449)
	at com.alibaba.cloud.nacos.discovery.NacosServiceDiscovery.getServices(NacosServiceDiscovery.java:70)
	at com.alibaba.cloud.nacos.discovery.reactive.NacosReactiveDiscoveryClient.lambda$getServices$3(NacosReactiveDiscoveryClient.java:87)
	at reactor.core.publisher.FluxDefer.subscribe(FluxDefer.java:46)
	at reactor.core.publisher.FluxSubscribeOn$SubscribeOnSubscriber.run(FluxSubscribeOn.java:194)
	at reactor.core.scheduler.WorkerTask.call(WorkerTask.java:84)
	at reactor.core.scheduler.WorkerTask.call(WorkerTask.java:37)
	at java.util.concurrent.FutureTask.run$$$capture(FutureTask.java:266)
	at java.util.concurrent.FutureTask.run(FutureTask.java)
	at java.util.concurrent.ScheduledThreadPoolExecutor$ScheduledFutureTask.access$201(ScheduledThreadPoolExecutor.java:180)
	at java.util.concurrent.ScheduledThreadPoolExecutor$ScheduledFutureTask.run(ScheduledThreadPoolExecutor.java:293)
	at java.util.concurrent.ThreadPoolExecutor.runWorker(ThreadPoolExecutor.java:1149)
	at java.util.concurrent.ThreadPoolExecutor$Worker.run(ThreadPoolExecutor.java:624)
	at java.lang.Thread.run(Thread.java:748)
13:12:00.766 [reactor-http-nio-2] ERROR c.c.g.h.GatewayExceptionHandler - [handle,48] - [网关异常处理]请求路径:/system/config/sys_config,异常信息:Redis exception; nested exception is io.lettuce.core.RedisException: java.io.IOException: 远程主机强迫关闭了一个现有的连接。
13:24:36.920 [reactor-http-nio-8] ERROR c.c.g.h.GatewayExceptionHandler - [handle,48] - [网关异常处理]请求路径:/favicon.ico,异常信息:404 NOT_FOUND
13:24:51.474 [reactor-http-nio-6] ERROR c.c.g.h.GatewayExceptionHandler - [handle,48] - [网关异常处理]请求路径:/favicon.ico,异常信息:404 NOT_FOUND
13:24:53.475 [reactor-http-nio-6] ERROR c.c.g.h.GatewayExceptionHandler - [handle,48] - [网关异常处理]请求路径:/favicon.ico,异常信息:404 NOT_FOUND
13:25:03.956 [reactor-http-nio-6] ERROR c.c.g.h.GatewayExceptionHandler - [handle,48] - [网关异常处理]请求路径:/favicon.ico,异常信息:404 NOT_FOUND
13:25:05.110 [reactor-http-nio-6] ERROR c.c.g.h.GatewayExceptionHandler - [handle,48] - [网关异常处理]请求路径:/favicon.ico,异常信息:404 NOT_FOUND
13:25:09.034 [reactor-http-nio-6] ERROR c.c.g.h.GatewayExceptionHandler - [handle,48] - [网关异常处理]请求路径:/favicon.ico,异常信息:404 NOT_FOUND
13:25:09.998 [reactor-http-nio-6] ERROR c.c.g.h.GatewayExceptionHandler - [handle,48] - [网关异常处理]请求路径:/favicon.ico,异常信息:404 NOT_FOUND
13:25:13.535 [reactor-http-nio-6] ERROR c.c.g.h.GatewayExceptionHandler - [handle,48] - [网关异常处理]请求路径:/favicon.ico,异常信息:404 NOT_FOUND
13:44:08.128 [reactor-http-nio-1] ERROR c.c.g.h.GatewayExceptionHandler - [handle,48] - [网关异常处理]请求路径:/,异常信息:404 NOT_FOUND
13:44:17.386 [reactor-http-nio-2] ERROR c.c.g.h.GatewayExceptionHandler - [handle,48] - [网关异常处理]请求路径:/,异常信息:404 NOT_FOUND
13:44:18.024 [reactor-http-nio-3] ERROR c.c.g.h.GatewayExceptionHandler - [handle,48] - [网关异常处理]请求路径:/favicon.ico,异常信息:404 NOT_FOUND
13:51:29.507 [reactor-http-nio-6] ERROR c.c.g.h.GatewayExceptionHandler - [handle,48] - [网关异常处理]请求路径:/,异常信息:404 NOT_FOUND
13:51:30.106 [reactor-http-nio-7] ERROR c.c.g.h.GatewayExceptionHandler - [handle,48] - [网关异常处理]请求路径:,异常信息:404 NOT_FOUND
13:51:31.027 [reactor-http-nio-8] ERROR c.c.g.h.GatewayExceptionHandler - [handle,48] - [网关异常处理]请求路径:/,异常信息:404 NOT_FOUND
13:51:32.301 [reactor-http-nio-9] ERROR c.c.g.h.GatewayExceptionHandler - [handle,48] - [网关异常处理]请求路径:,异常信息:404 NOT_FOUND
14:09:41.108 [reactor-http-nio-10] ERROR c.c.g.h.GatewayExceptionHandler - [handle,48] - [网关异常处理]请求路径:/favicon.ico,异常信息:404 NOT_FOUND
14:09:42.222 [reactor-http-nio-10] ERROR c.c.g.h.GatewayExceptionHandler - [handle,48] - [网关异常处理]请求路径:/favicon.ico,异常信息:404 NOT_FOUND
14:09:48.143 [reactor-http-nio-10] ERROR c.c.g.h.GatewayExceptionHandler - [handle,48] - [网关异常处理]请求路径:/favicon.ico,异常信息:404 NOT_FOUND
14:09:51.584 [reactor-http-nio-11] ERROR c.c.g.h.GatewayExceptionHandler - [handle,48] - [网关异常处理]请求路径:/favicon.ico,异常信息:404 NOT_FOUND
14:10:28.463 [reactor-http-nio-12] ERROR c.c.g.h.GatewayExceptionHandler - [handle,48] - [网关异常处理]请求路径:/cgi-bin/luci/;stok=/locale,异常信息:404 NOT_FOUND
14:20:55.937 [boundedElastic-64] ERROR c.a.c.n.d.r.NacosReactiveDiscoveryClient - [lambda$getServices$3,94] - get services from nacos server fail,
com.alibaba.nacos.api.exception.NacosException: java.util.concurrent.TimeoutException: Waited 3000 milliseconds (plus 2 milliseconds, 112399 nanoseconds delay) for com.alibaba.nacos.shaded.io.grpc.stub.ClientCalls$GrpcFuture@753ca1ec[status=PENDING, info=[GrpcFuture{clientCall=ClientCallImpl{method=MethodDescriptor{fullMethodName=Request/request, type=UNARY, idempotent=false, safe=false, sampledToLocalTracing=true, requestMarshaller=com.alibaba.nacos.shaded.io.grpc.protobuf.lite.ProtoLiteUtils$MessageMarshaller@509bd98f, responseMarshaller=com.alibaba.nacos.shaded.io.grpc.protobuf.lite.ProtoLiteUtils$MessageMarshaller@6041eb84, schemaDescriptor=com.alibaba.nacos.api.grpc.auto.RequestGrpc$RequestMethodDescriptorSupplier@7c6fa96c}}}]]
	at com.alibaba.nacos.common.remote.client.grpc.GrpcConnection.request(GrpcConnection.java:78)
	at com.alibaba.nacos.common.remote.client.RpcClient.request(RpcClient.java:641)
	at com.alibaba.nacos.common.remote.client.RpcClient.request(RpcClient.java:619)
	at com.alibaba.nacos.client.naming.remote.gprc.NamingGrpcClientProxy.requestToServer(NamingGrpcClientProxy.java:356)
	at com.alibaba.nacos.client.naming.remote.gprc.NamingGrpcClientProxy.getServiceList(NamingGrpcClientProxy.java:282)
	at com.alibaba.nacos.client.naming.remote.NamingClientProxyDelegate.getServiceList(NamingClientProxyDelegate.java:162)
	at com.alibaba.nacos.client.naming.NacosNamingService.getServicesOfServer(NacosNamingService.java:461)
	at com.alibaba.nacos.client.naming.NacosNamingService.getServicesOfServer(NacosNamingService.java:449)
	at com.alibaba.cloud.nacos.discovery.NacosServiceDiscovery.getServices(NacosServiceDiscovery.java:70)
	at com.alibaba.cloud.nacos.discovery.reactive.NacosReactiveDiscoveryClient.lambda$getServices$3(NacosReactiveDiscoveryClient.java:87)
	at reactor.core.publisher.FluxDefer.subscribe(FluxDefer.java:46)
	at reactor.core.publisher.FluxSubscribeOn$SubscribeOnSubscriber.run(FluxSubscribeOn.java:194)
	at reactor.core.scheduler.WorkerTask.call(WorkerTask.java:84)
	at reactor.core.scheduler.WorkerTask.call(WorkerTask.java:37)
	at java.util.concurrent.FutureTask.run$$$capture(FutureTask.java:266)
	at java.util.concurrent.FutureTask.run(FutureTask.java)
	at java.util.concurrent.ScheduledThreadPoolExecutor$ScheduledFutureTask.access$201(ScheduledThreadPoolExecutor.java:180)
	at java.util.concurrent.ScheduledThreadPoolExecutor$ScheduledFutureTask.run(ScheduledThreadPoolExecutor.java:293)
	at java.util.concurrent.ThreadPoolExecutor.runWorker(ThreadPoolExecutor.java:1149)
	at java.util.concurrent.ThreadPoolExecutor$Worker.run(ThreadPoolExecutor.java:624)
	at java.lang.Thread.run(Thread.java:748)
Caused by: java.util.concurrent.TimeoutException: Waited 3000 milliseconds (plus 2 milliseconds, 112399 nanoseconds delay) for com.alibaba.nacos.shaded.io.grpc.stub.ClientCalls$GrpcFuture@753ca1ec[status=PENDING, info=[GrpcFuture{clientCall=ClientCallImpl{method=MethodDescriptor{fullMethodName=Request/request, type=UNARY, idempotent=false, safe=false, sampledToLocalTracing=true, requestMarshaller=com.alibaba.nacos.shaded.io.grpc.protobuf.lite.ProtoLiteUtils$MessageMarshaller@509bd98f, responseMarshaller=com.alibaba.nacos.shaded.io.grpc.protobuf.lite.ProtoLiteUtils$MessageMarshaller@6041eb84, schemaDescriptor=com.alibaba.nacos.api.grpc.auto.RequestGrpc$RequestMethodDescriptorSupplier@7c6fa96c}}}]]
	at com.alibaba.nacos.shaded.com.google.common.util.concurrent.AbstractFuture.get(AbstractFuture.java:508)
	at com.alibaba.nacos.common.remote.client.grpc.GrpcConnection.request(GrpcConnection.java:76)
	... 20 common frames omitted
14:20:55.937 [boundedElastic-74] ERROR c.a.c.n.d.r.NacosReactiveDiscoveryClient - [lambda$getServices$3,94] - get services from nacos server fail,
com.alibaba.nacos.api.exception.NacosException: java.util.concurrent.TimeoutException: Waited 3000 milliseconds (plus 2 milliseconds, 131900 nanoseconds delay) for com.alibaba.nacos.shaded.io.grpc.stub.ClientCalls$GrpcFuture@1c0dc9b[status=PENDING, info=[GrpcFuture{clientCall=ClientCallImpl{method=MethodDescriptor{fullMethodName=Request/request, type=UNARY, idempotent=false, safe=false, sampledToLocalTracing=true, requestMarshaller=com.alibaba.nacos.shaded.io.grpc.protobuf.lite.ProtoLiteUtils$MessageMarshaller@509bd98f, responseMarshaller=com.alibaba.nacos.shaded.io.grpc.protobuf.lite.ProtoLiteUtils$MessageMarshaller@6041eb84, schemaDescriptor=com.alibaba.nacos.api.grpc.auto.RequestGrpc$RequestMethodDescriptorSupplier@7c6fa96c}}}]]
	at com.alibaba.nacos.common.remote.client.grpc.GrpcConnection.request(GrpcConnection.java:78)
	at com.alibaba.nacos.common.remote.client.RpcClient.request(RpcClient.java:641)
	at com.alibaba.nacos.common.remote.client.RpcClient.request(RpcClient.java:619)
	at com.alibaba.nacos.client.naming.remote.gprc.NamingGrpcClientProxy.requestToServer(NamingGrpcClientProxy.java:356)
	at com.alibaba.nacos.client.naming.remote.gprc.NamingGrpcClientProxy.getServiceList(NamingGrpcClientProxy.java:282)
	at com.alibaba.nacos.client.naming.remote.NamingClientProxyDelegate.getServiceList(NamingClientProxyDelegate.java:162)
	at com.alibaba.nacos.client.naming.NacosNamingService.getServicesOfServer(NacosNamingService.java:461)
	at com.alibaba.nacos.client.naming.NacosNamingService.getServicesOfServer(NacosNamingService.java:449)
	at com.alibaba.cloud.nacos.discovery.NacosServiceDiscovery.getServices(NacosServiceDiscovery.java:70)
	at com.alibaba.cloud.nacos.discovery.reactive.NacosReactiveDiscoveryClient.lambda$getServices$3(NacosReactiveDiscoveryClient.java:87)
	at reactor.core.publisher.FluxDefer.subscribe(FluxDefer.java:46)
	at reactor.core.publisher.FluxSubscribeOn$SubscribeOnSubscriber.run(FluxSubscribeOn.java:194)
	at reactor.core.scheduler.WorkerTask.call(WorkerTask.java:84)
	at reactor.core.scheduler.WorkerTask.call(WorkerTask.java:37)
	at java.util.concurrent.FutureTask.run$$$capture(FutureTask.java:266)
	at java.util.concurrent.FutureTask.run(FutureTask.java)
	at java.util.concurrent.ScheduledThreadPoolExecutor$ScheduledFutureTask.access$201(ScheduledThreadPoolExecutor.java:180)
	at java.util.concurrent.ScheduledThreadPoolExecutor$ScheduledFutureTask.run(ScheduledThreadPoolExecutor.java:293)
	at java.util.concurrent.ThreadPoolExecutor.runWorker(ThreadPoolExecutor.java:1149)
	at java.util.concurrent.ThreadPoolExecutor$Worker.run(ThreadPoolExecutor.java:624)
	at java.lang.Thread.run(Thread.java:748)
Caused by: java.util.concurrent.TimeoutException: Waited 3000 milliseconds (plus 2 milliseconds, 131900 nanoseconds delay) for com.alibaba.nacos.shaded.io.grpc.stub.ClientCalls$GrpcFuture@1c0dc9b[status=PENDING, info=[GrpcFuture{clientCall=ClientCallImpl{method=MethodDescriptor{fullMethodName=Request/request, type=UNARY, idempotent=false, safe=false, sampledToLocalTracing=true, requestMarshaller=com.alibaba.nacos.shaded.io.grpc.protobuf.lite.ProtoLiteUtils$MessageMarshaller@509bd98f, responseMarshaller=com.alibaba.nacos.shaded.io.grpc.protobuf.lite.ProtoLiteUtils$MessageMarshaller@6041eb84, schemaDescriptor=com.alibaba.nacos.api.grpc.auto.RequestGrpc$RequestMethodDescriptorSupplier@7c6fa96c}}}]]
	at com.alibaba.nacos.shaded.com.google.common.util.concurrent.AbstractFuture.get(AbstractFuture.java:508)
	at com.alibaba.nacos.common.remote.client.grpc.GrpcConnection.request(GrpcConnection.java:76)
	... 20 common frames omitted
15:02:07.755 [reactor-http-nio-6] ERROR c.c.g.h.GatewayExceptionHandler - [handle,48] - [网关异常处理]请求路径:/,异常信息:404 NOT_FOUND
15:02:21.536 [reactor-http-nio-7] ERROR c.c.g.h.GatewayExceptionHandler - [handle,48] - [网关异常处理]请求路径:/,异常信息:404 NOT_FOUND
15:39:59.450 [reactor-http-nio-18] ERROR c.c.g.h.GatewayExceptionHandler - [handle,48] - [网关异常处理]请求路径:/,异常信息:404 NOT_FOUND
15:40:00.209 [reactor-http-nio-19] ERROR c.c.g.h.GatewayExceptionHandler - [handle,48] - [网关异常处理]请求路径:,异常信息:404 NOT_FOUND
15:40:01.391 [reactor-http-nio-20] ERROR c.c.g.h.GatewayExceptionHandler - [handle,48] - [网关异常处理]请求路径:/,异常信息:404 NOT_FOUND
15:40:02.293 [reactor-http-nio-1] ERROR c.c.g.h.GatewayExceptionHandler - [handle,48] - [网关异常处理]请求路径:,异常信息:404 NOT_FOUND
15:48:59.974 [reactor-http-nio-3] ERROR c.c.g.h.GatewayExceptionHandler - [handle,48] - [网关异常处理]请求路径:/,异常信息:404 NOT_FOUND
15:54:13.048 [reactor-http-nio-4] ERROR c.c.g.h.GatewayExceptionHandler - [handle,48] - [网关异常处理]请求路径:,异常信息:404 NOT_FOUND
15:54:14.867 [reactor-http-nio-5] ERROR c.c.g.h.GatewayExceptionHandler - [handle,48] - [网关异常处理]请求路径:/,异常信息:404 NOT_FOUND
15:54:15.005 [reactor-http-nio-6] ERROR c.c.g.h.GatewayExceptionHandler - [handle,48] - [网关异常处理]请求路径:/english/,异常信息:404 NOT_FOUND
15:54:15.008 [reactor-http-nio-7] ERROR c.c.g.h.GatewayExceptionHandler - [handle,48] - [网关异常处理]请求路径:,异常信息:404 NOT_FOUND
15:54:15.011 [reactor-http-nio-8] ERROR c.c.g.h.GatewayExceptionHandler - [handle,48] - [网关异常处理]请求路径:,异常信息:404 NOT_FOUND
15:54:15.150 [reactor-http-nio-9] ERROR c.c.g.h.GatewayExceptionHandler - [handle,48] - [网关异常处理]请求路径:/,异常信息:404 NOT_FOUND
15:54:15.298 [reactor-http-nio-10] ERROR c.c.g.h.GatewayExceptionHandler - [handle,48] - [网关异常处理]请求路径:/,异常信息:404 NOT_FOUND
15:54:15.451 [reactor-http-nio-11] ERROR c.c.g.h.GatewayExceptionHandler - [handle,48] - [网关异常处理]请求路径:/,异常信息:404 NOT_FOUND
15:54:15.899 [reactor-http-nio-12] ERROR c.c.g.h.GatewayExceptionHandler - [handle,48] - [网关异常处理]请求路径:/,异常信息:404 NOT_FOUND
15:54:16.766 [reactor-http-nio-13] ERROR c.c.g.h.GatewayExceptionHandler - [handle,48] - [网关异常处理]请求路径:,异常信息:404 NOT_FOUND
16:27:32.122 [reactor-http-nio-14] ERROR c.c.g.h.GatewayExceptionHandler - [handle,48] - [网关异常处理]请求路径:/cgi-bin/luci/;stok=/locale,异常信息:404 NOT_FOUND
16:44:53.373 [reactor-http-nio-15] ERROR c.c.g.h.GatewayExceptionHandler - [handle,48] - [网关异常处理]请求路径:/,异常信息:404 NOT_FOUND
16:44:54.728 [reactor-http-nio-16] ERROR c.c.g.h.GatewayExceptionHandler - [handle,48] - [网关异常处理]请求路径:,异常信息:404 NOT_FOUND
16:44:55.927 [reactor-http-nio-17] ERROR c.c.g.h.GatewayExceptionHandler - [handle,48] - [网关异常处理]请求路径:/,异常信息:404 NOT_FOUND
16:44:56.823 [reactor-http-nio-18] ERROR c.c.g.h.GatewayExceptionHandler - [handle,48] - [网关异常处理]请求路径:,异常信息:404 NOT_FOUND
16:49:13.731 [reactor-http-nio-20] ERROR c.c.g.h.GatewayExceptionHandler - [handle,48] - [网关异常处理]请求路径:/favicon.ico,异常信息:404 NOT_FOUND
16:49:15.466 [reactor-http-nio-19] ERROR c.c.g.h.GatewayExceptionHandler - [handle,48] - [网关异常处理]请求路径:/service-worker.js,异常信息:404 NOT_FOUND
16:49:16.113 [reactor-http-nio-19] ERROR c.c.g.h.GatewayExceptionHandler - [handle,48] - [网关异常处理]请求路径:/favicon.ico,异常信息:404 NOT_FOUND
16:49:18.003 [reactor-http-nio-19] ERROR c.c.g.h.GatewayExceptionHandler - [handle,48] - [网关异常处理]请求路径:/favicon.ico,异常信息:404 NOT_FOUND
16:49:18.719 [reactor-http-nio-19] ERROR c.c.g.h.GatewayExceptionHandler - [handle,48] - [网关异常处理]请求路径:/favicon.ico,异常信息:404 NOT_FOUND
16:49:49.733 [reactor-http-nio-2] ERROR c.c.g.h.GatewayExceptionHandler - [handle,48] - [网关异常处理]请求路径:/service-worker.js,异常信息:404 NOT_FOUND
16:50:49.676 [reactor-http-nio-3] ERROR c.c.g.f.AuthFilter - [unauthorizedResponse,145] - [鉴权异常处理]请求路径: /system/user/getInfo
16:50:49.678 [reactor-http-nio-4] ERROR c.c.g.f.AuthFilter - [unauthorizedResponse,145] - [鉴权异常处理]请求路径: /system/config/sys_config
17:20:59.498 [reactor-http-nio-17] ERROR c.c.g.h.GatewayExceptionHandler - [handle,48] - [网关异常处理]请求路径:/,异常信息:404 NOT_FOUND
17:21:08.770 [reactor-http-nio-20] ERROR c.c.g.h.GatewayExceptionHandler - [handle,48] - [网关异常处理]请求路径:/,异常信息:404 NOT_FOUND
17:21:09.373 [reactor-http-nio-1] ERROR c.c.g.h.GatewayExceptionHandler - [handle,48] - [网关异常处理]请求路径:/favicon.ico,异常信息:404 NOT_FOUND
17:22:45.449 [reactor-http-nio-16] ERROR c.c.g.h.GatewayExceptionHandler - [handle,48] - [网关异常处理]请求路径:/cgi-bin/luci/;stok=/locale,异常信息:404 NOT_FOUND
17:25:12.628 [reactor-http-nio-14] ERROR c.c.g.h.GatewayExceptionHandler - [handle,48] - [网关异常处理]请求路径:/favicon.ico,异常信息:404 NOT_FOUND
17:25:43.637 [reactor-http-nio-14] ERROR c.c.g.h.GatewayExceptionHandler - [handle,48] - [网关异常处理]请求路径:/service-worker.js,异常信息:404 NOT_FOUND
17:51:37.169 [reactor-http-nio-15] ERROR c.c.g.f.AuthFilter - [unauthorizedResponse,145] - [鉴权异常处理]请求路径: /system/config/sys_config
17:51:37.171 [reactor-http-nio-14] ERROR c.c.g.f.AuthFilter - [unauthorizedResponse,145] - [鉴权异常处理]请求路径: /system/user/getInfo
18:15:31.944 [reactor-http-nio-7] ERROR c.c.g.h.GatewayExceptionHandler - [handle,48] - [网关异常处理]请求路径:/onlineUser/list,异常信息:404 NOT_FOUND
18:15:40.117 [reactor-http-nio-12] ERROR c.c.g.h.GatewayExceptionHandler - [handle,48] - [网关异常处理]请求路径:/onlineUser/list,异常信息:404 NOT_FOUND
18:15:48.577 [reactor-http-nio-13] ERROR c.c.g.h.GatewayExceptionHandler - [handle,48] - [网关异常处理]请求路径:/onlineUser/list,异常信息:404 NOT_FOUND
18:15:48.908 [reactor-http-nio-14] ERROR c.c.g.h.GatewayExceptionHandler - [handle,48] - [网关异常处理]请求路径:/onlineUser/list,异常信息:404 NOT_FOUND
18:15:49.578 [reactor-http-nio-15] ERROR c.c.g.h.GatewayExceptionHandler - [handle,48] - [网关异常处理]请求路径:/onlineUser/list,异常信息:404 NOT_FOUND
18:15:49.937 [reactor-http-nio-16] ERROR c.c.g.h.GatewayExceptionHandler - [handle,48] - [网关异常处理]请求路径:/onlineUser/list,异常信息:404 NOT_FOUND
18:15:51.777 [reactor-http-nio-17] ERROR c.c.g.h.GatewayExceptionHandler - [handle,48] - [网关异常处理]请求路径:/onlineUser/list,异常信息:404 NOT_FOUND
18:15:52.183 [reactor-http-nio-18] ERROR c.c.g.h.GatewayExceptionHandler - [handle,48] - [网关异常处理]请求路径:/onlineUser/list,异常信息:404 NOT_FOUND
18:15:52.901 [reactor-http-nio-19] ERROR c.c.g.h.GatewayExceptionHandler - [handle,48] - [网关异常处理]请求路径:/onlineUser/list,异常信息:404 NOT_FOUND
18:15:54.362 [reactor-http-nio-20] ERROR c.c.g.h.GatewayExceptionHandler - [handle,48] - [网关异常处理]请求路径:/onlineUser/list,异常信息:404 NOT_FOUND
18:15:56.178 [reactor-http-nio-1] ERROR c.c.g.h.GatewayExceptionHandler - [handle,48] - [网关异常处理]请求路径:/onlineUser/list,异常信息:404 NOT_FOUND
18:16:00.603 [reactor-http-nio-6] ERROR c.c.g.h.GatewayExceptionHandler - [handle,48] - [网关异常处理]请求路径:/onlineUser/list,异常信息:404 NOT_FOUND
18:18:15.169 [reactor-http-nio-13] ERROR c.c.g.h.GatewayExceptionHandler - [handle,48] - [网关异常处理]请求路径:/onlineUser/list,异常信息:404 NOT_FOUND
18:18:28.696 [reactor-http-nio-14] ERROR c.c.g.h.GatewayExceptionHandler - [handle,48] - [网关异常处理]请求路径:/onlineUser/list,异常信息:404 NOT_FOUND
18:18:35.600 [reactor-http-nio-19] ERROR c.c.g.h.GatewayExceptionHandler - [handle,48] - [网关异常处理]请求路径:/onlineUser/list,异常信息:404 NOT_FOUND
18:18:39.700 [reactor-http-nio-20] ERROR c.c.g.h.GatewayExceptionHandler - [handle,48] - [网关异常处理]请求路径:/onlineUser/list,异常信息:404 NOT_FOUND
18:18:42.590 [reactor-http-nio-1] ERROR c.c.g.h.GatewayExceptionHandler - [handle,48] - [网关异常处理]请求路径:/onlineUser/list,异常信息:404 NOT_FOUND
18:18:46.236 [reactor-http-nio-2] ERROR c.c.g.h.GatewayExceptionHandler - [handle,48] - [网关异常处理]请求路径:/onlineUser/list,异常信息:404 NOT_FOUND
18:19:31.100 [reactor-http-nio-3] ERROR c.c.g.h.GatewayExceptionHandler - [handle,48] - [网关异常处理]请求路径:/onlineUser/list,异常信息:404 NOT_FOUND
18:19:36.216 [reactor-http-nio-9] ERROR c.c.g.h.GatewayExceptionHandler - [handle,48] - [网关异常处理]请求路径:/onlineUser/list,异常信息:404 NOT_FOUND
18:21:47.058 [reactor-http-nio-10] ERROR c.c.g.h.GatewayExceptionHandler - [handle,48] - [网关异常处理]请求路径:/onlineUser/list,异常信息:404 NOT_FOUND
18:23:56.203 [reactor-http-nio-11] ERROR c.c.g.h.GatewayExceptionHandler - [handle,48] - [网关异常处理]请求路径:/onlineUser/list,异常信息:404 NOT_FOUND
18:24:01.356 [reactor-http-nio-12] ERROR c.c.g.h.GatewayExceptionHandler - [handle,48] - [网关异常处理]请求路径:/onlineUser/list,异常信息:404 NOT_FOUND
18:24:02.034 [reactor-http-nio-13] ERROR c.c.g.h.GatewayExceptionHandler - [handle,48] - [网关异常处理]请求路径:/onlineUser/list,异常信息:404 NOT_FOUND
18:24:05.555 [reactor-http-nio-14] ERROR c.c.g.h.GatewayExceptionHandler - [handle,48] - [网关异常处理]请求路径:/onlineUser/list,异常信息:404 NOT_FOUND
18:24:09.136 [reactor-http-nio-15] ERROR c.c.g.h.GatewayExceptionHandler - [handle,48] - [网关异常处理]请求路径:/onlineUser/list,异常信息:404 NOT_FOUND
18:24:19.258 [reactor-http-nio-16] ERROR c.c.g.h.GatewayExceptionHandler - [handle,48] - [网关异常处理]请求路径:/onlineUser/list,异常信息:404 NOT_FOUND
18:24:26.496 [reactor-http-nio-17] ERROR c.c.g.h.GatewayExceptionHandler - [handle,48] - [网关异常处理]请求路径:/onlineUser/list,异常信息:404 NOT_FOUND
18:24:42.535 [reactor-http-nio-18] ERROR c.c.g.h.GatewayExceptionHandler - [handle,48] - [网关异常处理]请求路径:/onlineUser/list,异常信息:404 NOT_FOUND
18:24:43.456 [reactor-http-nio-19] ERROR c.c.g.h.GatewayExceptionHandler - [handle,48] - [网关异常处理]请求路径:/onlineUser/list,异常信息:404 NOT_FOUND
18:24:43.679 [reactor-http-nio-20] ERROR c.c.g.h.GatewayExceptionHandler - [handle,48] - [网关异常处理]请求路径:/onlineUser/list,异常信息:404 NOT_FOUND
18:24:46.100 [reactor-http-nio-1] ERROR c.c.g.h.GatewayExceptionHandler - [handle,48] - [网关异常处理]请求路径:/onlineUser/list,异常信息:404 NOT_FOUND
18:24:46.168 [reactor-http-nio-2] ERROR c.c.g.h.GatewayExceptionHandler - [handle,48] - [网关异常处理]请求路径:/onlineUser/list,异常信息:404 NOT_FOUND
18:24:46.577 [reactor-http-nio-3] ERROR c.c.g.h.GatewayExceptionHandler - [handle,48] - [网关异常处理]请求路径:/onlineUser/list,异常信息:404 NOT_FOUND
18:24:49.375 [reactor-http-nio-4] ERROR c.c.g.h.GatewayExceptionHandler - [handle,48] - [网关异常处理]请求路径:/onlineUser/list,异常信息:404 NOT_FOUND
18:24:49.939 [reactor-http-nio-5] ERROR c.c.g.h.GatewayExceptionHandler - [handle,48] - [网关异常处理]请求路径:/onlineUser/list,异常信息:404 NOT_FOUND
18:24:50.373 [reactor-http-nio-6] ERROR c.c.g.h.GatewayExceptionHandler - [handle,48] - [网关异常处理]请求路径:/onlineUser/list,异常信息:404 NOT_FOUND
18:24:51.336 [reactor-http-nio-7] ERROR c.c.g.h.GatewayExceptionHandler - [handle,48] - [网关异常处理]请求路径:/onlineUser/list,异常信息:404 NOT_FOUND
18:25:31.661 [reactor-http-nio-8] ERROR c.c.g.h.GatewayExceptionHandler - [handle,48] - [网关异常处理]请求路径:/onlineUser/list,异常信息:404 NOT_FOUND
18:25:57.656 [reactor-http-nio-9] ERROR c.c.g.h.GatewayExceptionHandler - [handle,48] - [网关异常处理]请求路径:/onlineUser/list,异常信息:404 NOT_FOUND
18:26:00.038 [reactor-http-nio-10] ERROR c.c.g.h.GatewayExceptionHandler - [handle,48] - [网关异常处理]请求路径:/onlineUser/list,异常信息:404 NOT_FOUND
18:29:05.892 [reactor-http-nio-11] ERROR c.c.g.h.GatewayExceptionHandler - [handle,48] - [网关异常处理]请求路径:/,异常信息:404 NOT_FOUND
18:29:10.174 [reactor-http-nio-12] ERROR c.c.g.h.GatewayExceptionHandler - [handle,48] - [网关异常处理]请求路径:,异常信息:404 NOT_FOUND
18:29:11.500 [reactor-http-nio-13] ERROR c.c.g.h.GatewayExceptionHandler - [handle,48] - [网关异常处理]请求路径:/,异常信息:404 NOT_FOUND
18:29:13.303 [reactor-http-nio-14] ERROR c.c.g.h.GatewayExceptionHandler - [handle,48] - [网关异常处理]请求路径:,异常信息:404 NOT_FOUND
18:30:04.614 [reactor-http-nio-15] ERROR c.c.g.h.GatewayExceptionHandler - [handle,48] - [网关异常处理]请求路径:/onlineUser/list,异常信息:404 NOT_FOUND
18:30:08.455 [reactor-http-nio-2] ERROR c.c.g.h.GatewayExceptionHandler - [handle,48] - [网关异常处理]请求路径:/onlineUser/list,异常信息:404 NOT_FOUND
18:31:13.456 [reactor-http-nio-3] ERROR c.c.g.h.GatewayExceptionHandler - [handle,48] - [网关异常处理]请求路径:/onlineUser/list,异常信息:404 NOT_FOUND
18:31:13.894 [reactor-http-nio-4] ERROR c.c.g.h.GatewayExceptionHandler - [handle,48] - [网关异常处理]请求路径:/onlineUser/list,异常信息:404 NOT_FOUND
18:31:17.533 [reactor-http-nio-5] ERROR c.c.g.h.GatewayExceptionHandler - [handle,48] - [网关异常处理]请求路径:/onlineUser/list,异常信息:404 NOT_FOUND
18:31:17.973 [reactor-http-nio-6] ERROR c.c.g.h.GatewayExceptionHandler - [handle,48] - [网关异常处理]请求路径:/onlineUser/list,异常信息:404 NOT_FOUND
18:31:19.232 [reactor-http-nio-7] ERROR c.c.g.h.GatewayExceptionHandler - [handle,48] - [网关异常处理]请求路径:/onlineUser/list,异常信息:404 NOT_FOUND
18:31:19.833 [reactor-http-nio-8] ERROR c.c.g.h.GatewayExceptionHandler - [handle,48] - [网关异常处理]请求路径:/onlineUser/list,异常信息:404 NOT_FOUND
18:31:21.238 [reactor-http-nio-9] ERROR c.c.g.h.GatewayExceptionHandler - [handle,48] - [网关异常处理]请求路径:/onlineUser/list,异常信息:404 NOT_FOUND
18:31:21.841 [reactor-http-nio-10] ERROR c.c.g.h.GatewayExceptionHandler - [handle,48] - [网关异常处理]请求路径:/onlineUser/list,异常信息:404 NOT_FOUND
18:31:22.887 [reactor-http-nio-11] ERROR c.c.g.h.GatewayExceptionHandler - [handle,48] - [网关异常处理]请求路径:/onlineUser/list,异常信息:404 NOT_FOUND
18:31:23.491 [reactor-http-nio-12] ERROR c.c.g.h.GatewayExceptionHandler - [handle,48] - [网关异常处理]请求路径:/onlineUser/list,异常信息:404 NOT_FOUND
18:31:35.614 [reactor-http-nio-13] ERROR c.c.g.h.GatewayExceptionHandler - [handle,48] - [网关异常处理]请求路径:/onlineUser/list,异常信息:404 NOT_FOUND
18:31:39.894 [reactor-http-nio-20] ERROR c.c.g.h.GatewayExceptionHandler - [handle,48] - [网关异常处理]请求路径:/onlineUser/list,异常信息:404 NOT_FOUND
18:32:13.776 [reactor-http-nio-1] ERROR c.c.g.h.GatewayExceptionHandler - [handle,48] - [网关异常处理]请求路径:/onlineUser/list,异常信息:404 NOT_FOUND
18:32:24.375 [reactor-http-nio-2] ERROR c.c.g.h.GatewayExceptionHandler - [handle,48] - [网关异常处理]请求路径:/onlineUser/list,异常信息:404 NOT_FOUND
18:33:00.016 [reactor-http-nio-3] ERROR c.c.g.h.GatewayExceptionHandler - [handle,48] - [网关异常处理]请求路径:/onlineUser/list,异常信息:404 NOT_FOUND
18:33:12.861 [reactor-http-nio-4] ERROR c.c.g.h.GatewayExceptionHandler - [handle,48] - [网关异常处理]请求路径:/onlineUser/list,异常信息:404 NOT_FOUND
18:33:25.781 [reactor-http-nio-11] ERROR c.c.g.h.GatewayExceptionHandler - [handle,48] - [网关异常处理]请求路径:/onlineUser/list,异常信息:404 NOT_FOUND
18:33:32.418 [reactor-http-nio-12] ERROR c.c.g.h.GatewayExceptionHandler - [handle,48] - [网关异常处理]请求路径:/onlineUser/list,异常信息:404 NOT_FOUND
18:33:49.710 [reactor-http-nio-17] ERROR c.c.g.h.GatewayExceptionHandler - [handle,48] - [网关异常处理]请求路径:/onlineUser/list,异常信息:404 NOT_FOUND
18:34:14.695 [reactor-http-nio-18] ERROR c.c.g.h.GatewayExceptionHandler - [handle,48] - [网关异常处理]请求路径:/onlineUser/list,异常信息:404 NOT_FOUND
18:34:28.574 [reactor-http-nio-3] ERROR c.c.g.h.GatewayExceptionHandler - [handle,48] - [网关异常处理]请求路径:/onlineUser/list,异常信息:404 NOT_FOUND
18:34:50.615 [reactor-http-nio-4] ERROR c.c.g.h.GatewayExceptionHandler - [handle,48] - [网关异常处理]请求路径:/onlineUser/list,异常信息:404 NOT_FOUND
18:35:07.734 [reactor-http-nio-5] ERROR c.c.g.h.GatewayExceptionHandler - [handle,48] - [网关异常处理]请求路径:/onlineUser/list,异常信息:404 NOT_FOUND
18:35:18.413 [reactor-http-nio-6] ERROR c.c.g.h.GatewayExceptionHandler - [handle,48] - [网关异常处理]请求路径:/onlineUser/list,异常信息:404 NOT_FOUND
18:36:50.935 [reactor-http-nio-17] ERROR c.c.g.h.GatewayExceptionHandler - [handle,48] - [网关异常处理]请求路径:/onlineUser/list,异常信息:404 NOT_FOUND
18:36:51.894 [reactor-http-nio-18] ERROR c.c.g.h.GatewayExceptionHandler - [handle,48] - [网关异常处理]请求路径:/onlineUser/list,异常信息:404 NOT_FOUND
18:36:53.293 [reactor-http-nio-19] ERROR c.c.g.h.GatewayExceptionHandler - [handle,48] - [网关异常处理]请求路径:/onlineUser/list,异常信息:404 NOT_FOUND
18:36:57.734 [reactor-http-nio-20] ERROR c.c.g.h.GatewayExceptionHandler - [handle,48] - [网关异常处理]请求路径:/onlineUser/list,异常信息:404 NOT_FOUND
18:36:59.931 [reactor-http-nio-1] ERROR c.c.g.h.GatewayExceptionHandler - [handle,48] - [网关异常处理]请求路径:/onlineUser/list,异常信息:404 NOT_FOUND
18:37:25.853 [reactor-http-nio-6] ERROR c.c.g.h.GatewayExceptionHandler - [handle,48] - [网关异常处理]请求路径:/onlineUser/list,异常信息:404 NOT_FOUND
18:37:29.374 [reactor-http-nio-7] ERROR c.c.g.h.GatewayExceptionHandler - [handle,48] - [网关异常处理]请求路径:/onlineUser/list,异常信息:404 NOT_FOUND
18:39:08.750 [reactor-http-nio-15] ERROR c.c.g.h.GatewayExceptionHandler - [handle,48] - [网关异常处理]请求路径:/onlineUser/list,异常信息:404 NOT_FOUND
18:39:48.376 [reactor-http-nio-20] ERROR c.c.g.h.GatewayExceptionHandler - [handle,48] - [网关异常处理]请求路径:/onlineUser/list,异常信息:404 NOT_FOUND
18:39:51.416 [reactor-http-nio-1] ERROR c.c.g.h.GatewayExceptionHandler - [handle,48] - [网关异常处理]请求路径:/onlineUser/list,异常信息:404 NOT_FOUND
18:39:52.692 [reactor-http-nio-2] ERROR c.c.g.h.GatewayExceptionHandler - [handle,48] - [网关异常处理]请求路径:/onlineUser/list,异常信息:404 NOT_FOUND
18:41:52.729 [reactor-http-nio-3] ERROR c.c.g.h.GatewayExceptionHandler - [handle,48] - [网关异常处理]请求路径:/favicon.ico,异常信息:404 NOT_FOUND
18:42:23.735 [reactor-http-nio-3] ERROR c.c.g.h.GatewayExceptionHandler - [handle,48] - [网关异常处理]请求路径:/service-worker.js,异常信息:404 NOT_FOUND
18:45:23.625 [reactor-http-nio-14] ERROR c.c.g.h.GatewayExceptionHandler - [handle,48] - [网关异常处理]请求路径:/onlineUser.js,异常信息:404 NOT_FOUND
18:45:24.529 [reactor-http-nio-15] ERROR c.c.g.h.GatewayExceptionHandler - [handle,48] - [网关异常处理]请求路径:/onlineUser.js,异常信息:404 NOT_FOUND
18:45:25.293 [reactor-http-nio-16] ERROR c.c.g.h.GatewayExceptionHandler - [handle,48] - [网关异常处理]请求路径:/onlineUser.js,异常信息:404 NOT_FOUND
18:45:25.771 [reactor-http-nio-17] ERROR c.c.g.h.GatewayExceptionHandler - [handle,48] - [网关异常处理]请求路径:/onlineUser.js,异常信息:404 NOT_FOUND
18:45:26.954 [reactor-http-nio-18] ERROR c.c.g.h.GatewayExceptionHandler - [handle,48] - [网关异常处理]请求路径:/onlineUser.js,异常信息:404 NOT_FOUND
18:47:27.010 [reactor-http-nio-19] ERROR c.c.g.h.GatewayExceptionHandler - [handle,48] - [网关异常处理]请求路径:/favicon.ico,异常信息:404 NOT_FOUND
18:47:34.489 [reactor-http-nio-20] ERROR c.c.g.h.GatewayExceptionHandler - [handle,48] - [网关异常处理]请求路径:/favicon.ico,异常信息:404 NOT_FOUND
19:18:50.773 [reactor-http-nio-8] ERROR c.c.g.h.GatewayExceptionHandler - [handle,48] - [网关异常处理]请求路径:/,异常信息:404 NOT_FOUND
19:18:51.563 [reactor-http-nio-9] ERROR c.c.g.h.GatewayExceptionHandler - [handle,48] - [网关异常处理]请求路径:,异常信息:404 NOT_FOUND
19:18:52.766 [reactor-http-nio-10] ERROR c.c.g.h.GatewayExceptionHandler - [handle,48] - [网关异常处理]请求路径:/,异常信息:404 NOT_FOUND
19:18:53.564 [reactor-http-nio-11] ERROR c.c.g.h.GatewayExceptionHandler - [handle,48] - [网关异常处理]请求路径:,异常信息:404 NOT_FOUND
19:29:24.810 [boundedElastic-256] ERROR c.a.c.n.d.r.NacosReactiveDiscoveryClient - [lambda$getServices$3,94] - get services from nacos server fail,
com.alibaba.nacos.api.exception.NacosException: Client not connected, current status:UNHEALTHY
	at com.alibaba.nacos.common.remote.client.RpcClient.request(RpcClient.java:639)
	at com.alibaba.nacos.common.remote.client.RpcClient.request(RpcClient.java:619)
	at com.alibaba.nacos.client.naming.remote.gprc.NamingGrpcClientProxy.requestToServer(NamingGrpcClientProxy.java:356)
	at com.alibaba.nacos.client.naming.remote.gprc.NamingGrpcClientProxy.getServiceList(NamingGrpcClientProxy.java:282)
	at com.alibaba.nacos.client.naming.remote.NamingClientProxyDelegate.getServiceList(NamingClientProxyDelegate.java:162)
	at com.alibaba.nacos.client.naming.NacosNamingService.getServicesOfServer(NacosNamingService.java:461)
	at com.alibaba.nacos.client.naming.NacosNamingService.getServicesOfServer(NacosNamingService.java:449)
	at com.alibaba.cloud.nacos.discovery.NacosServiceDiscovery.getServices(NacosServiceDiscovery.java:70)
	at com.alibaba.cloud.nacos.discovery.reactive.NacosReactiveDiscoveryClient.lambda$getServices$3(NacosReactiveDiscoveryClient.java:87)
	at reactor.core.publisher.FluxDefer.subscribe(FluxDefer.java:46)
	at reactor.core.publisher.FluxSubscribeOn$SubscribeOnSubscriber.run(FluxSubscribeOn.java:194)
	at reactor.core.scheduler.WorkerTask.call(WorkerTask.java:84)
	at reactor.core.scheduler.WorkerTask.call(WorkerTask.java:37)
	at java.util.concurrent.FutureTask.run$$$capture(FutureTask.java:266)
	at java.util.concurrent.FutureTask.run(FutureTask.java)
	at java.util.concurrent.ScheduledThreadPoolExecutor$ScheduledFutureTask.access$201(ScheduledThreadPoolExecutor.java:180)
	at java.util.concurrent.ScheduledThreadPoolExecutor$ScheduledFutureTask.run(ScheduledThreadPoolExecutor.java:293)
	at java.util.concurrent.ThreadPoolExecutor.runWorker(ThreadPoolExecutor.java:1149)
	at java.util.concurrent.ThreadPoolExecutor$Worker.run(ThreadPoolExecutor.java:624)
	at java.lang.Thread.run(Thread.java:748)
19:29:24.810 [boundedElastic-267] ERROR c.a.c.n.d.r.NacosReactiveDiscoveryClient - [lambda$getServices$3,94] - get services from nacos server fail,
com.alibaba.nacos.api.exception.NacosException: Client not connected, current status:UNHEALTHY
	at com.alibaba.nacos.common.remote.client.RpcClient.request(RpcClient.java:639)
	at com.alibaba.nacos.common.remote.client.RpcClient.request(RpcClient.java:619)
	at com.alibaba.nacos.client.naming.remote.gprc.NamingGrpcClientProxy.requestToServer(NamingGrpcClientProxy.java:356)
	at com.alibaba.nacos.client.naming.remote.gprc.NamingGrpcClientProxy.getServiceList(NamingGrpcClientProxy.java:282)
	at com.alibaba.nacos.client.naming.remote.NamingClientProxyDelegate.getServiceList(NamingClientProxyDelegate.java:162)
	at com.alibaba.nacos.client.naming.NacosNamingService.getServicesOfServer(NacosNamingService.java:461)
	at com.alibaba.nacos.client.naming.NacosNamingService.getServicesOfServer(NacosNamingService.java:449)
	at com.alibaba.cloud.nacos.discovery.NacosServiceDiscovery.getServices(NacosServiceDiscovery.java:70)
	at com.alibaba.cloud.nacos.discovery.reactive.NacosReactiveDiscoveryClient.lambda$getServices$3(NacosReactiveDiscoveryClient.java:87)
	at reactor.core.publisher.FluxDefer.subscribe(FluxDefer.java:46)
	at reactor.core.publisher.FluxSubscribeOn$SubscribeOnSubscriber.run(FluxSubscribeOn.java:194)
	at reactor.core.scheduler.WorkerTask.call(WorkerTask.java:84)
	at reactor.core.scheduler.WorkerTask.call(WorkerTask.java:37)
	at java.util.concurrent.FutureTask.run$$$capture(FutureTask.java:266)
	at java.util.concurrent.FutureTask.run(FutureTask.java)
	at java.util.concurrent.ScheduledThreadPoolExecutor$ScheduledFutureTask.access$201(ScheduledThreadPoolExecutor.java:180)
	at java.util.concurrent.ScheduledThreadPoolExecutor$ScheduledFutureTask.run(ScheduledThreadPoolExecutor.java:293)
	at java.util.concurrent.ThreadPoolExecutor.runWorker(ThreadPoolExecutor.java:1149)
	at java.util.concurrent.ThreadPoolExecutor$Worker.run(ThreadPoolExecutor.java:624)
	at java.lang.Thread.run(Thread.java:748)
19:29:54.807 [boundedElastic-267] ERROR c.a.c.n.d.r.NacosReactiveDiscoveryClient - [lambda$getServices$3,94] - get services from nacos server fail,
com.alibaba.nacos.api.exception.NacosException: Client not connected, current status:UNHEALTHY
	at com.alibaba.nacos.common.remote.client.RpcClient.request(RpcClient.java:639)
	at com.alibaba.nacos.common.remote.client.RpcClient.request(RpcClient.java:619)
	at com.alibaba.nacos.client.naming.remote.gprc.NamingGrpcClientProxy.requestToServer(NamingGrpcClientProxy.java:356)
	at com.alibaba.nacos.client.naming.remote.gprc.NamingGrpcClientProxy.getServiceList(NamingGrpcClientProxy.java:282)
	at com.alibaba.nacos.client.naming.remote.NamingClientProxyDelegate.getServiceList(NamingClientProxyDelegate.java:162)
	at com.alibaba.nacos.client.naming.NacosNamingService.getServicesOfServer(NacosNamingService.java:461)
	at com.alibaba.nacos.client.naming.NacosNamingService.getServicesOfServer(NacosNamingService.java:449)
	at com.alibaba.cloud.nacos.discovery.NacosServiceDiscovery.getServices(NacosServiceDiscovery.java:70)
	at com.alibaba.cloud.nacos.discovery.reactive.NacosReactiveDiscoveryClient.lambda$getServices$3(NacosReactiveDiscoveryClient.java:87)
	at reactor.core.publisher.FluxDefer.subscribe(FluxDefer.java:46)
	at reactor.core.publisher.FluxSubscribeOn$SubscribeOnSubscriber.run(FluxSubscribeOn.java:194)
	at reactor.core.scheduler.WorkerTask.call(WorkerTask.java:84)
	at reactor.core.scheduler.WorkerTask.call(WorkerTask.java:37)
	at java.util.concurrent.FutureTask.run$$$capture(FutureTask.java:266)
	at java.util.concurrent.FutureTask.run(FutureTask.java)
	at java.util.concurrent.ScheduledThreadPoolExecutor$ScheduledFutureTask.access$201(ScheduledThreadPoolExecutor.java:180)
	at java.util.concurrent.ScheduledThreadPoolExecutor$ScheduledFutureTask.run(ScheduledThreadPoolExecutor.java:293)
	at java.util.concurrent.ThreadPoolExecutor.runWorker(ThreadPoolExecutor.java:1149)
	at java.util.concurrent.ThreadPoolExecutor$Worker.run(ThreadPoolExecutor.java:624)
	at java.lang.Thread.run(Thread.java:748)
19:29:54.806 [boundedElastic-256] ERROR c.a.c.n.d.r.NacosReactiveDiscoveryClient - [lambda$getServices$3,94] - get services from nacos server fail,
com.alibaba.nacos.api.exception.NacosException: Client not connected, current status:UNHEALTHY
	at com.alibaba.nacos.common.remote.client.RpcClient.request(RpcClient.java:639)
	at com.alibaba.nacos.common.remote.client.RpcClient.request(RpcClient.java:619)
	at com.alibaba.nacos.client.naming.remote.gprc.NamingGrpcClientProxy.requestToServer(NamingGrpcClientProxy.java:356)
	at com.alibaba.nacos.client.naming.remote.gprc.NamingGrpcClientProxy.getServiceList(NamingGrpcClientProxy.java:282)
	at com.alibaba.nacos.client.naming.remote.NamingClientProxyDelegate.getServiceList(NamingClientProxyDelegate.java:162)
	at com.alibaba.nacos.client.naming.NacosNamingService.getServicesOfServer(NacosNamingService.java:461)
	at com.alibaba.nacos.client.naming.NacosNamingService.getServicesOfServer(NacosNamingService.java:449)
	at com.alibaba.cloud.nacos.discovery.NacosServiceDiscovery.getServices(NacosServiceDiscovery.java:70)
	at com.alibaba.cloud.nacos.discovery.reactive.NacosReactiveDiscoveryClient.lambda$getServices$3(NacosReactiveDiscoveryClient.java:87)
	at reactor.core.publisher.FluxDefer.subscribe(FluxDefer.java:46)
	at reactor.core.publisher.FluxSubscribeOn$SubscribeOnSubscriber.run(FluxSubscribeOn.java:194)
	at reactor.core.scheduler.WorkerTask.call(WorkerTask.java:84)
	at reactor.core.scheduler.WorkerTask.call(WorkerTask.java:37)
	at java.util.concurrent.FutureTask.run$$$capture(FutureTask.java:266)
	at java.util.concurrent.FutureTask.run(FutureTask.java)
	at java.util.concurrent.ScheduledThreadPoolExecutor$ScheduledFutureTask.access$201(ScheduledThreadPoolExecutor.java:180)
	at java.util.concurrent.ScheduledThreadPoolExecutor$ScheduledFutureTask.run(ScheduledThreadPoolExecutor.java:293)
	at java.util.concurrent.ThreadPoolExecutor.runWorker(ThreadPoolExecutor.java:1149)
	at java.util.concurrent.ThreadPoolExecutor$Worker.run(ThreadPoolExecutor.java:624)
	at java.lang.Thread.run(Thread.java:748)
19:30:24.807 [boundedElastic-256] ERROR c.a.c.n.d.r.NacosReactiveDiscoveryClient - [lambda$getServices$3,94] - get services from nacos server fail,
com.alibaba.nacos.api.exception.NacosException: Client not connected, current status:UNHEALTHY
	at com.alibaba.nacos.common.remote.client.RpcClient.request(RpcClient.java:639)
	at com.alibaba.nacos.common.remote.client.RpcClient.request(RpcClient.java:619)
	at com.alibaba.nacos.client.naming.remote.gprc.NamingGrpcClientProxy.requestToServer(NamingGrpcClientProxy.java:356)
	at com.alibaba.nacos.client.naming.remote.gprc.NamingGrpcClientProxy.getServiceList(NamingGrpcClientProxy.java:282)
	at com.alibaba.nacos.client.naming.remote.NamingClientProxyDelegate.getServiceList(NamingClientProxyDelegate.java:162)
	at com.alibaba.nacos.client.naming.NacosNamingService.getServicesOfServer(NacosNamingService.java:461)
	at com.alibaba.nacos.client.naming.NacosNamingService.getServicesOfServer(NacosNamingService.java:449)
	at com.alibaba.cloud.nacos.discovery.NacosServiceDiscovery.getServices(NacosServiceDiscovery.java:70)
	at com.alibaba.cloud.nacos.discovery.reactive.NacosReactiveDiscoveryClient.lambda$getServices$3(NacosReactiveDiscoveryClient.java:87)
	at reactor.core.publisher.FluxDefer.subscribe(FluxDefer.java:46)
	at reactor.core.publisher.FluxSubscribeOn$SubscribeOnSubscriber.run(FluxSubscribeOn.java:194)
	at reactor.core.scheduler.WorkerTask.call(WorkerTask.java:84)
	at reactor.core.scheduler.WorkerTask.call(WorkerTask.java:37)
	at java.util.concurrent.FutureTask.run$$$capture(FutureTask.java:266)
	at java.util.concurrent.FutureTask.run(FutureTask.java)
	at java.util.concurrent.ScheduledThreadPoolExecutor$ScheduledFutureTask.access$201(ScheduledThreadPoolExecutor.java:180)
	at java.util.concurrent.ScheduledThreadPoolExecutor$ScheduledFutureTask.run(ScheduledThreadPoolExecutor.java:293)
	at java.util.concurrent.ThreadPoolExecutor.runWorker(ThreadPoolExecutor.java:1149)
	at java.util.concurrent.ThreadPoolExecutor$Worker.run(ThreadPoolExecutor.java:624)
	at java.lang.Thread.run(Thread.java:748)
19:30:24.807 [boundedElastic-267] ERROR c.a.c.n.d.r.NacosReactiveDiscoveryClient - [lambda$getServices$3,94] - get services from nacos server fail,
com.alibaba.nacos.api.exception.NacosException: Client not connected, current status:UNHEALTHY
	at com.alibaba.nacos.common.remote.client.RpcClient.request(RpcClient.java:639)
	at com.alibaba.nacos.common.remote.client.RpcClient.request(RpcClient.java:619)
	at com.alibaba.nacos.client.naming.remote.gprc.NamingGrpcClientProxy.requestToServer(NamingGrpcClientProxy.java:356)
	at com.alibaba.nacos.client.naming.remote.gprc.NamingGrpcClientProxy.getServiceList(NamingGrpcClientProxy.java:282)
	at com.alibaba.nacos.client.naming.remote.NamingClientProxyDelegate.getServiceList(NamingClientProxyDelegate.java:162)
	at com.alibaba.nacos.client.naming.NacosNamingService.getServicesOfServer(NacosNamingService.java:461)
	at com.alibaba.nacos.client.naming.NacosNamingService.getServicesOfServer(NacosNamingService.java:449)
	at com.alibaba.cloud.nacos.discovery.NacosServiceDiscovery.getServices(NacosServiceDiscovery.java:70)
	at com.alibaba.cloud.nacos.discovery.reactive.NacosReactiveDiscoveryClient.lambda$getServices$3(NacosReactiveDiscoveryClient.java:87)
	at reactor.core.publisher.FluxDefer.subscribe(FluxDefer.java:46)
	at reactor.core.publisher.FluxSubscribeOn$SubscribeOnSubscriber.run(FluxSubscribeOn.java:194)
	at reactor.core.scheduler.WorkerTask.call(WorkerTask.java:84)
	at reactor.core.scheduler.WorkerTask.call(WorkerTask.java:37)
	at java.util.concurrent.FutureTask.run$$$capture(FutureTask.java:266)
	at java.util.concurrent.FutureTask.run(FutureTask.java)
	at java.util.concurrent.ScheduledThreadPoolExecutor$ScheduledFutureTask.access$201(ScheduledThreadPoolExecutor.java:180)
	at java.util.concurrent.ScheduledThreadPoolExecutor$ScheduledFutureTask.run(ScheduledThreadPoolExecutor.java:293)
	at java.util.concurrent.ThreadPoolExecutor.runWorker(ThreadPoolExecutor.java:1149)
	at java.util.concurrent.ThreadPoolExecutor$Worker.run(ThreadPoolExecutor.java:624)
	at java.lang.Thread.run(Thread.java:748)
19:30:54.810 [boundedElastic-267] ERROR c.a.c.n.d.r.NacosReactiveDiscoveryClient - [lambda$getServices$3,94] - get services from nacos server fail,
com.alibaba.nacos.api.exception.NacosException: Client not connected, current status:UNHEALTHY
	at com.alibaba.nacos.common.remote.client.RpcClient.request(RpcClient.java:639)
	at com.alibaba.nacos.common.remote.client.RpcClient.request(RpcClient.java:619)
	at com.alibaba.nacos.client.naming.remote.gprc.NamingGrpcClientProxy.requestToServer(NamingGrpcClientProxy.java:356)
	at com.alibaba.nacos.client.naming.remote.gprc.NamingGrpcClientProxy.getServiceList(NamingGrpcClientProxy.java:282)
	at com.alibaba.nacos.client.naming.remote.NamingClientProxyDelegate.getServiceList(NamingClientProxyDelegate.java:162)
	at com.alibaba.nacos.client.naming.NacosNamingService.getServicesOfServer(NacosNamingService.java:461)
	at com.alibaba.nacos.client.naming.NacosNamingService.getServicesOfServer(NacosNamingService.java:449)
	at com.alibaba.cloud.nacos.discovery.NacosServiceDiscovery.getServices(NacosServiceDiscovery.java:70)
	at com.alibaba.cloud.nacos.discovery.reactive.NacosReactiveDiscoveryClient.lambda$getServices$3(NacosReactiveDiscoveryClient.java:87)
	at reactor.core.publisher.FluxDefer.subscribe(FluxDefer.java:46)
	at reactor.core.publisher.FluxSubscribeOn$SubscribeOnSubscriber.run(FluxSubscribeOn.java:194)
	at reactor.core.scheduler.WorkerTask.call(WorkerTask.java:84)
	at reactor.core.scheduler.WorkerTask.call(WorkerTask.java:37)
	at java.util.concurrent.FutureTask.run$$$capture(FutureTask.java:266)
	at java.util.concurrent.FutureTask.run(FutureTask.java)
	at java.util.concurrent.ScheduledThreadPoolExecutor$ScheduledFutureTask.access$201(ScheduledThreadPoolExecutor.java:180)
	at java.util.concurrent.ScheduledThreadPoolExecutor$ScheduledFutureTask.run(ScheduledThreadPoolExecutor.java:293)
	at java.util.concurrent.ThreadPoolExecutor.runWorker(ThreadPoolExecutor.java:1149)
	at java.util.concurrent.ThreadPoolExecutor$Worker.run(ThreadPoolExecutor.java:624)
	at java.lang.Thread.run(Thread.java:748)
19:30:54.810 [boundedElastic-256] ERROR c.a.c.n.d.r.NacosReactiveDiscoveryClient - [lambda$getServices$3,94] - get services from nacos server fail,
com.alibaba.nacos.api.exception.NacosException: Client not connected, current status:UNHEALTHY
	at com.alibaba.nacos.common.remote.client.RpcClient.request(RpcClient.java:639)
	at com.alibaba.nacos.common.remote.client.RpcClient.request(RpcClient.java:619)
	at com.alibaba.nacos.client.naming.remote.gprc.NamingGrpcClientProxy.requestToServer(NamingGrpcClientProxy.java:356)
	at com.alibaba.nacos.client.naming.remote.gprc.NamingGrpcClientProxy.getServiceList(NamingGrpcClientProxy.java:282)
	at com.alibaba.nacos.client.naming.remote.NamingClientProxyDelegate.getServiceList(NamingClientProxyDelegate.java:162)
	at com.alibaba.nacos.client.naming.NacosNamingService.getServicesOfServer(NacosNamingService.java:461)
	at com.alibaba.nacos.client.naming.NacosNamingService.getServicesOfServer(NacosNamingService.java:449)
	at com.alibaba.cloud.nacos.discovery.NacosServiceDiscovery.getServices(NacosServiceDiscovery.java:70)
	at com.alibaba.cloud.nacos.discovery.reactive.NacosReactiveDiscoveryClient.lambda$getServices$3(NacosReactiveDiscoveryClient.java:87)
	at reactor.core.publisher.FluxDefer.subscribe(FluxDefer.java:46)
	at reactor.core.publisher.FluxSubscribeOn$SubscribeOnSubscriber.run(FluxSubscribeOn.java:194)
	at reactor.core.scheduler.WorkerTask.call(WorkerTask.java:84)
	at reactor.core.scheduler.WorkerTask.call(WorkerTask.java:37)
	at java.util.concurrent.FutureTask.run$$$capture(FutureTask.java:266)
	at java.util.concurrent.FutureTask.run(FutureTask.java)
	at java.util.concurrent.ScheduledThreadPoolExecutor$ScheduledFutureTask.access$201(ScheduledThreadPoolExecutor.java:180)
	at java.util.concurrent.ScheduledThreadPoolExecutor$ScheduledFutureTask.run(ScheduledThreadPoolExecutor.java:293)
	at java.util.concurrent.ThreadPoolExecutor.runWorker(ThreadPoolExecutor.java:1149)
	at java.util.concurrent.ThreadPoolExecutor$Worker.run(ThreadPoolExecutor.java:624)
	at java.lang.Thread.run(Thread.java:748)
19:31:24.808 [boundedElastic-267] ERROR c.a.c.n.d.r.NacosReactiveDiscoveryClient - [lambda$getServices$3,94] - get services from nacos server fail,
com.alibaba.nacos.api.exception.NacosException: Client not connected, current status:UNHEALTHY
	at com.alibaba.nacos.common.remote.client.RpcClient.request(RpcClient.java:639)
	at com.alibaba.nacos.common.remote.client.RpcClient.request(RpcClient.java:619)
	at com.alibaba.nacos.client.naming.remote.gprc.NamingGrpcClientProxy.requestToServer(NamingGrpcClientProxy.java:356)
	at com.alibaba.nacos.client.naming.remote.gprc.NamingGrpcClientProxy.getServiceList(NamingGrpcClientProxy.java:282)
	at com.alibaba.nacos.client.naming.remote.NamingClientProxyDelegate.getServiceList(NamingClientProxyDelegate.java:162)
	at com.alibaba.nacos.client.naming.NacosNamingService.getServicesOfServer(NacosNamingService.java:461)
	at com.alibaba.nacos.client.naming.NacosNamingService.getServicesOfServer(NacosNamingService.java:449)
	at com.alibaba.cloud.nacos.discovery.NacosServiceDiscovery.getServices(NacosServiceDiscovery.java:70)
	at com.alibaba.cloud.nacos.discovery.reactive.NacosReactiveDiscoveryClient.lambda$getServices$3(NacosReactiveDiscoveryClient.java:87)
	at reactor.core.publisher.FluxDefer.subscribe(FluxDefer.java:46)
	at reactor.core.publisher.FluxSubscribeOn$SubscribeOnSubscriber.run(FluxSubscribeOn.java:194)
	at reactor.core.scheduler.WorkerTask.call(WorkerTask.java:84)
	at reactor.core.scheduler.WorkerTask.call(WorkerTask.java:37)
	at java.util.concurrent.FutureTask.run$$$capture(FutureTask.java:266)
	at java.util.concurrent.FutureTask.run(FutureTask.java)
	at java.util.concurrent.ScheduledThreadPoolExecutor$ScheduledFutureTask.access$201(ScheduledThreadPoolExecutor.java:180)
	at java.util.concurrent.ScheduledThreadPoolExecutor$ScheduledFutureTask.run(ScheduledThreadPoolExecutor.java:293)
	at java.util.concurrent.ThreadPoolExecutor.runWorker(ThreadPoolExecutor.java:1149)
	at java.util.concurrent.ThreadPoolExecutor$Worker.run(ThreadPoolExecutor.java:624)
	at java.lang.Thread.run(Thread.java:748)
19:31:24.808 [boundedElastic-256] ERROR c.a.c.n.d.r.NacosReactiveDiscoveryClient - [lambda$getServices$3,94] - get services from nacos server fail,
com.alibaba.nacos.api.exception.NacosException: Client not connected, current status:UNHEALTHY
	at com.alibaba.nacos.common.remote.client.RpcClient.request(RpcClient.java:639)
	at com.alibaba.nacos.common.remote.client.RpcClient.request(RpcClient.java:619)
	at com.alibaba.nacos.client.naming.remote.gprc.NamingGrpcClientProxy.requestToServer(NamingGrpcClientProxy.java:356)
	at com.alibaba.nacos.client.naming.remote.gprc.NamingGrpcClientProxy.getServiceList(NamingGrpcClientProxy.java:282)
	at com.alibaba.nacos.client.naming.remote.NamingClientProxyDelegate.getServiceList(NamingClientProxyDelegate.java:162)
	at com.alibaba.nacos.client.naming.NacosNamingService.getServicesOfServer(NacosNamingService.java:461)
	at com.alibaba.nacos.client.naming.NacosNamingService.getServicesOfServer(NacosNamingService.java:449)
	at com.alibaba.cloud.nacos.discovery.NacosServiceDiscovery.getServices(NacosServiceDiscovery.java:70)
	at com.alibaba.cloud.nacos.discovery.reactive.NacosReactiveDiscoveryClient.lambda$getServices$3(NacosReactiveDiscoveryClient.java:87)
	at reactor.core.publisher.FluxDefer.subscribe(FluxDefer.java:46)
	at reactor.core.publisher.FluxSubscribeOn$SubscribeOnSubscriber.run(FluxSubscribeOn.java:194)
	at reactor.core.scheduler.WorkerTask.call(WorkerTask.java:84)
	at reactor.core.scheduler.WorkerTask.call(WorkerTask.java:37)
	at java.util.concurrent.FutureTask.run$$$capture(FutureTask.java:266)
	at java.util.concurrent.FutureTask.run(FutureTask.java)
	at java.util.concurrent.ScheduledThreadPoolExecutor$ScheduledFutureTask.access$201(ScheduledThreadPoolExecutor.java:180)
	at java.util.concurrent.ScheduledThreadPoolExecutor$ScheduledFutureTask.run(ScheduledThreadPoolExecutor.java:293)
	at java.util.concurrent.ThreadPoolExecutor.runWorker(ThreadPoolExecutor.java:1149)
	at java.util.concurrent.ThreadPoolExecutor$Worker.run(ThreadPoolExecutor.java:624)
	at java.lang.Thread.run(Thread.java:748)
19:31:54.819 [boundedElastic-267] ERROR c.a.c.n.d.r.NacosReactiveDiscoveryClient - [lambda$getServices$3,94] - get services from nacos server fail,
com.alibaba.nacos.api.exception.NacosException: Client not connected, current status:UNHEALTHY
	at com.alibaba.nacos.common.remote.client.RpcClient.request(RpcClient.java:639)
	at com.alibaba.nacos.common.remote.client.RpcClient.request(RpcClient.java:619)
	at com.alibaba.nacos.client.naming.remote.gprc.NamingGrpcClientProxy.requestToServer(NamingGrpcClientProxy.java:356)
	at com.alibaba.nacos.client.naming.remote.gprc.NamingGrpcClientProxy.getServiceList(NamingGrpcClientProxy.java:282)
	at com.alibaba.nacos.client.naming.remote.NamingClientProxyDelegate.getServiceList(NamingClientProxyDelegate.java:162)
	at com.alibaba.nacos.client.naming.NacosNamingService.getServicesOfServer(NacosNamingService.java:461)
	at com.alibaba.nacos.client.naming.NacosNamingService.getServicesOfServer(NacosNamingService.java:449)
	at com.alibaba.cloud.nacos.discovery.NacosServiceDiscovery.getServices(NacosServiceDiscovery.java:70)
	at com.alibaba.cloud.nacos.discovery.reactive.NacosReactiveDiscoveryClient.lambda$getServices$3(NacosReactiveDiscoveryClient.java:87)
	at reactor.core.publisher.FluxDefer.subscribe(FluxDefer.java:46)
	at reactor.core.publisher.FluxSubscribeOn$SubscribeOnSubscriber.run(FluxSubscribeOn.java:194)
	at reactor.core.scheduler.WorkerTask.call(WorkerTask.java:84)
	at reactor.core.scheduler.WorkerTask.call(WorkerTask.java:37)
	at java.util.concurrent.FutureTask.run$$$capture(FutureTask.java:266)
	at java.util.concurrent.FutureTask.run(FutureTask.java)
	at java.util.concurrent.ScheduledThreadPoolExecutor$ScheduledFutureTask.access$201(ScheduledThreadPoolExecutor.java:180)
	at java.util.concurrent.ScheduledThreadPoolExecutor$ScheduledFutureTask.run(ScheduledThreadPoolExecutor.java:293)
	at java.util.concurrent.ThreadPoolExecutor.runWorker(ThreadPoolExecutor.java:1149)
	at java.util.concurrent.ThreadPoolExecutor$Worker.run(ThreadPoolExecutor.java:624)
	at java.lang.Thread.run(Thread.java:748)
19:31:54.819 [boundedElastic-256] ERROR c.a.c.n.d.r.NacosReactiveDiscoveryClient - [lambda$getServices$3,94] - get services from nacos server fail,
com.alibaba.nacos.api.exception.NacosException: Client not connected, current status:UNHEALTHY
	at com.alibaba.nacos.common.remote.client.RpcClient.request(RpcClient.java:639)
	at com.alibaba.nacos.common.remote.client.RpcClient.request(RpcClient.java:619)
	at com.alibaba.nacos.client.naming.remote.gprc.NamingGrpcClientProxy.requestToServer(NamingGrpcClientProxy.java:356)
	at com.alibaba.nacos.client.naming.remote.gprc.NamingGrpcClientProxy.getServiceList(NamingGrpcClientProxy.java:282)
	at com.alibaba.nacos.client.naming.remote.NamingClientProxyDelegate.getServiceList(NamingClientProxyDelegate.java:162)
	at com.alibaba.nacos.client.naming.NacosNamingService.getServicesOfServer(NacosNamingService.java:461)
	at com.alibaba.nacos.client.naming.NacosNamingService.getServicesOfServer(NacosNamingService.java:449)
	at com.alibaba.cloud.nacos.discovery.NacosServiceDiscovery.getServices(NacosServiceDiscovery.java:70)
	at com.alibaba.cloud.nacos.discovery.reactive.NacosReactiveDiscoveryClient.lambda$getServices$3(NacosReactiveDiscoveryClient.java:87)
	at reactor.core.publisher.FluxDefer.subscribe(FluxDefer.java:46)
	at reactor.core.publisher.FluxSubscribeOn$SubscribeOnSubscriber.run(FluxSubscribeOn.java:194)
	at reactor.core.scheduler.WorkerTask.call(WorkerTask.java:84)
	at reactor.core.scheduler.WorkerTask.call(WorkerTask.java:37)
	at java.util.concurrent.FutureTask.run$$$capture(FutureTask.java:266)
	at java.util.concurrent.FutureTask.run(FutureTask.java)
	at java.util.concurrent.ScheduledThreadPoolExecutor$ScheduledFutureTask.access$201(ScheduledThreadPoolExecutor.java:180)
	at java.util.concurrent.ScheduledThreadPoolExecutor$ScheduledFutureTask.run(ScheduledThreadPoolExecutor.java:293)
	at java.util.concurrent.ThreadPoolExecutor.runWorker(ThreadPoolExecutor.java:1149)
	at java.util.concurrent.ThreadPoolExecutor$Worker.run(ThreadPoolExecutor.java:624)
	at java.lang.Thread.run(Thread.java:748)
19:32:24.815 [boundedElastic-267] ERROR c.a.c.n.d.r.NacosReactiveDiscoveryClient - [lambda$getServices$3,94] - get services from nacos server fail,
com.alibaba.nacos.api.exception.NacosException: Client not connected, current status:UNHEALTHY
	at com.alibaba.nacos.common.remote.client.RpcClient.request(RpcClient.java:639)
	at com.alibaba.nacos.common.remote.client.RpcClient.request(RpcClient.java:619)
	at com.alibaba.nacos.client.naming.remote.gprc.NamingGrpcClientProxy.requestToServer(NamingGrpcClientProxy.java:356)
	at com.alibaba.nacos.client.naming.remote.gprc.NamingGrpcClientProxy.getServiceList(NamingGrpcClientProxy.java:282)
	at com.alibaba.nacos.client.naming.remote.NamingClientProxyDelegate.getServiceList(NamingClientProxyDelegate.java:162)
	at com.alibaba.nacos.client.naming.NacosNamingService.getServicesOfServer(NacosNamingService.java:461)
	at com.alibaba.nacos.client.naming.NacosNamingService.getServicesOfServer(NacosNamingService.java:449)
	at com.alibaba.cloud.nacos.discovery.NacosServiceDiscovery.getServices(NacosServiceDiscovery.java:70)
	at com.alibaba.cloud.nacos.discovery.reactive.NacosReactiveDiscoveryClient.lambda$getServices$3(NacosReactiveDiscoveryClient.java:87)
	at reactor.core.publisher.FluxDefer.subscribe(FluxDefer.java:46)
	at reactor.core.publisher.FluxSubscribeOn$SubscribeOnSubscriber.run(FluxSubscribeOn.java:194)
	at reactor.core.scheduler.WorkerTask.call(WorkerTask.java:84)
	at reactor.core.scheduler.WorkerTask.call(WorkerTask.java:37)
	at java.util.concurrent.FutureTask.run$$$capture(FutureTask.java:266)
	at java.util.concurrent.FutureTask.run(FutureTask.java)
	at java.util.concurrent.ScheduledThreadPoolExecutor$ScheduledFutureTask.access$201(ScheduledThreadPoolExecutor.java:180)
	at java.util.concurrent.ScheduledThreadPoolExecutor$ScheduledFutureTask.run(ScheduledThreadPoolExecutor.java:293)
	at java.util.concurrent.ThreadPoolExecutor.runWorker(ThreadPoolExecutor.java:1149)
	at java.util.concurrent.ThreadPoolExecutor$Worker.run(ThreadPoolExecutor.java:624)
	at java.lang.Thread.run(Thread.java:748)
19:32:24.815 [boundedElastic-256] ERROR c.a.c.n.d.r.NacosReactiveDiscoveryClient - [lambda$getServices$3,94] - get services from nacos server fail,
com.alibaba.nacos.api.exception.NacosException: Client not connected, current status:UNHEALTHY
	at com.alibaba.nacos.common.remote.client.RpcClient.request(RpcClient.java:639)
	at com.alibaba.nacos.common.remote.client.RpcClient.request(RpcClient.java:619)
	at com.alibaba.nacos.client.naming.remote.gprc.NamingGrpcClientProxy.requestToServer(NamingGrpcClientProxy.java:356)
	at com.alibaba.nacos.client.naming.remote.gprc.NamingGrpcClientProxy.getServiceList(NamingGrpcClientProxy.java:282)
	at com.alibaba.nacos.client.naming.remote.NamingClientProxyDelegate.getServiceList(NamingClientProxyDelegate.java:162)
	at com.alibaba.nacos.client.naming.NacosNamingService.getServicesOfServer(NacosNamingService.java:461)
	at com.alibaba.nacos.client.naming.NacosNamingService.getServicesOfServer(NacosNamingService.java:449)
	at com.alibaba.cloud.nacos.discovery.NacosServiceDiscovery.getServices(NacosServiceDiscovery.java:70)
	at com.alibaba.cloud.nacos.discovery.reactive.NacosReactiveDiscoveryClient.lambda$getServices$3(NacosReactiveDiscoveryClient.java:87)
	at reactor.core.publisher.FluxDefer.subscribe(FluxDefer.java:46)
	at reactor.core.publisher.FluxSubscribeOn$SubscribeOnSubscriber.run(FluxSubscribeOn.java:194)
	at reactor.core.scheduler.WorkerTask.call(WorkerTask.java:84)
	at reactor.core.scheduler.WorkerTask.call(WorkerTask.java:37)
	at java.util.concurrent.FutureTask.run$$$capture(FutureTask.java:266)
	at java.util.concurrent.FutureTask.run(FutureTask.java)
	at java.util.concurrent.ScheduledThreadPoolExecutor$ScheduledFutureTask.access$201(ScheduledThreadPoolExecutor.java:180)
	at java.util.concurrent.ScheduledThreadPoolExecutor$ScheduledFutureTask.run(ScheduledThreadPoolExecutor.java:293)
	at java.util.concurrent.ThreadPoolExecutor.runWorker(ThreadPoolExecutor.java:1149)
	at java.util.concurrent.ThreadPoolExecutor$Worker.run(ThreadPoolExecutor.java:624)
	at java.lang.Thread.run(Thread.java:748)
19:32:54.821 [boundedElastic-256] ERROR c.a.c.n.d.r.NacosReactiveDiscoveryClient - [lambda$getServices$3,94] - get services from nacos server fail,
com.alibaba.nacos.api.exception.NacosException: Client not connected, current status:UNHEALTHY
	at com.alibaba.nacos.common.remote.client.RpcClient.request(RpcClient.java:639)
	at com.alibaba.nacos.common.remote.client.RpcClient.request(RpcClient.java:619)
	at com.alibaba.nacos.client.naming.remote.gprc.NamingGrpcClientProxy.requestToServer(NamingGrpcClientProxy.java:356)
	at com.alibaba.nacos.client.naming.remote.gprc.NamingGrpcClientProxy.getServiceList(NamingGrpcClientProxy.java:282)
	at com.alibaba.nacos.client.naming.remote.NamingClientProxyDelegate.getServiceList(NamingClientProxyDelegate.java:162)
	at com.alibaba.nacos.client.naming.NacosNamingService.getServicesOfServer(NacosNamingService.java:461)
	at com.alibaba.nacos.client.naming.NacosNamingService.getServicesOfServer(NacosNamingService.java:449)
	at com.alibaba.cloud.nacos.discovery.NacosServiceDiscovery.getServices(NacosServiceDiscovery.java:70)
	at com.alibaba.cloud.nacos.discovery.reactive.NacosReactiveDiscoveryClient.lambda$getServices$3(NacosReactiveDiscoveryClient.java:87)
	at reactor.core.publisher.FluxDefer.subscribe(FluxDefer.java:46)
	at reactor.core.publisher.FluxSubscribeOn$SubscribeOnSubscriber.run(FluxSubscribeOn.java:194)
	at reactor.core.scheduler.WorkerTask.call(WorkerTask.java:84)
	at reactor.core.scheduler.WorkerTask.call(WorkerTask.java:37)
	at java.util.concurrent.FutureTask.run$$$capture(FutureTask.java:266)
	at java.util.concurrent.FutureTask.run(FutureTask.java)
	at java.util.concurrent.ScheduledThreadPoolExecutor$ScheduledFutureTask.access$201(ScheduledThreadPoolExecutor.java:180)
	at java.util.concurrent.ScheduledThreadPoolExecutor$ScheduledFutureTask.run(ScheduledThreadPoolExecutor.java:293)
	at java.util.concurrent.ThreadPoolExecutor.runWorker(ThreadPoolExecutor.java:1149)
	at java.util.concurrent.ThreadPoolExecutor$Worker.run(ThreadPoolExecutor.java:624)
	at java.lang.Thread.run(Thread.java:748)
19:32:54.821 [boundedElastic-267] ERROR c.a.c.n.d.r.NacosReactiveDiscoveryClient - [lambda$getServices$3,94] - get services from nacos server fail,
com.alibaba.nacos.api.exception.NacosException: Client not connected, current status:UNHEALTHY
	at com.alibaba.nacos.common.remote.client.RpcClient.request(RpcClient.java:639)
	at com.alibaba.nacos.common.remote.client.RpcClient.request(RpcClient.java:619)
	at com.alibaba.nacos.client.naming.remote.gprc.NamingGrpcClientProxy.requestToServer(NamingGrpcClientProxy.java:356)
	at com.alibaba.nacos.client.naming.remote.gprc.NamingGrpcClientProxy.getServiceList(NamingGrpcClientProxy.java:282)
	at com.alibaba.nacos.client.naming.remote.NamingClientProxyDelegate.getServiceList(NamingClientProxyDelegate.java:162)
	at com.alibaba.nacos.client.naming.NacosNamingService.getServicesOfServer(NacosNamingService.java:461)
	at com.alibaba.nacos.client.naming.NacosNamingService.getServicesOfServer(NacosNamingService.java:449)
	at com.alibaba.cloud.nacos.discovery.NacosServiceDiscovery.getServices(NacosServiceDiscovery.java:70)
	at com.alibaba.cloud.nacos.discovery.reactive.NacosReactiveDiscoveryClient.lambda$getServices$3(NacosReactiveDiscoveryClient.java:87)
	at reactor.core.publisher.FluxDefer.subscribe(FluxDefer.java:46)
	at reactor.core.publisher.FluxSubscribeOn$SubscribeOnSubscriber.run(FluxSubscribeOn.java:194)
	at reactor.core.scheduler.WorkerTask.call(WorkerTask.java:84)
	at reactor.core.scheduler.WorkerTask.call(WorkerTask.java:37)
	at java.util.concurrent.FutureTask.run$$$capture(FutureTask.java:266)
	at java.util.concurrent.FutureTask.run(FutureTask.java)
	at java.util.concurrent.ScheduledThreadPoolExecutor$ScheduledFutureTask.access$201(ScheduledThreadPoolExecutor.java:180)
	at java.util.concurrent.ScheduledThreadPoolExecutor$ScheduledFutureTask.run(ScheduledThreadPoolExecutor.java:293)
	at java.util.concurrent.ThreadPoolExecutor.runWorker(ThreadPoolExecutor.java:1149)
	at java.util.concurrent.ThreadPoolExecutor$Worker.run(ThreadPoolExecutor.java:624)
	at java.lang.Thread.run(Thread.java:748)
19:33:24.824 [boundedElastic-256] ERROR c.a.c.n.d.r.NacosReactiveDiscoveryClient - [lambda$getServices$3,94] - get services from nacos server fail,
com.alibaba.nacos.api.exception.NacosException: Client not connected, current status:UNHEALTHY
	at com.alibaba.nacos.common.remote.client.RpcClient.request(RpcClient.java:639)
	at com.alibaba.nacos.common.remote.client.RpcClient.request(RpcClient.java:619)
	at com.alibaba.nacos.client.naming.remote.gprc.NamingGrpcClientProxy.requestToServer(NamingGrpcClientProxy.java:356)
	at com.alibaba.nacos.client.naming.remote.gprc.NamingGrpcClientProxy.getServiceList(NamingGrpcClientProxy.java:282)
	at com.alibaba.nacos.client.naming.remote.NamingClientProxyDelegate.getServiceList(NamingClientProxyDelegate.java:162)
	at com.alibaba.nacos.client.naming.NacosNamingService.getServicesOfServer(NacosNamingService.java:461)
	at com.alibaba.nacos.client.naming.NacosNamingService.getServicesOfServer(NacosNamingService.java:449)
	at com.alibaba.cloud.nacos.discovery.NacosServiceDiscovery.getServices(NacosServiceDiscovery.java:70)
	at com.alibaba.cloud.nacos.discovery.reactive.NacosReactiveDiscoveryClient.lambda$getServices$3(NacosReactiveDiscoveryClient.java:87)
	at reactor.core.publisher.FluxDefer.subscribe(FluxDefer.java:46)
	at reactor.core.publisher.FluxSubscribeOn$SubscribeOnSubscriber.run(FluxSubscribeOn.java:194)
	at reactor.core.scheduler.WorkerTask.call(WorkerTask.java:84)
	at reactor.core.scheduler.WorkerTask.call(WorkerTask.java:37)
	at java.util.concurrent.FutureTask.run$$$capture(FutureTask.java:266)
	at java.util.concurrent.FutureTask.run(FutureTask.java)
	at java.util.concurrent.ScheduledThreadPoolExecutor$ScheduledFutureTask.access$201(ScheduledThreadPoolExecutor.java:180)
	at java.util.concurrent.ScheduledThreadPoolExecutor$ScheduledFutureTask.run(ScheduledThreadPoolExecutor.java:293)
	at java.util.concurrent.ThreadPoolExecutor.runWorker(ThreadPoolExecutor.java:1149)
	at java.util.concurrent.ThreadPoolExecutor$Worker.run(ThreadPoolExecutor.java:624)
	at java.lang.Thread.run(Thread.java:748)
19:33:24.826 [boundedElastic-267] ERROR c.a.c.n.d.r.NacosReactiveDiscoveryClient - [lambda$getServices$3,94] - get services from nacos server fail,
com.alibaba.nacos.api.exception.NacosException: Client not connected, current status:UNHEALTHY
	at com.alibaba.nacos.common.remote.client.RpcClient.request(RpcClient.java:639)
	at com.alibaba.nacos.common.remote.client.RpcClient.request(RpcClient.java:619)
	at com.alibaba.nacos.client.naming.remote.gprc.NamingGrpcClientProxy.requestToServer(NamingGrpcClientProxy.java:356)
	at com.alibaba.nacos.client.naming.remote.gprc.NamingGrpcClientProxy.getServiceList(NamingGrpcClientProxy.java:282)
	at com.alibaba.nacos.client.naming.remote.NamingClientProxyDelegate.getServiceList(NamingClientProxyDelegate.java:162)
	at com.alibaba.nacos.client.naming.NacosNamingService.getServicesOfServer(NacosNamingService.java:461)
	at com.alibaba.nacos.client.naming.NacosNamingService.getServicesOfServer(NacosNamingService.java:449)
	at com.alibaba.cloud.nacos.discovery.NacosServiceDiscovery.getServices(NacosServiceDiscovery.java:70)
	at com.alibaba.cloud.nacos.discovery.reactive.NacosReactiveDiscoveryClient.lambda$getServices$3(NacosReactiveDiscoveryClient.java:87)
	at reactor.core.publisher.FluxDefer.subscribe(FluxDefer.java:46)
	at reactor.core.publisher.FluxSubscribeOn$SubscribeOnSubscriber.run(FluxSubscribeOn.java:194)
	at reactor.core.scheduler.WorkerTask.call(WorkerTask.java:84)
	at reactor.core.scheduler.WorkerTask.call(WorkerTask.java:37)
	at java.util.concurrent.FutureTask.run$$$capture(FutureTask.java:266)
	at java.util.concurrent.FutureTask.run(FutureTask.java)
	at java.util.concurrent.ScheduledThreadPoolExecutor$ScheduledFutureTask.access$201(ScheduledThreadPoolExecutor.java:180)
	at java.util.concurrent.ScheduledThreadPoolExecutor$ScheduledFutureTask.run(ScheduledThreadPoolExecutor.java:293)
	at java.util.concurrent.ThreadPoolExecutor.runWorker(ThreadPoolExecutor.java:1149)
	at java.util.concurrent.ThreadPoolExecutor$Worker.run(ThreadPoolExecutor.java:624)
	at java.lang.Thread.run(Thread.java:748)
19:33:54.828 [boundedElastic-256] ERROR c.a.c.n.d.r.NacosReactiveDiscoveryClient - [lambda$getServices$3,94] - get services from nacos server fail,
com.alibaba.nacos.api.exception.NacosException: Client not connected, current status:UNHEALTHY
	at com.alibaba.nacos.common.remote.client.RpcClient.request(RpcClient.java:639)
	at com.alibaba.nacos.common.remote.client.RpcClient.request(RpcClient.java:619)
	at com.alibaba.nacos.client.naming.remote.gprc.NamingGrpcClientProxy.requestToServer(NamingGrpcClientProxy.java:356)
	at com.alibaba.nacos.client.naming.remote.gprc.NamingGrpcClientProxy.getServiceList(NamingGrpcClientProxy.java:282)
	at com.alibaba.nacos.client.naming.remote.NamingClientProxyDelegate.getServiceList(NamingClientProxyDelegate.java:162)
	at com.alibaba.nacos.client.naming.NacosNamingService.getServicesOfServer(NacosNamingService.java:461)
	at com.alibaba.nacos.client.naming.NacosNamingService.getServicesOfServer(NacosNamingService.java:449)
	at com.alibaba.cloud.nacos.discovery.NacosServiceDiscovery.getServices(NacosServiceDiscovery.java:70)
	at com.alibaba.cloud.nacos.discovery.reactive.NacosReactiveDiscoveryClient.lambda$getServices$3(NacosReactiveDiscoveryClient.java:87)
	at reactor.core.publisher.FluxDefer.subscribe(FluxDefer.java:46)
	at reactor.core.publisher.FluxSubscribeOn$SubscribeOnSubscriber.run(FluxSubscribeOn.java:194)
	at reactor.core.scheduler.WorkerTask.call(WorkerTask.java:84)
	at reactor.core.scheduler.WorkerTask.call(WorkerTask.java:37)
	at java.util.concurrent.FutureTask.run$$$capture(FutureTask.java:266)
	at java.util.concurrent.FutureTask.run(FutureTask.java)
	at java.util.concurrent.ScheduledThreadPoolExecutor$ScheduledFutureTask.access$201(ScheduledThreadPoolExecutor.java:180)
	at java.util.concurrent.ScheduledThreadPoolExecutor$ScheduledFutureTask.run(ScheduledThreadPoolExecutor.java:293)
	at java.util.concurrent.ThreadPoolExecutor.runWorker(ThreadPoolExecutor.java:1149)
	at java.util.concurrent.ThreadPoolExecutor$Worker.run(ThreadPoolExecutor.java:624)
	at java.lang.Thread.run(Thread.java:748)
19:33:54.829 [boundedElastic-267] ERROR c.a.c.n.d.r.NacosReactiveDiscoveryClient - [lambda$getServices$3,94] - get services from nacos server fail,
com.alibaba.nacos.api.exception.NacosException: Client not connected, current status:UNHEALTHY
	at com.alibaba.nacos.common.remote.client.RpcClient.request(RpcClient.java:639)
	at com.alibaba.nacos.common.remote.client.RpcClient.request(RpcClient.java:619)
	at com.alibaba.nacos.client.naming.remote.gprc.NamingGrpcClientProxy.requestToServer(NamingGrpcClientProxy.java:356)
	at com.alibaba.nacos.client.naming.remote.gprc.NamingGrpcClientProxy.getServiceList(NamingGrpcClientProxy.java:282)
	at com.alibaba.nacos.client.naming.remote.NamingClientProxyDelegate.getServiceList(NamingClientProxyDelegate.java:162)
	at com.alibaba.nacos.client.naming.NacosNamingService.getServicesOfServer(NacosNamingService.java:461)
	at com.alibaba.nacos.client.naming.NacosNamingService.getServicesOfServer(NacosNamingService.java:449)
	at com.alibaba.cloud.nacos.discovery.NacosServiceDiscovery.getServices(NacosServiceDiscovery.java:70)
	at com.alibaba.cloud.nacos.discovery.reactive.NacosReactiveDiscoveryClient.lambda$getServices$3(NacosReactiveDiscoveryClient.java:87)
	at reactor.core.publisher.FluxDefer.subscribe(FluxDefer.java:46)
	at reactor.core.publisher.FluxSubscribeOn$SubscribeOnSubscriber.run(FluxSubscribeOn.java:194)
	at reactor.core.scheduler.WorkerTask.call(WorkerTask.java:84)
	at reactor.core.scheduler.WorkerTask.call(WorkerTask.java:37)
	at java.util.concurrent.FutureTask.run$$$capture(FutureTask.java:266)
	at java.util.concurrent.FutureTask.run(FutureTask.java)
	at java.util.concurrent.ScheduledThreadPoolExecutor$ScheduledFutureTask.access$201(ScheduledThreadPoolExecutor.java:180)
	at java.util.concurrent.ScheduledThreadPoolExecutor$ScheduledFutureTask.run(ScheduledThreadPoolExecutor.java:293)
	at java.util.concurrent.ThreadPoolExecutor.runWorker(ThreadPoolExecutor.java:1149)
	at java.util.concurrent.ThreadPoolExecutor$Worker.run(ThreadPoolExecutor.java:624)
	at java.lang.Thread.run(Thread.java:748)
19:34:24.824 [boundedElastic-267] ERROR c.a.c.n.d.r.NacosReactiveDiscoveryClient - [lambda$getServices$3,94] - get services from nacos server fail,
com.alibaba.nacos.api.exception.NacosException: Client not connected, current status:UNHEALTHY
	at com.alibaba.nacos.common.remote.client.RpcClient.request(RpcClient.java:639)
	at com.alibaba.nacos.common.remote.client.RpcClient.request(RpcClient.java:619)
	at com.alibaba.nacos.client.naming.remote.gprc.NamingGrpcClientProxy.requestToServer(NamingGrpcClientProxy.java:356)
	at com.alibaba.nacos.client.naming.remote.gprc.NamingGrpcClientProxy.getServiceList(NamingGrpcClientProxy.java:282)
	at com.alibaba.nacos.client.naming.remote.NamingClientProxyDelegate.getServiceList(NamingClientProxyDelegate.java:162)
	at com.alibaba.nacos.client.naming.NacosNamingService.getServicesOfServer(NacosNamingService.java:461)
	at com.alibaba.nacos.client.naming.NacosNamingService.getServicesOfServer(NacosNamingService.java:449)
	at com.alibaba.cloud.nacos.discovery.NacosServiceDiscovery.getServices(NacosServiceDiscovery.java:70)
	at com.alibaba.cloud.nacos.discovery.reactive.NacosReactiveDiscoveryClient.lambda$getServices$3(NacosReactiveDiscoveryClient.java:87)
	at reactor.core.publisher.FluxDefer.subscribe(FluxDefer.java:46)
	at reactor.core.publisher.FluxSubscribeOn$SubscribeOnSubscriber.run(FluxSubscribeOn.java:194)
	at reactor.core.scheduler.WorkerTask.call(WorkerTask.java:84)
	at reactor.core.scheduler.WorkerTask.call(WorkerTask.java:37)
	at java.util.concurrent.FutureTask.run$$$capture(FutureTask.java:266)
	at java.util.concurrent.FutureTask.run(FutureTask.java)
	at java.util.concurrent.ScheduledThreadPoolExecutor$ScheduledFutureTask.access$201(ScheduledThreadPoolExecutor.java:180)
	at java.util.concurrent.ScheduledThreadPoolExecutor$ScheduledFutureTask.run(ScheduledThreadPoolExecutor.java:293)
	at java.util.concurrent.ThreadPoolExecutor.runWorker(ThreadPoolExecutor.java:1149)
	at java.util.concurrent.ThreadPoolExecutor$Worker.run(ThreadPoolExecutor.java:624)
	at java.lang.Thread.run(Thread.java:748)
19:34:24.824 [boundedElastic-256] ERROR c.a.c.n.d.r.NacosReactiveDiscoveryClient - [lambda$getServices$3,94] - get services from nacos server fail,
com.alibaba.nacos.api.exception.NacosException: Client not connected, current status:UNHEALTHY
	at com.alibaba.nacos.common.remote.client.RpcClient.request(RpcClient.java:639)
	at com.alibaba.nacos.common.remote.client.RpcClient.request(RpcClient.java:619)
	at com.alibaba.nacos.client.naming.remote.gprc.NamingGrpcClientProxy.requestToServer(NamingGrpcClientProxy.java:356)
	at com.alibaba.nacos.client.naming.remote.gprc.NamingGrpcClientProxy.getServiceList(NamingGrpcClientProxy.java:282)
	at com.alibaba.nacos.client.naming.remote.NamingClientProxyDelegate.getServiceList(NamingClientProxyDelegate.java:162)
	at com.alibaba.nacos.client.naming.NacosNamingService.getServicesOfServer(NacosNamingService.java:461)
	at com.alibaba.nacos.client.naming.NacosNamingService.getServicesOfServer(NacosNamingService.java:449)
	at com.alibaba.cloud.nacos.discovery.NacosServiceDiscovery.getServices(NacosServiceDiscovery.java:70)
	at com.alibaba.cloud.nacos.discovery.reactive.NacosReactiveDiscoveryClient.lambda$getServices$3(NacosReactiveDiscoveryClient.java:87)
	at reactor.core.publisher.FluxDefer.subscribe(FluxDefer.java:46)
	at reactor.core.publisher.FluxSubscribeOn$SubscribeOnSubscriber.run(FluxSubscribeOn.java:194)
	at reactor.core.scheduler.WorkerTask.call(WorkerTask.java:84)
	at reactor.core.scheduler.WorkerTask.call(WorkerTask.java:37)
	at java.util.concurrent.FutureTask.run$$$capture(FutureTask.java:266)
	at java.util.concurrent.FutureTask.run(FutureTask.java)
	at java.util.concurrent.ScheduledThreadPoolExecutor$ScheduledFutureTask.access$201(ScheduledThreadPoolExecutor.java:180)
	at java.util.concurrent.ScheduledThreadPoolExecutor$ScheduledFutureTask.run(ScheduledThreadPoolExecutor.java:293)
	at java.util.concurrent.ThreadPoolExecutor.runWorker(ThreadPoolExecutor.java:1149)
	at java.util.concurrent.ThreadPoolExecutor$Worker.run(ThreadPoolExecutor.java:624)
	at java.lang.Thread.run(Thread.java:748)
19:34:54.829 [boundedElastic-256] ERROR c.a.c.n.d.r.NacosReactiveDiscoveryClient - [lambda$getServices$3,94] - get services from nacos server fail,
com.alibaba.nacos.api.exception.NacosException: Client not connected, current status:UNHEALTHY
	at com.alibaba.nacos.common.remote.client.RpcClient.request(RpcClient.java:639)
	at com.alibaba.nacos.common.remote.client.RpcClient.request(RpcClient.java:619)
	at com.alibaba.nacos.client.naming.remote.gprc.NamingGrpcClientProxy.requestToServer(NamingGrpcClientProxy.java:356)
	at com.alibaba.nacos.client.naming.remote.gprc.NamingGrpcClientProxy.getServiceList(NamingGrpcClientProxy.java:282)
	at com.alibaba.nacos.client.naming.remote.NamingClientProxyDelegate.getServiceList(NamingClientProxyDelegate.java:162)
	at com.alibaba.nacos.client.naming.NacosNamingService.getServicesOfServer(NacosNamingService.java:461)
	at com.alibaba.nacos.client.naming.NacosNamingService.getServicesOfServer(NacosNamingService.java:449)
	at com.alibaba.cloud.nacos.discovery.NacosServiceDiscovery.getServices(NacosServiceDiscovery.java:70)
	at com.alibaba.cloud.nacos.discovery.reactive.NacosReactiveDiscoveryClient.lambda$getServices$3(NacosReactiveDiscoveryClient.java:87)
	at reactor.core.publisher.FluxDefer.subscribe(FluxDefer.java:46)
	at reactor.core.publisher.FluxSubscribeOn$SubscribeOnSubscriber.run(FluxSubscribeOn.java:194)
	at reactor.core.scheduler.WorkerTask.call(WorkerTask.java:84)
	at reactor.core.scheduler.WorkerTask.call(WorkerTask.java:37)
	at java.util.concurrent.FutureTask.run$$$capture(FutureTask.java:266)
	at java.util.concurrent.FutureTask.run(FutureTask.java)
	at java.util.concurrent.ScheduledThreadPoolExecutor$ScheduledFutureTask.access$201(ScheduledThreadPoolExecutor.java:180)
	at java.util.concurrent.ScheduledThreadPoolExecutor$ScheduledFutureTask.run(ScheduledThreadPoolExecutor.java:293)
	at java.util.concurrent.ThreadPoolExecutor.runWorker(ThreadPoolExecutor.java:1149)
	at java.util.concurrent.ThreadPoolExecutor$Worker.run(ThreadPoolExecutor.java:624)
	at java.lang.Thread.run(Thread.java:748)
19:34:54.829 [boundedElastic-267] ERROR c.a.c.n.d.r.NacosReactiveDiscoveryClient - [lambda$getServices$3,94] - get services from nacos server fail,
com.alibaba.nacos.api.exception.NacosException: Client not connected, current status:UNHEALTHY
	at com.alibaba.nacos.common.remote.client.RpcClient.request(RpcClient.java:639)
	at com.alibaba.nacos.common.remote.client.RpcClient.request(RpcClient.java:619)
	at com.alibaba.nacos.client.naming.remote.gprc.NamingGrpcClientProxy.requestToServer(NamingGrpcClientProxy.java:356)
	at com.alibaba.nacos.client.naming.remote.gprc.NamingGrpcClientProxy.getServiceList(NamingGrpcClientProxy.java:282)
	at com.alibaba.nacos.client.naming.remote.NamingClientProxyDelegate.getServiceList(NamingClientProxyDelegate.java:162)
	at com.alibaba.nacos.client.naming.NacosNamingService.getServicesOfServer(NacosNamingService.java:461)
	at com.alibaba.nacos.client.naming.NacosNamingService.getServicesOfServer(NacosNamingService.java:449)
	at com.alibaba.cloud.nacos.discovery.NacosServiceDiscovery.getServices(NacosServiceDiscovery.java:70)
	at com.alibaba.cloud.nacos.discovery.reactive.NacosReactiveDiscoveryClient.lambda$getServices$3(NacosReactiveDiscoveryClient.java:87)
	at reactor.core.publisher.FluxDefer.subscribe(FluxDefer.java:46)
	at reactor.core.publisher.FluxSubscribeOn$SubscribeOnSubscriber.run(FluxSubscribeOn.java:194)
	at reactor.core.scheduler.WorkerTask.call(WorkerTask.java:84)
	at reactor.core.scheduler.WorkerTask.call(WorkerTask.java:37)
	at java.util.concurrent.FutureTask.run$$$capture(FutureTask.java:266)
	at java.util.concurrent.FutureTask.run(FutureTask.java)
	at java.util.concurrent.ScheduledThreadPoolExecutor$ScheduledFutureTask.access$201(ScheduledThreadPoolExecutor.java:180)
	at java.util.concurrent.ScheduledThreadPoolExecutor$ScheduledFutureTask.run(ScheduledThreadPoolExecutor.java:293)
	at java.util.concurrent.ThreadPoolExecutor.runWorker(ThreadPoolExecutor.java:1149)
	at java.util.concurrent.ThreadPoolExecutor$Worker.run(ThreadPoolExecutor.java:624)
	at java.lang.Thread.run(Thread.java:748)
19:35:24.834 [boundedElastic-256] ERROR c.a.c.n.d.r.NacosReactiveDiscoveryClient - [lambda$getServices$3,94] - get services from nacos server fail,
com.alibaba.nacos.api.exception.NacosException: Client not connected, current status:UNHEALTHY
	at com.alibaba.nacos.common.remote.client.RpcClient.request(RpcClient.java:639)
	at com.alibaba.nacos.common.remote.client.RpcClient.request(RpcClient.java:619)
	at com.alibaba.nacos.client.naming.remote.gprc.NamingGrpcClientProxy.requestToServer(NamingGrpcClientProxy.java:356)
	at com.alibaba.nacos.client.naming.remote.gprc.NamingGrpcClientProxy.getServiceList(NamingGrpcClientProxy.java:282)
	at com.alibaba.nacos.client.naming.remote.NamingClientProxyDelegate.getServiceList(NamingClientProxyDelegate.java:162)
	at com.alibaba.nacos.client.naming.NacosNamingService.getServicesOfServer(NacosNamingService.java:461)
	at com.alibaba.nacos.client.naming.NacosNamingService.getServicesOfServer(NacosNamingService.java:449)
	at com.alibaba.cloud.nacos.discovery.NacosServiceDiscovery.getServices(NacosServiceDiscovery.java:70)
	at com.alibaba.cloud.nacos.discovery.reactive.NacosReactiveDiscoveryClient.lambda$getServices$3(NacosReactiveDiscoveryClient.java:87)
	at reactor.core.publisher.FluxDefer.subscribe(FluxDefer.java:46)
	at reactor.core.publisher.FluxSubscribeOn$SubscribeOnSubscriber.run(FluxSubscribeOn.java:194)
	at reactor.core.scheduler.WorkerTask.call(WorkerTask.java:84)
	at reactor.core.scheduler.WorkerTask.call(WorkerTask.java:37)
	at java.util.concurrent.FutureTask.run$$$capture(FutureTask.java:266)
	at java.util.concurrent.FutureTask.run(FutureTask.java)
	at java.util.concurrent.ScheduledThreadPoolExecutor$ScheduledFutureTask.access$201(ScheduledThreadPoolExecutor.java:180)
	at java.util.concurrent.ScheduledThreadPoolExecutor$ScheduledFutureTask.run(ScheduledThreadPoolExecutor.java:293)
	at java.util.concurrent.ThreadPoolExecutor.runWorker(ThreadPoolExecutor.java:1149)
	at java.util.concurrent.ThreadPoolExecutor$Worker.run(ThreadPoolExecutor.java:624)
	at java.lang.Thread.run(Thread.java:748)
19:35:24.834 [boundedElastic-267] ERROR c.a.c.n.d.r.NacosReactiveDiscoveryClient - [lambda$getServices$3,94] - get services from nacos server fail,
com.alibaba.nacos.api.exception.NacosException: Client not connected, current status:UNHEALTHY
	at com.alibaba.nacos.common.remote.client.RpcClient.request(RpcClient.java:639)
	at com.alibaba.nacos.common.remote.client.RpcClient.request(RpcClient.java:619)
	at com.alibaba.nacos.client.naming.remote.gprc.NamingGrpcClientProxy.requestToServer(NamingGrpcClientProxy.java:356)
	at com.alibaba.nacos.client.naming.remote.gprc.NamingGrpcClientProxy.getServiceList(NamingGrpcClientProxy.java:282)
	at com.alibaba.nacos.client.naming.remote.NamingClientProxyDelegate.getServiceList(NamingClientProxyDelegate.java:162)
	at com.alibaba.nacos.client.naming.NacosNamingService.getServicesOfServer(NacosNamingService.java:461)
	at com.alibaba.nacos.client.naming.NacosNamingService.getServicesOfServer(NacosNamingService.java:449)
	at com.alibaba.cloud.nacos.discovery.NacosServiceDiscovery.getServices(NacosServiceDiscovery.java:70)
	at com.alibaba.cloud.nacos.discovery.reactive.NacosReactiveDiscoveryClient.lambda$getServices$3(NacosReactiveDiscoveryClient.java:87)
	at reactor.core.publisher.FluxDefer.subscribe(FluxDefer.java:46)
	at reactor.core.publisher.FluxSubscribeOn$SubscribeOnSubscriber.run(FluxSubscribeOn.java:194)
	at reactor.core.scheduler.WorkerTask.call(WorkerTask.java:84)
	at reactor.core.scheduler.WorkerTask.call(WorkerTask.java:37)
	at java.util.concurrent.FutureTask.run$$$capture(FutureTask.java:266)
	at java.util.concurrent.FutureTask.run(FutureTask.java)
	at java.util.concurrent.ScheduledThreadPoolExecutor$ScheduledFutureTask.access$201(ScheduledThreadPoolExecutor.java:180)
	at java.util.concurrent.ScheduledThreadPoolExecutor$ScheduledFutureTask.run(ScheduledThreadPoolExecutor.java:293)
	at java.util.concurrent.ThreadPoolExecutor.runWorker(ThreadPoolExecutor.java:1149)
	at java.util.concurrent.ThreadPoolExecutor$Worker.run(ThreadPoolExecutor.java:624)
	at java.lang.Thread.run(Thread.java:748)
19:35:54.838 [boundedElastic-256] ERROR c.a.c.n.d.r.NacosReactiveDiscoveryClient - [lambda$getServices$3,94] - get services from nacos server fail,
com.alibaba.nacos.api.exception.NacosException: Client not connected, current status:UNHEALTHY
	at com.alibaba.nacos.common.remote.client.RpcClient.request(RpcClient.java:639)
	at com.alibaba.nacos.common.remote.client.RpcClient.request(RpcClient.java:619)
	at com.alibaba.nacos.client.naming.remote.gprc.NamingGrpcClientProxy.requestToServer(NamingGrpcClientProxy.java:356)
	at com.alibaba.nacos.client.naming.remote.gprc.NamingGrpcClientProxy.getServiceList(NamingGrpcClientProxy.java:282)
	at com.alibaba.nacos.client.naming.remote.NamingClientProxyDelegate.getServiceList(NamingClientProxyDelegate.java:162)
	at com.alibaba.nacos.client.naming.NacosNamingService.getServicesOfServer(NacosNamingService.java:461)
	at com.alibaba.nacos.client.naming.NacosNamingService.getServicesOfServer(NacosNamingService.java:449)
	at com.alibaba.cloud.nacos.discovery.NacosServiceDiscovery.getServices(NacosServiceDiscovery.java:70)
	at com.alibaba.cloud.nacos.discovery.reactive.NacosReactiveDiscoveryClient.lambda$getServices$3(NacosReactiveDiscoveryClient.java:87)
	at reactor.core.publisher.FluxDefer.subscribe(FluxDefer.java:46)
	at reactor.core.publisher.FluxSubscribeOn$SubscribeOnSubscriber.run(FluxSubscribeOn.java:194)
	at reactor.core.scheduler.WorkerTask.call(WorkerTask.java:84)
	at reactor.core.scheduler.WorkerTask.call(WorkerTask.java:37)
	at java.util.concurrent.FutureTask.run$$$capture(FutureTask.java:266)
	at java.util.concurrent.FutureTask.run(FutureTask.java)
	at java.util.concurrent.ScheduledThreadPoolExecutor$ScheduledFutureTask.access$201(ScheduledThreadPoolExecutor.java:180)
	at java.util.concurrent.ScheduledThreadPoolExecutor$ScheduledFutureTask.run(ScheduledThreadPoolExecutor.java:293)
	at java.util.concurrent.ThreadPoolExecutor.runWorker(ThreadPoolExecutor.java:1149)
	at java.util.concurrent.ThreadPoolExecutor$Worker.run(ThreadPoolExecutor.java:624)
	at java.lang.Thread.run(Thread.java:748)
19:35:54.838 [boundedElastic-267] ERROR c.a.c.n.d.r.NacosReactiveDiscoveryClient - [lambda$getServices$3,94] - get services from nacos server fail,
com.alibaba.nacos.api.exception.NacosException: Client not connected, current status:UNHEALTHY
	at com.alibaba.nacos.common.remote.client.RpcClient.request(RpcClient.java:639)
	at com.alibaba.nacos.common.remote.client.RpcClient.request(RpcClient.java:619)
	at com.alibaba.nacos.client.naming.remote.gprc.NamingGrpcClientProxy.requestToServer(NamingGrpcClientProxy.java:356)
	at com.alibaba.nacos.client.naming.remote.gprc.NamingGrpcClientProxy.getServiceList(NamingGrpcClientProxy.java:282)
	at com.alibaba.nacos.client.naming.remote.NamingClientProxyDelegate.getServiceList(NamingClientProxyDelegate.java:162)
	at com.alibaba.nacos.client.naming.NacosNamingService.getServicesOfServer(NacosNamingService.java:461)
	at com.alibaba.nacos.client.naming.NacosNamingService.getServicesOfServer(NacosNamingService.java:449)
	at com.alibaba.cloud.nacos.discovery.NacosServiceDiscovery.getServices(NacosServiceDiscovery.java:70)
	at com.alibaba.cloud.nacos.discovery.reactive.NacosReactiveDiscoveryClient.lambda$getServices$3(NacosReactiveDiscoveryClient.java:87)
	at reactor.core.publisher.FluxDefer.subscribe(FluxDefer.java:46)
	at reactor.core.publisher.FluxSubscribeOn$SubscribeOnSubscriber.run(FluxSubscribeOn.java:194)
	at reactor.core.scheduler.WorkerTask.call(WorkerTask.java:84)
	at reactor.core.scheduler.WorkerTask.call(WorkerTask.java:37)
	at java.util.concurrent.FutureTask.run$$$capture(FutureTask.java:266)
	at java.util.concurrent.FutureTask.run(FutureTask.java)
	at java.util.concurrent.ScheduledThreadPoolExecutor$ScheduledFutureTask.access$201(ScheduledThreadPoolExecutor.java:180)
	at java.util.concurrent.ScheduledThreadPoolExecutor$ScheduledFutureTask.run(ScheduledThreadPoolExecutor.java:293)
	at java.util.concurrent.ThreadPoolExecutor.runWorker(ThreadPoolExecutor.java:1149)
	at java.util.concurrent.ThreadPoolExecutor$Worker.run(ThreadPoolExecutor.java:624)
	at java.lang.Thread.run(Thread.java:748)
19:36:24.836 [boundedElastic-256] ERROR c.a.c.n.d.r.NacosReactiveDiscoveryClient - [lambda$getServices$3,94] - get services from nacos server fail,
com.alibaba.nacos.api.exception.NacosException: Client not connected, current status:UNHEALTHY
	at com.alibaba.nacos.common.remote.client.RpcClient.request(RpcClient.java:639)
	at com.alibaba.nacos.common.remote.client.RpcClient.request(RpcClient.java:619)
	at com.alibaba.nacos.client.naming.remote.gprc.NamingGrpcClientProxy.requestToServer(NamingGrpcClientProxy.java:356)
	at com.alibaba.nacos.client.naming.remote.gprc.NamingGrpcClientProxy.getServiceList(NamingGrpcClientProxy.java:282)
	at com.alibaba.nacos.client.naming.remote.NamingClientProxyDelegate.getServiceList(NamingClientProxyDelegate.java:162)
	at com.alibaba.nacos.client.naming.NacosNamingService.getServicesOfServer(NacosNamingService.java:461)
	at com.alibaba.nacos.client.naming.NacosNamingService.getServicesOfServer(NacosNamingService.java:449)
	at com.alibaba.cloud.nacos.discovery.NacosServiceDiscovery.getServices(NacosServiceDiscovery.java:70)
	at com.alibaba.cloud.nacos.discovery.reactive.NacosReactiveDiscoveryClient.lambda$getServices$3(NacosReactiveDiscoveryClient.java:87)
	at reactor.core.publisher.FluxDefer.subscribe(FluxDefer.java:46)
	at reactor.core.publisher.FluxSubscribeOn$SubscribeOnSubscriber.run(FluxSubscribeOn.java:194)
	at reactor.core.scheduler.WorkerTask.call(WorkerTask.java:84)
	at reactor.core.scheduler.WorkerTask.call(WorkerTask.java:37)
	at java.util.concurrent.FutureTask.run$$$capture(FutureTask.java:266)
	at java.util.concurrent.FutureTask.run(FutureTask.java)
	at java.util.concurrent.ScheduledThreadPoolExecutor$ScheduledFutureTask.access$201(ScheduledThreadPoolExecutor.java:180)
	at java.util.concurrent.ScheduledThreadPoolExecutor$ScheduledFutureTask.run(ScheduledThreadPoolExecutor.java:293)
	at java.util.concurrent.ThreadPoolExecutor.runWorker(ThreadPoolExecutor.java:1149)
	at java.util.concurrent.ThreadPoolExecutor$Worker.run(ThreadPoolExecutor.java:624)
	at java.lang.Thread.run(Thread.java:748)
19:36:24.836 [boundedElastic-267] ERROR c.a.c.n.d.r.NacosReactiveDiscoveryClient - [lambda$getServices$3,94] - get services from nacos server fail,
com.alibaba.nacos.api.exception.NacosException: Client not connected, current status:UNHEALTHY
	at com.alibaba.nacos.common.remote.client.RpcClient.request(RpcClient.java:639)
	at com.alibaba.nacos.common.remote.client.RpcClient.request(RpcClient.java:619)
	at com.alibaba.nacos.client.naming.remote.gprc.NamingGrpcClientProxy.requestToServer(NamingGrpcClientProxy.java:356)
	at com.alibaba.nacos.client.naming.remote.gprc.NamingGrpcClientProxy.getServiceList(NamingGrpcClientProxy.java:282)
	at com.alibaba.nacos.client.naming.remote.NamingClientProxyDelegate.getServiceList(NamingClientProxyDelegate.java:162)
	at com.alibaba.nacos.client.naming.NacosNamingService.getServicesOfServer(NacosNamingService.java:461)
	at com.alibaba.nacos.client.naming.NacosNamingService.getServicesOfServer(NacosNamingService.java:449)
	at com.alibaba.cloud.nacos.discovery.NacosServiceDiscovery.getServices(NacosServiceDiscovery.java:70)
	at com.alibaba.cloud.nacos.discovery.reactive.NacosReactiveDiscoveryClient.lambda$getServices$3(NacosReactiveDiscoveryClient.java:87)
	at reactor.core.publisher.FluxDefer.subscribe(FluxDefer.java:46)
	at reactor.core.publisher.FluxSubscribeOn$SubscribeOnSubscriber.run(FluxSubscribeOn.java:194)
	at reactor.core.scheduler.WorkerTask.call(WorkerTask.java:84)
	at reactor.core.scheduler.WorkerTask.call(WorkerTask.java:37)
	at java.util.concurrent.FutureTask.run$$$capture(FutureTask.java:266)
	at java.util.concurrent.FutureTask.run(FutureTask.java)
	at java.util.concurrent.ScheduledThreadPoolExecutor$ScheduledFutureTask.access$201(ScheduledThreadPoolExecutor.java:180)
	at java.util.concurrent.ScheduledThreadPoolExecutor$ScheduledFutureTask.run(ScheduledThreadPoolExecutor.java:293)
	at java.util.concurrent.ThreadPoolExecutor.runWorker(ThreadPoolExecutor.java:1149)
	at java.util.concurrent.ThreadPoolExecutor$Worker.run(ThreadPoolExecutor.java:624)
	at java.lang.Thread.run(Thread.java:748)
19:36:54.840 [boundedElastic-256] ERROR c.a.c.n.d.r.NacosReactiveDiscoveryClient - [lambda$getServices$3,94] - get services from nacos server fail,
com.alibaba.nacos.api.exception.NacosException: Client not connected, current status:UNHEALTHY
	at com.alibaba.nacos.common.remote.client.RpcClient.request(RpcClient.java:639)
	at com.alibaba.nacos.common.remote.client.RpcClient.request(RpcClient.java:619)
	at com.alibaba.nacos.client.naming.remote.gprc.NamingGrpcClientProxy.requestToServer(NamingGrpcClientProxy.java:356)
	at com.alibaba.nacos.client.naming.remote.gprc.NamingGrpcClientProxy.getServiceList(NamingGrpcClientProxy.java:282)
	at com.alibaba.nacos.client.naming.remote.NamingClientProxyDelegate.getServiceList(NamingClientProxyDelegate.java:162)
	at com.alibaba.nacos.client.naming.NacosNamingService.getServicesOfServer(NacosNamingService.java:461)
	at com.alibaba.nacos.client.naming.NacosNamingService.getServicesOfServer(NacosNamingService.java:449)
	at com.alibaba.cloud.nacos.discovery.NacosServiceDiscovery.getServices(NacosServiceDiscovery.java:70)
	at com.alibaba.cloud.nacos.discovery.reactive.NacosReactiveDiscoveryClient.lambda$getServices$3(NacosReactiveDiscoveryClient.java:87)
	at reactor.core.publisher.FluxDefer.subscribe(FluxDefer.java:46)
	at reactor.core.publisher.FluxSubscribeOn$SubscribeOnSubscriber.run(FluxSubscribeOn.java:194)
	at reactor.core.scheduler.WorkerTask.call(WorkerTask.java:84)
	at reactor.core.scheduler.WorkerTask.call(WorkerTask.java:37)
	at java.util.concurrent.FutureTask.run$$$capture(FutureTask.java:266)
	at java.util.concurrent.FutureTask.run(FutureTask.java)
	at java.util.concurrent.ScheduledThreadPoolExecutor$ScheduledFutureTask.access$201(ScheduledThreadPoolExecutor.java:180)
	at java.util.concurrent.ScheduledThreadPoolExecutor$ScheduledFutureTask.run(ScheduledThreadPoolExecutor.java:293)
	at java.util.concurrent.ThreadPoolExecutor.runWorker(ThreadPoolExecutor.java:1149)
	at java.util.concurrent.ThreadPoolExecutor$Worker.run(ThreadPoolExecutor.java:624)
	at java.lang.Thread.run(Thread.java:748)
19:36:54.840 [boundedElastic-267] ERROR c.a.c.n.d.r.NacosReactiveDiscoveryClient - [lambda$getServices$3,94] - get services from nacos server fail,
com.alibaba.nacos.api.exception.NacosException: Client not connected, current status:UNHEALTHY
	at com.alibaba.nacos.common.remote.client.RpcClient.request(RpcClient.java:639)
	at com.alibaba.nacos.common.remote.client.RpcClient.request(RpcClient.java:619)
	at com.alibaba.nacos.client.naming.remote.gprc.NamingGrpcClientProxy.requestToServer(NamingGrpcClientProxy.java:356)
	at com.alibaba.nacos.client.naming.remote.gprc.NamingGrpcClientProxy.getServiceList(NamingGrpcClientProxy.java:282)
	at com.alibaba.nacos.client.naming.remote.NamingClientProxyDelegate.getServiceList(NamingClientProxyDelegate.java:162)
	at com.alibaba.nacos.client.naming.NacosNamingService.getServicesOfServer(NacosNamingService.java:461)
	at com.alibaba.nacos.client.naming.NacosNamingService.getServicesOfServer(NacosNamingService.java:449)
	at com.alibaba.cloud.nacos.discovery.NacosServiceDiscovery.getServices(NacosServiceDiscovery.java:70)
	at com.alibaba.cloud.nacos.discovery.reactive.NacosReactiveDiscoveryClient.lambda$getServices$3(NacosReactiveDiscoveryClient.java:87)
	at reactor.core.publisher.FluxDefer.subscribe(FluxDefer.java:46)
	at reactor.core.publisher.FluxSubscribeOn$SubscribeOnSubscriber.run(FluxSubscribeOn.java:194)
	at reactor.core.scheduler.WorkerTask.call(WorkerTask.java:84)
	at reactor.core.scheduler.WorkerTask.call(WorkerTask.java:37)
	at java.util.concurrent.FutureTask.run$$$capture(FutureTask.java:266)
	at java.util.concurrent.FutureTask.run(FutureTask.java)
	at java.util.concurrent.ScheduledThreadPoolExecutor$ScheduledFutureTask.access$201(ScheduledThreadPoolExecutor.java:180)
	at java.util.concurrent.ScheduledThreadPoolExecutor$ScheduledFutureTask.run(ScheduledThreadPoolExecutor.java:293)
	at java.util.concurrent.ThreadPoolExecutor.runWorker(ThreadPoolExecutor.java:1149)
	at java.util.concurrent.ThreadPoolExecutor$Worker.run(ThreadPoolExecutor.java:624)
	at java.lang.Thread.run(Thread.java:748)
19:37:24.847 [boundedElastic-256] ERROR c.a.c.n.d.r.NacosReactiveDiscoveryClient - [lambda$getServices$3,94] - get services from nacos server fail,
com.alibaba.nacos.api.exception.NacosException: Client not connected, current status:UNHEALTHY
	at com.alibaba.nacos.common.remote.client.RpcClient.request(RpcClient.java:639)
	at com.alibaba.nacos.common.remote.client.RpcClient.request(RpcClient.java:619)
	at com.alibaba.nacos.client.naming.remote.gprc.NamingGrpcClientProxy.requestToServer(NamingGrpcClientProxy.java:356)
	at com.alibaba.nacos.client.naming.remote.gprc.NamingGrpcClientProxy.getServiceList(NamingGrpcClientProxy.java:282)
	at com.alibaba.nacos.client.naming.remote.NamingClientProxyDelegate.getServiceList(NamingClientProxyDelegate.java:162)
	at com.alibaba.nacos.client.naming.NacosNamingService.getServicesOfServer(NacosNamingService.java:461)
	at com.alibaba.nacos.client.naming.NacosNamingService.getServicesOfServer(NacosNamingService.java:449)
	at com.alibaba.cloud.nacos.discovery.NacosServiceDiscovery.getServices(NacosServiceDiscovery.java:70)
	at com.alibaba.cloud.nacos.discovery.reactive.NacosReactiveDiscoveryClient.lambda$getServices$3(NacosReactiveDiscoveryClient.java:87)
	at reactor.core.publisher.FluxDefer.subscribe(FluxDefer.java:46)
	at reactor.core.publisher.FluxSubscribeOn$SubscribeOnSubscriber.run(FluxSubscribeOn.java:194)
	at reactor.core.scheduler.WorkerTask.call(WorkerTask.java:84)
	at reactor.core.scheduler.WorkerTask.call(WorkerTask.java:37)
	at java.util.concurrent.FutureTask.run$$$capture(FutureTask.java:266)
	at java.util.concurrent.FutureTask.run(FutureTask.java)
	at java.util.concurrent.ScheduledThreadPoolExecutor$ScheduledFutureTask.access$201(ScheduledThreadPoolExecutor.java:180)
	at java.util.concurrent.ScheduledThreadPoolExecutor$ScheduledFutureTask.run(ScheduledThreadPoolExecutor.java:293)
	at java.util.concurrent.ThreadPoolExecutor.runWorker(ThreadPoolExecutor.java:1149)
	at java.util.concurrent.ThreadPoolExecutor$Worker.run(ThreadPoolExecutor.java:624)
	at java.lang.Thread.run(Thread.java:748)
19:37:24.847 [boundedElastic-267] ERROR c.a.c.n.d.r.NacosReactiveDiscoveryClient - [lambda$getServices$3,94] - get services from nacos server fail,
com.alibaba.nacos.api.exception.NacosException: Client not connected, current status:UNHEALTHY
	at com.alibaba.nacos.common.remote.client.RpcClient.request(RpcClient.java:639)
	at com.alibaba.nacos.common.remote.client.RpcClient.request(RpcClient.java:619)
	at com.alibaba.nacos.client.naming.remote.gprc.NamingGrpcClientProxy.requestToServer(NamingGrpcClientProxy.java:356)
	at com.alibaba.nacos.client.naming.remote.gprc.NamingGrpcClientProxy.getServiceList(NamingGrpcClientProxy.java:282)
	at com.alibaba.nacos.client.naming.remote.NamingClientProxyDelegate.getServiceList(NamingClientProxyDelegate.java:162)
	at com.alibaba.nacos.client.naming.NacosNamingService.getServicesOfServer(NacosNamingService.java:461)
	at com.alibaba.nacos.client.naming.NacosNamingService.getServicesOfServer(NacosNamingService.java:449)
	at com.alibaba.cloud.nacos.discovery.NacosServiceDiscovery.getServices(NacosServiceDiscovery.java:70)
	at com.alibaba.cloud.nacos.discovery.reactive.NacosReactiveDiscoveryClient.lambda$getServices$3(NacosReactiveDiscoveryClient.java:87)
	at reactor.core.publisher.FluxDefer.subscribe(FluxDefer.java:46)
	at reactor.core.publisher.FluxSubscribeOn$SubscribeOnSubscriber.run(FluxSubscribeOn.java:194)
	at reactor.core.scheduler.WorkerTask.call(WorkerTask.java:84)
	at reactor.core.scheduler.WorkerTask.call(WorkerTask.java:37)
	at java.util.concurrent.FutureTask.run$$$capture(FutureTask.java:266)
	at java.util.concurrent.FutureTask.run(FutureTask.java)
	at java.util.concurrent.ScheduledThreadPoolExecutor$ScheduledFutureTask.access$201(ScheduledThreadPoolExecutor.java:180)
	at java.util.concurrent.ScheduledThreadPoolExecutor$ScheduledFutureTask.run(ScheduledThreadPoolExecutor.java:293)
	at java.util.concurrent.ThreadPoolExecutor.runWorker(ThreadPoolExecutor.java:1149)
	at java.util.concurrent.ThreadPoolExecutor$Worker.run(ThreadPoolExecutor.java:624)
	at java.lang.Thread.run(Thread.java:748)
19:37:54.845 [boundedElastic-267] ERROR c.a.c.n.d.r.NacosReactiveDiscoveryClient - [lambda$getServices$3,94] - get services from nacos server fail,
com.alibaba.nacos.api.exception.NacosException: Client not connected, current status:UNHEALTHY
	at com.alibaba.nacos.common.remote.client.RpcClient.request(RpcClient.java:639)
	at com.alibaba.nacos.common.remote.client.RpcClient.request(RpcClient.java:619)
	at com.alibaba.nacos.client.naming.remote.gprc.NamingGrpcClientProxy.requestToServer(NamingGrpcClientProxy.java:356)
	at com.alibaba.nacos.client.naming.remote.gprc.NamingGrpcClientProxy.getServiceList(NamingGrpcClientProxy.java:282)
	at com.alibaba.nacos.client.naming.remote.NamingClientProxyDelegate.getServiceList(NamingClientProxyDelegate.java:162)
	at com.alibaba.nacos.client.naming.NacosNamingService.getServicesOfServer(NacosNamingService.java:461)
	at com.alibaba.nacos.client.naming.NacosNamingService.getServicesOfServer(NacosNamingService.java:449)
	at com.alibaba.cloud.nacos.discovery.NacosServiceDiscovery.getServices(NacosServiceDiscovery.java:70)
	at com.alibaba.cloud.nacos.discovery.reactive.NacosReactiveDiscoveryClient.lambda$getServices$3(NacosReactiveDiscoveryClient.java:87)
	at reactor.core.publisher.FluxDefer.subscribe(FluxDefer.java:46)
	at reactor.core.publisher.FluxSubscribeOn$SubscribeOnSubscriber.run(FluxSubscribeOn.java:194)
	at reactor.core.scheduler.WorkerTask.call(WorkerTask.java:84)
	at reactor.core.scheduler.WorkerTask.call(WorkerTask.java:37)
	at java.util.concurrent.FutureTask.run$$$capture(FutureTask.java:266)
	at java.util.concurrent.FutureTask.run(FutureTask.java)
	at java.util.concurrent.ScheduledThreadPoolExecutor$ScheduledFutureTask.access$201(ScheduledThreadPoolExecutor.java:180)
	at java.util.concurrent.ScheduledThreadPoolExecutor$ScheduledFutureTask.run(ScheduledThreadPoolExecutor.java:293)
	at java.util.concurrent.ThreadPoolExecutor.runWorker(ThreadPoolExecutor.java:1149)
	at java.util.concurrent.ThreadPoolExecutor$Worker.run(ThreadPoolExecutor.java:624)
	at java.lang.Thread.run(Thread.java:748)
19:37:54.845 [boundedElastic-256] ERROR c.a.c.n.d.r.NacosReactiveDiscoveryClient - [lambda$getServices$3,94] - get services from nacos server fail,
com.alibaba.nacos.api.exception.NacosException: Client not connected, current status:UNHEALTHY
	at com.alibaba.nacos.common.remote.client.RpcClient.request(RpcClient.java:639)
	at com.alibaba.nacos.common.remote.client.RpcClient.request(RpcClient.java:619)
	at com.alibaba.nacos.client.naming.remote.gprc.NamingGrpcClientProxy.requestToServer(NamingGrpcClientProxy.java:356)
	at com.alibaba.nacos.client.naming.remote.gprc.NamingGrpcClientProxy.getServiceList(NamingGrpcClientProxy.java:282)
	at com.alibaba.nacos.client.naming.remote.NamingClientProxyDelegate.getServiceList(NamingClientProxyDelegate.java:162)
	at com.alibaba.nacos.client.naming.NacosNamingService.getServicesOfServer(NacosNamingService.java:461)
	at com.alibaba.nacos.client.naming.NacosNamingService.getServicesOfServer(NacosNamingService.java:449)
	at com.alibaba.cloud.nacos.discovery.NacosServiceDiscovery.getServices(NacosServiceDiscovery.java:70)
	at com.alibaba.cloud.nacos.discovery.reactive.NacosReactiveDiscoveryClient.lambda$getServices$3(NacosReactiveDiscoveryClient.java:87)
	at reactor.core.publisher.FluxDefer.subscribe(FluxDefer.java:46)
	at reactor.core.publisher.FluxSubscribeOn$SubscribeOnSubscriber.run(FluxSubscribeOn.java:194)
	at reactor.core.scheduler.WorkerTask.call(WorkerTask.java:84)
	at reactor.core.scheduler.WorkerTask.call(WorkerTask.java:37)
	at java.util.concurrent.FutureTask.run$$$capture(FutureTask.java:266)
	at java.util.concurrent.FutureTask.run(FutureTask.java)
	at java.util.concurrent.ScheduledThreadPoolExecutor$ScheduledFutureTask.access$201(ScheduledThreadPoolExecutor.java:180)
	at java.util.concurrent.ScheduledThreadPoolExecutor$ScheduledFutureTask.run(ScheduledThreadPoolExecutor.java:293)
	at java.util.concurrent.ThreadPoolExecutor.runWorker(ThreadPoolExecutor.java:1149)
	at java.util.concurrent.ThreadPoolExecutor$Worker.run(ThreadPoolExecutor.java:624)
	at java.lang.Thread.run(Thread.java:748)
19:38:24.849 [boundedElastic-256] ERROR c.a.c.n.d.r.NacosReactiveDiscoveryClient - [lambda$getServices$3,94] - get services from nacos server fail,
com.alibaba.nacos.api.exception.NacosException: Client not connected, current status:UNHEALTHY
	at com.alibaba.nacos.common.remote.client.RpcClient.request(RpcClient.java:639)
	at com.alibaba.nacos.common.remote.client.RpcClient.request(RpcClient.java:619)
	at com.alibaba.nacos.client.naming.remote.gprc.NamingGrpcClientProxy.requestToServer(NamingGrpcClientProxy.java:356)
	at com.alibaba.nacos.client.naming.remote.gprc.NamingGrpcClientProxy.getServiceList(NamingGrpcClientProxy.java:282)
	at com.alibaba.nacos.client.naming.remote.NamingClientProxyDelegate.getServiceList(NamingClientProxyDelegate.java:162)
	at com.alibaba.nacos.client.naming.NacosNamingService.getServicesOfServer(NacosNamingService.java:461)
	at com.alibaba.nacos.client.naming.NacosNamingService.getServicesOfServer(NacosNamingService.java:449)
	at com.alibaba.cloud.nacos.discovery.NacosServiceDiscovery.getServices(NacosServiceDiscovery.java:70)
	at com.alibaba.cloud.nacos.discovery.reactive.NacosReactiveDiscoveryClient.lambda$getServices$3(NacosReactiveDiscoveryClient.java:87)
	at reactor.core.publisher.FluxDefer.subscribe(FluxDefer.java:46)
	at reactor.core.publisher.FluxSubscribeOn$SubscribeOnSubscriber.run(FluxSubscribeOn.java:194)
	at reactor.core.scheduler.WorkerTask.call(WorkerTask.java:84)
	at reactor.core.scheduler.WorkerTask.call(WorkerTask.java:37)
	at java.util.concurrent.FutureTask.run$$$capture(FutureTask.java:266)
	at java.util.concurrent.FutureTask.run(FutureTask.java)
	at java.util.concurrent.ScheduledThreadPoolExecutor$ScheduledFutureTask.access$201(ScheduledThreadPoolExecutor.java:180)
	at java.util.concurrent.ScheduledThreadPoolExecutor$ScheduledFutureTask.run(ScheduledThreadPoolExecutor.java:293)
	at java.util.concurrent.ThreadPoolExecutor.runWorker(ThreadPoolExecutor.java:1149)
	at java.util.concurrent.ThreadPoolExecutor$Worker.run(ThreadPoolExecutor.java:624)
	at java.lang.Thread.run(Thread.java:748)
19:38:24.849 [boundedElastic-267] ERROR c.a.c.n.d.r.NacosReactiveDiscoveryClient - [lambda$getServices$3,94] - get services from nacos server fail,
com.alibaba.nacos.api.exception.NacosException: Client not connected, current status:UNHEALTHY
	at com.alibaba.nacos.common.remote.client.RpcClient.request(RpcClient.java:639)
	at com.alibaba.nacos.common.remote.client.RpcClient.request(RpcClient.java:619)
	at com.alibaba.nacos.client.naming.remote.gprc.NamingGrpcClientProxy.requestToServer(NamingGrpcClientProxy.java:356)
	at com.alibaba.nacos.client.naming.remote.gprc.NamingGrpcClientProxy.getServiceList(NamingGrpcClientProxy.java:282)
	at com.alibaba.nacos.client.naming.remote.NamingClientProxyDelegate.getServiceList(NamingClientProxyDelegate.java:162)
	at com.alibaba.nacos.client.naming.NacosNamingService.getServicesOfServer(NacosNamingService.java:461)
	at com.alibaba.nacos.client.naming.NacosNamingService.getServicesOfServer(NacosNamingService.java:449)
	at com.alibaba.cloud.nacos.discovery.NacosServiceDiscovery.getServices(NacosServiceDiscovery.java:70)
	at com.alibaba.cloud.nacos.discovery.reactive.NacosReactiveDiscoveryClient.lambda$getServices$3(NacosReactiveDiscoveryClient.java:87)
	at reactor.core.publisher.FluxDefer.subscribe(FluxDefer.java:46)
	at reactor.core.publisher.FluxSubscribeOn$SubscribeOnSubscriber.run(FluxSubscribeOn.java:194)
	at reactor.core.scheduler.WorkerTask.call(WorkerTask.java:84)
	at reactor.core.scheduler.WorkerTask.call(WorkerTask.java:37)
	at java.util.concurrent.FutureTask.run$$$capture(FutureTask.java:266)
	at java.util.concurrent.FutureTask.run(FutureTask.java)
	at java.util.concurrent.ScheduledThreadPoolExecutor$ScheduledFutureTask.access$201(ScheduledThreadPoolExecutor.java:180)
	at java.util.concurrent.ScheduledThreadPoolExecutor$ScheduledFutureTask.run(ScheduledThreadPoolExecutor.java:293)
	at java.util.concurrent.ThreadPoolExecutor.runWorker(ThreadPoolExecutor.java:1149)
	at java.util.concurrent.ThreadPoolExecutor$Worker.run(ThreadPoolExecutor.java:624)
	at java.lang.Thread.run(Thread.java:748)
19:38:54.853 [boundedElastic-267] ERROR c.a.c.n.d.r.NacosReactiveDiscoveryClient - [lambda$getServices$3,94] - get services from nacos server fail,
com.alibaba.nacos.api.exception.NacosException: Client not connected, current status:UNHEALTHY
	at com.alibaba.nacos.common.remote.client.RpcClient.request(RpcClient.java:639)
	at com.alibaba.nacos.common.remote.client.RpcClient.request(RpcClient.java:619)
	at com.alibaba.nacos.client.naming.remote.gprc.NamingGrpcClientProxy.requestToServer(NamingGrpcClientProxy.java:356)
	at com.alibaba.nacos.client.naming.remote.gprc.NamingGrpcClientProxy.getServiceList(NamingGrpcClientProxy.java:282)
	at com.alibaba.nacos.client.naming.remote.NamingClientProxyDelegate.getServiceList(NamingClientProxyDelegate.java:162)
	at com.alibaba.nacos.client.naming.NacosNamingService.getServicesOfServer(NacosNamingService.java:461)
	at com.alibaba.nacos.client.naming.NacosNamingService.getServicesOfServer(NacosNamingService.java:449)
	at com.alibaba.cloud.nacos.discovery.NacosServiceDiscovery.getServices(NacosServiceDiscovery.java:70)
	at com.alibaba.cloud.nacos.discovery.reactive.NacosReactiveDiscoveryClient.lambda$getServices$3(NacosReactiveDiscoveryClient.java:87)
	at reactor.core.publisher.FluxDefer.subscribe(FluxDefer.java:46)
	at reactor.core.publisher.FluxSubscribeOn$SubscribeOnSubscriber.run(FluxSubscribeOn.java:194)
	at reactor.core.scheduler.WorkerTask.call(WorkerTask.java:84)
	at reactor.core.scheduler.WorkerTask.call(WorkerTask.java:37)
	at java.util.concurrent.FutureTask.run$$$capture(FutureTask.java:266)
	at java.util.concurrent.FutureTask.run(FutureTask.java)
	at java.util.concurrent.ScheduledThreadPoolExecutor$ScheduledFutureTask.access$201(ScheduledThreadPoolExecutor.java:180)
	at java.util.concurrent.ScheduledThreadPoolExecutor$ScheduledFutureTask.run(ScheduledThreadPoolExecutor.java:293)
	at java.util.concurrent.ThreadPoolExecutor.runWorker(ThreadPoolExecutor.java:1149)
	at java.util.concurrent.ThreadPoolExecutor$Worker.run(ThreadPoolExecutor.java:624)
	at java.lang.Thread.run(Thread.java:748)
19:38:54.853 [boundedElastic-256] ERROR c.a.c.n.d.r.NacosReactiveDiscoveryClient - [lambda$getServices$3,94] - get services from nacos server fail,
com.alibaba.nacos.api.exception.NacosException: Client not connected, current status:UNHEALTHY
	at com.alibaba.nacos.common.remote.client.RpcClient.request(RpcClient.java:639)
	at com.alibaba.nacos.common.remote.client.RpcClient.request(RpcClient.java:619)
	at com.alibaba.nacos.client.naming.remote.gprc.NamingGrpcClientProxy.requestToServer(NamingGrpcClientProxy.java:356)
	at com.alibaba.nacos.client.naming.remote.gprc.NamingGrpcClientProxy.getServiceList(NamingGrpcClientProxy.java:282)
	at com.alibaba.nacos.client.naming.remote.NamingClientProxyDelegate.getServiceList(NamingClientProxyDelegate.java:162)
	at com.alibaba.nacos.client.naming.NacosNamingService.getServicesOfServer(NacosNamingService.java:461)
	at com.alibaba.nacos.client.naming.NacosNamingService.getServicesOfServer(NacosNamingService.java:449)
	at com.alibaba.cloud.nacos.discovery.NacosServiceDiscovery.getServices(NacosServiceDiscovery.java:70)
	at com.alibaba.cloud.nacos.discovery.reactive.NacosReactiveDiscoveryClient.lambda$getServices$3(NacosReactiveDiscoveryClient.java:87)
	at reactor.core.publisher.FluxDefer.subscribe(FluxDefer.java:46)
	at reactor.core.publisher.FluxSubscribeOn$SubscribeOnSubscriber.run(FluxSubscribeOn.java:194)
	at reactor.core.scheduler.WorkerTask.call(WorkerTask.java:84)
	at reactor.core.scheduler.WorkerTask.call(WorkerTask.java:37)
	at java.util.concurrent.FutureTask.run$$$capture(FutureTask.java:266)
	at java.util.concurrent.FutureTask.run(FutureTask.java)
	at java.util.concurrent.ScheduledThreadPoolExecutor$ScheduledFutureTask.access$201(ScheduledThreadPoolExecutor.java:180)
	at java.util.concurrent.ScheduledThreadPoolExecutor$ScheduledFutureTask.run(ScheduledThreadPoolExecutor.java:293)
	at java.util.concurrent.ThreadPoolExecutor.runWorker(ThreadPoolExecutor.java:1149)
	at java.util.concurrent.ThreadPoolExecutor$Worker.run(ThreadPoolExecutor.java:624)
	at java.lang.Thread.run(Thread.java:748)
19:39:24.856 [boundedElastic-267] ERROR c.a.c.n.d.r.NacosReactiveDiscoveryClient - [lambda$getServices$3,94] - get services from nacos server fail,
com.alibaba.nacos.api.exception.NacosException: Client not connected, current status:UNHEALTHY
	at com.alibaba.nacos.common.remote.client.RpcClient.request(RpcClient.java:639)
	at com.alibaba.nacos.common.remote.client.RpcClient.request(RpcClient.java:619)
	at com.alibaba.nacos.client.naming.remote.gprc.NamingGrpcClientProxy.requestToServer(NamingGrpcClientProxy.java:356)
	at com.alibaba.nacos.client.naming.remote.gprc.NamingGrpcClientProxy.getServiceList(NamingGrpcClientProxy.java:282)
	at com.alibaba.nacos.client.naming.remote.NamingClientProxyDelegate.getServiceList(NamingClientProxyDelegate.java:162)
	at com.alibaba.nacos.client.naming.NacosNamingService.getServicesOfServer(NacosNamingService.java:461)
	at com.alibaba.nacos.client.naming.NacosNamingService.getServicesOfServer(NacosNamingService.java:449)
	at com.alibaba.cloud.nacos.discovery.NacosServiceDiscovery.getServices(NacosServiceDiscovery.java:70)
	at com.alibaba.cloud.nacos.discovery.reactive.NacosReactiveDiscoveryClient.lambda$getServices$3(NacosReactiveDiscoveryClient.java:87)
	at reactor.core.publisher.FluxDefer.subscribe(FluxDefer.java:46)
	at reactor.core.publisher.FluxSubscribeOn$SubscribeOnSubscriber.run(FluxSubscribeOn.java:194)
	at reactor.core.scheduler.WorkerTask.call(WorkerTask.java:84)
	at reactor.core.scheduler.WorkerTask.call(WorkerTask.java:37)
	at java.util.concurrent.FutureTask.run$$$capture(FutureTask.java:266)
	at java.util.concurrent.FutureTask.run(FutureTask.java)
	at java.util.concurrent.ScheduledThreadPoolExecutor$ScheduledFutureTask.access$201(ScheduledThreadPoolExecutor.java:180)
	at java.util.concurrent.ScheduledThreadPoolExecutor$ScheduledFutureTask.run(ScheduledThreadPoolExecutor.java:293)
	at java.util.concurrent.ThreadPoolExecutor.runWorker(ThreadPoolExecutor.java:1149)
	at java.util.concurrent.ThreadPoolExecutor$Worker.run(ThreadPoolExecutor.java:624)
	at java.lang.Thread.run(Thread.java:748)
19:39:24.856 [boundedElastic-256] ERROR c.a.c.n.d.r.NacosReactiveDiscoveryClient - [lambda$getServices$3,94] - get services from nacos server fail,
com.alibaba.nacos.api.exception.NacosException: Client not connected, current status:UNHEALTHY
	at com.alibaba.nacos.common.remote.client.RpcClient.request(RpcClient.java:639)
	at com.alibaba.nacos.common.remote.client.RpcClient.request(RpcClient.java:619)
	at com.alibaba.nacos.client.naming.remote.gprc.NamingGrpcClientProxy.requestToServer(NamingGrpcClientProxy.java:356)
	at com.alibaba.nacos.client.naming.remote.gprc.NamingGrpcClientProxy.getServiceList(NamingGrpcClientProxy.java:282)
	at com.alibaba.nacos.client.naming.remote.NamingClientProxyDelegate.getServiceList(NamingClientProxyDelegate.java:162)
	at com.alibaba.nacos.client.naming.NacosNamingService.getServicesOfServer(NacosNamingService.java:461)
	at com.alibaba.nacos.client.naming.NacosNamingService.getServicesOfServer(NacosNamingService.java:449)
	at com.alibaba.cloud.nacos.discovery.NacosServiceDiscovery.getServices(NacosServiceDiscovery.java:70)
	at com.alibaba.cloud.nacos.discovery.reactive.NacosReactiveDiscoveryClient.lambda$getServices$3(NacosReactiveDiscoveryClient.java:87)
	at reactor.core.publisher.FluxDefer.subscribe(FluxDefer.java:46)
	at reactor.core.publisher.FluxSubscribeOn$SubscribeOnSubscriber.run(FluxSubscribeOn.java:194)
	at reactor.core.scheduler.WorkerTask.call(WorkerTask.java:84)
	at reactor.core.scheduler.WorkerTask.call(WorkerTask.java:37)
	at java.util.concurrent.FutureTask.run$$$capture(FutureTask.java:266)
	at java.util.concurrent.FutureTask.run(FutureTask.java)
	at java.util.concurrent.ScheduledThreadPoolExecutor$ScheduledFutureTask.access$201(ScheduledThreadPoolExecutor.java:180)
	at java.util.concurrent.ScheduledThreadPoolExecutor$ScheduledFutureTask.run(ScheduledThreadPoolExecutor.java:293)
	at java.util.concurrent.ThreadPoolExecutor.runWorker(ThreadPoolExecutor.java:1149)
	at java.util.concurrent.ThreadPoolExecutor$Worker.run(ThreadPoolExecutor.java:624)
	at java.lang.Thread.run(Thread.java:748)
19:39:54.859 [boundedElastic-256] ERROR c.a.c.n.d.r.NacosReactiveDiscoveryClient - [lambda$getServices$3,94] - get services from nacos server fail,
com.alibaba.nacos.api.exception.NacosException: Client not connected, current status:UNHEALTHY
	at com.alibaba.nacos.common.remote.client.RpcClient.request(RpcClient.java:639)
	at com.alibaba.nacos.common.remote.client.RpcClient.request(RpcClient.java:619)
	at com.alibaba.nacos.client.naming.remote.gprc.NamingGrpcClientProxy.requestToServer(NamingGrpcClientProxy.java:356)
	at com.alibaba.nacos.client.naming.remote.gprc.NamingGrpcClientProxy.getServiceList(NamingGrpcClientProxy.java:282)
	at com.alibaba.nacos.client.naming.remote.NamingClientProxyDelegate.getServiceList(NamingClientProxyDelegate.java:162)
	at com.alibaba.nacos.client.naming.NacosNamingService.getServicesOfServer(NacosNamingService.java:461)
	at com.alibaba.nacos.client.naming.NacosNamingService.getServicesOfServer(NacosNamingService.java:449)
	at com.alibaba.cloud.nacos.discovery.NacosServiceDiscovery.getServices(NacosServiceDiscovery.java:70)
	at com.alibaba.cloud.nacos.discovery.reactive.NacosReactiveDiscoveryClient.lambda$getServices$3(NacosReactiveDiscoveryClient.java:87)
	at reactor.core.publisher.FluxDefer.subscribe(FluxDefer.java:46)
	at reactor.core.publisher.FluxSubscribeOn$SubscribeOnSubscriber.run(FluxSubscribeOn.java:194)
	at reactor.core.scheduler.WorkerTask.call(WorkerTask.java:84)
	at reactor.core.scheduler.WorkerTask.call(WorkerTask.java:37)
	at java.util.concurrent.FutureTask.run$$$capture(FutureTask.java:266)
	at java.util.concurrent.FutureTask.run(FutureTask.java)
	at java.util.concurrent.ScheduledThreadPoolExecutor$ScheduledFutureTask.access$201(ScheduledThreadPoolExecutor.java:180)
	at java.util.concurrent.ScheduledThreadPoolExecutor$ScheduledFutureTask.run(ScheduledThreadPoolExecutor.java:293)
	at java.util.concurrent.ThreadPoolExecutor.runWorker(ThreadPoolExecutor.java:1149)
	at java.util.concurrent.ThreadPoolExecutor$Worker.run(ThreadPoolExecutor.java:624)
	at java.lang.Thread.run(Thread.java:748)
19:39:54.859 [boundedElastic-267] ERROR c.a.c.n.d.r.NacosReactiveDiscoveryClient - [lambda$getServices$3,94] - get services from nacos server fail,
com.alibaba.nacos.api.exception.NacosException: Client not connected, current status:UNHEALTHY
	at com.alibaba.nacos.common.remote.client.RpcClient.request(RpcClient.java:639)
	at com.alibaba.nacos.common.remote.client.RpcClient.request(RpcClient.java:619)
	at com.alibaba.nacos.client.naming.remote.gprc.NamingGrpcClientProxy.requestToServer(NamingGrpcClientProxy.java:356)
	at com.alibaba.nacos.client.naming.remote.gprc.NamingGrpcClientProxy.getServiceList(NamingGrpcClientProxy.java:282)
	at com.alibaba.nacos.client.naming.remote.NamingClientProxyDelegate.getServiceList(NamingClientProxyDelegate.java:162)
	at com.alibaba.nacos.client.naming.NacosNamingService.getServicesOfServer(NacosNamingService.java:461)
	at com.alibaba.nacos.client.naming.NacosNamingService.getServicesOfServer(NacosNamingService.java:449)
	at com.alibaba.cloud.nacos.discovery.NacosServiceDiscovery.getServices(NacosServiceDiscovery.java:70)
	at com.alibaba.cloud.nacos.discovery.reactive.NacosReactiveDiscoveryClient.lambda$getServices$3(NacosReactiveDiscoveryClient.java:87)
	at reactor.core.publisher.FluxDefer.subscribe(FluxDefer.java:46)
	at reactor.core.publisher.FluxSubscribeOn$SubscribeOnSubscriber.run(FluxSubscribeOn.java:194)
	at reactor.core.scheduler.WorkerTask.call(WorkerTask.java:84)
	at reactor.core.scheduler.WorkerTask.call(WorkerTask.java:37)
	at java.util.concurrent.FutureTask.run$$$capture(FutureTask.java:266)
	at java.util.concurrent.FutureTask.run(FutureTask.java)
	at java.util.concurrent.ScheduledThreadPoolExecutor$ScheduledFutureTask.access$201(ScheduledThreadPoolExecutor.java:180)
	at java.util.concurrent.ScheduledThreadPoolExecutor$ScheduledFutureTask.run(ScheduledThreadPoolExecutor.java:293)
	at java.util.concurrent.ThreadPoolExecutor.runWorker(ThreadPoolExecutor.java:1149)
	at java.util.concurrent.ThreadPoolExecutor$Worker.run(ThreadPoolExecutor.java:624)
	at java.lang.Thread.run(Thread.java:748)
19:40:24.862 [boundedElastic-256] ERROR c.a.c.n.d.r.NacosReactiveDiscoveryClient - [lambda$getServices$3,94] - get services from nacos server fail,
com.alibaba.nacos.api.exception.NacosException: Client not connected, current status:UNHEALTHY
	at com.alibaba.nacos.common.remote.client.RpcClient.request(RpcClient.java:639)
	at com.alibaba.nacos.common.remote.client.RpcClient.request(RpcClient.java:619)
	at com.alibaba.nacos.client.naming.remote.gprc.NamingGrpcClientProxy.requestToServer(NamingGrpcClientProxy.java:356)
	at com.alibaba.nacos.client.naming.remote.gprc.NamingGrpcClientProxy.getServiceList(NamingGrpcClientProxy.java:282)
	at com.alibaba.nacos.client.naming.remote.NamingClientProxyDelegate.getServiceList(NamingClientProxyDelegate.java:162)
	at com.alibaba.nacos.client.naming.NacosNamingService.getServicesOfServer(NacosNamingService.java:461)
	at com.alibaba.nacos.client.naming.NacosNamingService.getServicesOfServer(NacosNamingService.java:449)
	at com.alibaba.cloud.nacos.discovery.NacosServiceDiscovery.getServices(NacosServiceDiscovery.java:70)
	at com.alibaba.cloud.nacos.discovery.reactive.NacosReactiveDiscoveryClient.lambda$getServices$3(NacosReactiveDiscoveryClient.java:87)
	at reactor.core.publisher.FluxDefer.subscribe(FluxDefer.java:46)
	at reactor.core.publisher.FluxSubscribeOn$SubscribeOnSubscriber.run(FluxSubscribeOn.java:194)
	at reactor.core.scheduler.WorkerTask.call(WorkerTask.java:84)
	at reactor.core.scheduler.WorkerTask.call(WorkerTask.java:37)
	at java.util.concurrent.FutureTask.run$$$capture(FutureTask.java:266)
	at java.util.concurrent.FutureTask.run(FutureTask.java)
	at java.util.concurrent.ScheduledThreadPoolExecutor$ScheduledFutureTask.access$201(ScheduledThreadPoolExecutor.java:180)
	at java.util.concurrent.ScheduledThreadPoolExecutor$ScheduledFutureTask.run(ScheduledThreadPoolExecutor.java:293)
	at java.util.concurrent.ThreadPoolExecutor.runWorker(ThreadPoolExecutor.java:1149)
	at java.util.concurrent.ThreadPoolExecutor$Worker.run(ThreadPoolExecutor.java:624)
	at java.lang.Thread.run(Thread.java:748)
19:40:24.862 [boundedElastic-267] ERROR c.a.c.n.d.r.NacosReactiveDiscoveryClient - [lambda$getServices$3,94] - get services from nacos server fail,
com.alibaba.nacos.api.exception.NacosException: Client not connected, current status:UNHEALTHY
	at com.alibaba.nacos.common.remote.client.RpcClient.request(RpcClient.java:639)
	at com.alibaba.nacos.common.remote.client.RpcClient.request(RpcClient.java:619)
	at com.alibaba.nacos.client.naming.remote.gprc.NamingGrpcClientProxy.requestToServer(NamingGrpcClientProxy.java:356)
	at com.alibaba.nacos.client.naming.remote.gprc.NamingGrpcClientProxy.getServiceList(NamingGrpcClientProxy.java:282)
	at com.alibaba.nacos.client.naming.remote.NamingClientProxyDelegate.getServiceList(NamingClientProxyDelegate.java:162)
	at com.alibaba.nacos.client.naming.NacosNamingService.getServicesOfServer(NacosNamingService.java:461)
	at com.alibaba.nacos.client.naming.NacosNamingService.getServicesOfServer(NacosNamingService.java:449)
	at com.alibaba.cloud.nacos.discovery.NacosServiceDiscovery.getServices(NacosServiceDiscovery.java:70)
	at com.alibaba.cloud.nacos.discovery.reactive.NacosReactiveDiscoveryClient.lambda$getServices$3(NacosReactiveDiscoveryClient.java:87)
	at reactor.core.publisher.FluxDefer.subscribe(FluxDefer.java:46)
	at reactor.core.publisher.FluxSubscribeOn$SubscribeOnSubscriber.run(FluxSubscribeOn.java:194)
	at reactor.core.scheduler.WorkerTask.call(WorkerTask.java:84)
	at reactor.core.scheduler.WorkerTask.call(WorkerTask.java:37)
	at java.util.concurrent.FutureTask.run$$$capture(FutureTask.java:266)
	at java.util.concurrent.FutureTask.run(FutureTask.java)
	at java.util.concurrent.ScheduledThreadPoolExecutor$ScheduledFutureTask.access$201(ScheduledThreadPoolExecutor.java:180)
	at java.util.concurrent.ScheduledThreadPoolExecutor$ScheduledFutureTask.run(ScheduledThreadPoolExecutor.java:293)
	at java.util.concurrent.ThreadPoolExecutor.runWorker(ThreadPoolExecutor.java:1149)
	at java.util.concurrent.ThreadPoolExecutor$Worker.run(ThreadPoolExecutor.java:624)
	at java.lang.Thread.run(Thread.java:748)
19:40:54.867 [boundedElastic-256] ERROR c.a.c.n.d.r.NacosReactiveDiscoveryClient - [lambda$getServices$3,94] - get services from nacos server fail,
com.alibaba.nacos.api.exception.NacosException: Client not connected, current status:UNHEALTHY
	at com.alibaba.nacos.common.remote.client.RpcClient.request(RpcClient.java:639)
	at com.alibaba.nacos.common.remote.client.RpcClient.request(RpcClient.java:619)
	at com.alibaba.nacos.client.naming.remote.gprc.NamingGrpcClientProxy.requestToServer(NamingGrpcClientProxy.java:356)
	at com.alibaba.nacos.client.naming.remote.gprc.NamingGrpcClientProxy.getServiceList(NamingGrpcClientProxy.java:282)
	at com.alibaba.nacos.client.naming.remote.NamingClientProxyDelegate.getServiceList(NamingClientProxyDelegate.java:162)
	at com.alibaba.nacos.client.naming.NacosNamingService.getServicesOfServer(NacosNamingService.java:461)
	at com.alibaba.nacos.client.naming.NacosNamingService.getServicesOfServer(NacosNamingService.java:449)
	at com.alibaba.cloud.nacos.discovery.NacosServiceDiscovery.getServices(NacosServiceDiscovery.java:70)
	at com.alibaba.cloud.nacos.discovery.reactive.NacosReactiveDiscoveryClient.lambda$getServices$3(NacosReactiveDiscoveryClient.java:87)
	at reactor.core.publisher.FluxDefer.subscribe(FluxDefer.java:46)
	at reactor.core.publisher.FluxSubscribeOn$SubscribeOnSubscriber.run(FluxSubscribeOn.java:194)
	at reactor.core.scheduler.WorkerTask.call(WorkerTask.java:84)
	at reactor.core.scheduler.WorkerTask.call(WorkerTask.java:37)
	at java.util.concurrent.FutureTask.run$$$capture(FutureTask.java:266)
	at java.util.concurrent.FutureTask.run(FutureTask.java)
	at java.util.concurrent.ScheduledThreadPoolExecutor$ScheduledFutureTask.access$201(ScheduledThreadPoolExecutor.java:180)
	at java.util.concurrent.ScheduledThreadPoolExecutor$ScheduledFutureTask.run(ScheduledThreadPoolExecutor.java:293)
	at java.util.concurrent.ThreadPoolExecutor.runWorker(ThreadPoolExecutor.java:1149)
	at java.util.concurrent.ThreadPoolExecutor$Worker.run(ThreadPoolExecutor.java:624)
	at java.lang.Thread.run(Thread.java:748)
19:40:54.867 [boundedElastic-267] ERROR c.a.c.n.d.r.NacosReactiveDiscoveryClient - [lambda$getServices$3,94] - get services from nacos server fail,
com.alibaba.nacos.api.exception.NacosException: Client not connected, current status:UNHEALTHY
	at com.alibaba.nacos.common.remote.client.RpcClient.request(RpcClient.java:639)
	at com.alibaba.nacos.common.remote.client.RpcClient.request(RpcClient.java:619)
	at com.alibaba.nacos.client.naming.remote.gprc.NamingGrpcClientProxy.requestToServer(NamingGrpcClientProxy.java:356)
	at com.alibaba.nacos.client.naming.remote.gprc.NamingGrpcClientProxy.getServiceList(NamingGrpcClientProxy.java:282)
	at com.alibaba.nacos.client.naming.remote.NamingClientProxyDelegate.getServiceList(NamingClientProxyDelegate.java:162)
	at com.alibaba.nacos.client.naming.NacosNamingService.getServicesOfServer(NacosNamingService.java:461)
	at com.alibaba.nacos.client.naming.NacosNamingService.getServicesOfServer(NacosNamingService.java:449)
	at com.alibaba.cloud.nacos.discovery.NacosServiceDiscovery.getServices(NacosServiceDiscovery.java:70)
	at com.alibaba.cloud.nacos.discovery.reactive.NacosReactiveDiscoveryClient.lambda$getServices$3(NacosReactiveDiscoveryClient.java:87)
	at reactor.core.publisher.FluxDefer.subscribe(FluxDefer.java:46)
	at reactor.core.publisher.FluxSubscribeOn$SubscribeOnSubscriber.run(FluxSubscribeOn.java:194)
	at reactor.core.scheduler.WorkerTask.call(WorkerTask.java:84)
	at reactor.core.scheduler.WorkerTask.call(WorkerTask.java:37)
	at java.util.concurrent.FutureTask.run$$$capture(FutureTask.java:266)
	at java.util.concurrent.FutureTask.run(FutureTask.java)
	at java.util.concurrent.ScheduledThreadPoolExecutor$ScheduledFutureTask.access$201(ScheduledThreadPoolExecutor.java:180)
	at java.util.concurrent.ScheduledThreadPoolExecutor$ScheduledFutureTask.run(ScheduledThreadPoolExecutor.java:293)
	at java.util.concurrent.ThreadPoolExecutor.runWorker(ThreadPoolExecutor.java:1149)
	at java.util.concurrent.ThreadPoolExecutor$Worker.run(ThreadPoolExecutor.java:624)
	at java.lang.Thread.run(Thread.java:748)
19:41:24.867 [boundedElastic-267] ERROR c.a.c.n.d.r.NacosReactiveDiscoveryClient - [lambda$getServices$3,94] - get services from nacos server fail,
com.alibaba.nacos.api.exception.NacosException: Client not connected, current status:UNHEALTHY
	at com.alibaba.nacos.common.remote.client.RpcClient.request(RpcClient.java:639)
	at com.alibaba.nacos.common.remote.client.RpcClient.request(RpcClient.java:619)
	at com.alibaba.nacos.client.naming.remote.gprc.NamingGrpcClientProxy.requestToServer(NamingGrpcClientProxy.java:356)
	at com.alibaba.nacos.client.naming.remote.gprc.NamingGrpcClientProxy.getServiceList(NamingGrpcClientProxy.java:282)
	at com.alibaba.nacos.client.naming.remote.NamingClientProxyDelegate.getServiceList(NamingClientProxyDelegate.java:162)
	at com.alibaba.nacos.client.naming.NacosNamingService.getServicesOfServer(NacosNamingService.java:461)
	at com.alibaba.nacos.client.naming.NacosNamingService.getServicesOfServer(NacosNamingService.java:449)
	at com.alibaba.cloud.nacos.discovery.NacosServiceDiscovery.getServices(NacosServiceDiscovery.java:70)
	at com.alibaba.cloud.nacos.discovery.reactive.NacosReactiveDiscoveryClient.lambda$getServices$3(NacosReactiveDiscoveryClient.java:87)
	at reactor.core.publisher.FluxDefer.subscribe(FluxDefer.java:46)
	at reactor.core.publisher.FluxSubscribeOn$SubscribeOnSubscriber.run(FluxSubscribeOn.java:194)
	at reactor.core.scheduler.WorkerTask.call(WorkerTask.java:84)
	at reactor.core.scheduler.WorkerTask.call(WorkerTask.java:37)
	at java.util.concurrent.FutureTask.run$$$capture(FutureTask.java:266)
	at java.util.concurrent.FutureTask.run(FutureTask.java)
	at java.util.concurrent.ScheduledThreadPoolExecutor$ScheduledFutureTask.access$201(ScheduledThreadPoolExecutor.java:180)
	at java.util.concurrent.ScheduledThreadPoolExecutor$ScheduledFutureTask.run(ScheduledThreadPoolExecutor.java:293)
	at java.util.concurrent.ThreadPoolExecutor.runWorker(ThreadPoolExecutor.java:1149)
	at java.util.concurrent.ThreadPoolExecutor$Worker.run(ThreadPoolExecutor.java:624)
	at java.lang.Thread.run(Thread.java:748)
19:41:24.867 [boundedElastic-256] ERROR c.a.c.n.d.r.NacosReactiveDiscoveryClient - [lambda$getServices$3,94] - get services from nacos server fail,
com.alibaba.nacos.api.exception.NacosException: Client not connected, current status:UNHEALTHY
	at com.alibaba.nacos.common.remote.client.RpcClient.request(RpcClient.java:639)
	at com.alibaba.nacos.common.remote.client.RpcClient.request(RpcClient.java:619)
	at com.alibaba.nacos.client.naming.remote.gprc.NamingGrpcClientProxy.requestToServer(NamingGrpcClientProxy.java:356)
	at com.alibaba.nacos.client.naming.remote.gprc.NamingGrpcClientProxy.getServiceList(NamingGrpcClientProxy.java:282)
	at com.alibaba.nacos.client.naming.remote.NamingClientProxyDelegate.getServiceList(NamingClientProxyDelegate.java:162)
	at com.alibaba.nacos.client.naming.NacosNamingService.getServicesOfServer(NacosNamingService.java:461)
	at com.alibaba.nacos.client.naming.NacosNamingService.getServicesOfServer(NacosNamingService.java:449)
	at com.alibaba.cloud.nacos.discovery.NacosServiceDiscovery.getServices(NacosServiceDiscovery.java:70)
	at com.alibaba.cloud.nacos.discovery.reactive.NacosReactiveDiscoveryClient.lambda$getServices$3(NacosReactiveDiscoveryClient.java:87)
	at reactor.core.publisher.FluxDefer.subscribe(FluxDefer.java:46)
	at reactor.core.publisher.FluxSubscribeOn$SubscribeOnSubscriber.run(FluxSubscribeOn.java:194)
	at reactor.core.scheduler.WorkerTask.call(WorkerTask.java:84)
	at reactor.core.scheduler.WorkerTask.call(WorkerTask.java:37)
	at java.util.concurrent.FutureTask.run$$$capture(FutureTask.java:266)
	at java.util.concurrent.FutureTask.run(FutureTask.java)
	at java.util.concurrent.ScheduledThreadPoolExecutor$ScheduledFutureTask.access$201(ScheduledThreadPoolExecutor.java:180)
	at java.util.concurrent.ScheduledThreadPoolExecutor$ScheduledFutureTask.run(ScheduledThreadPoolExecutor.java:293)
	at java.util.concurrent.ThreadPoolExecutor.runWorker(ThreadPoolExecutor.java:1149)
	at java.util.concurrent.ThreadPoolExecutor$Worker.run(ThreadPoolExecutor.java:624)
	at java.lang.Thread.run(Thread.java:748)
19:41:54.866 [boundedElastic-256] ERROR c.a.c.n.d.r.NacosReactiveDiscoveryClient - [lambda$getServices$3,94] - get services from nacos server fail,
com.alibaba.nacos.api.exception.NacosException: Client not connected, current status:UNHEALTHY
	at com.alibaba.nacos.common.remote.client.RpcClient.request(RpcClient.java:639)
	at com.alibaba.nacos.common.remote.client.RpcClient.request(RpcClient.java:619)
	at com.alibaba.nacos.client.naming.remote.gprc.NamingGrpcClientProxy.requestToServer(NamingGrpcClientProxy.java:356)
	at com.alibaba.nacos.client.naming.remote.gprc.NamingGrpcClientProxy.getServiceList(NamingGrpcClientProxy.java:282)
	at com.alibaba.nacos.client.naming.remote.NamingClientProxyDelegate.getServiceList(NamingClientProxyDelegate.java:162)
	at com.alibaba.nacos.client.naming.NacosNamingService.getServicesOfServer(NacosNamingService.java:461)
	at com.alibaba.nacos.client.naming.NacosNamingService.getServicesOfServer(NacosNamingService.java:449)
	at com.alibaba.cloud.nacos.discovery.NacosServiceDiscovery.getServices(NacosServiceDiscovery.java:70)
	at com.alibaba.cloud.nacos.discovery.reactive.NacosReactiveDiscoveryClient.lambda$getServices$3(NacosReactiveDiscoveryClient.java:87)
	at reactor.core.publisher.FluxDefer.subscribe(FluxDefer.java:46)
	at reactor.core.publisher.FluxSubscribeOn$SubscribeOnSubscriber.run(FluxSubscribeOn.java:194)
	at reactor.core.scheduler.WorkerTask.call(WorkerTask.java:84)
	at reactor.core.scheduler.WorkerTask.call(WorkerTask.java:37)
	at java.util.concurrent.FutureTask.run$$$capture(FutureTask.java:266)
	at java.util.concurrent.FutureTask.run(FutureTask.java)
	at java.util.concurrent.ScheduledThreadPoolExecutor$ScheduledFutureTask.access$201(ScheduledThreadPoolExecutor.java:180)
	at java.util.concurrent.ScheduledThreadPoolExecutor$ScheduledFutureTask.run(ScheduledThreadPoolExecutor.java:293)
	at java.util.concurrent.ThreadPoolExecutor.runWorker(ThreadPoolExecutor.java:1149)
	at java.util.concurrent.ThreadPoolExecutor$Worker.run(ThreadPoolExecutor.java:624)
	at java.lang.Thread.run(Thread.java:748)
19:41:54.866 [boundedElastic-267] ERROR c.a.c.n.d.r.NacosReactiveDiscoveryClient - [lambda$getServices$3,94] - get services from nacos server fail,
com.alibaba.nacos.api.exception.NacosException: Client not connected, current status:UNHEALTHY
	at com.alibaba.nacos.common.remote.client.RpcClient.request(RpcClient.java:639)
	at com.alibaba.nacos.common.remote.client.RpcClient.request(RpcClient.java:619)
	at com.alibaba.nacos.client.naming.remote.gprc.NamingGrpcClientProxy.requestToServer(NamingGrpcClientProxy.java:356)
	at com.alibaba.nacos.client.naming.remote.gprc.NamingGrpcClientProxy.getServiceList(NamingGrpcClientProxy.java:282)
	at com.alibaba.nacos.client.naming.remote.NamingClientProxyDelegate.getServiceList(NamingClientProxyDelegate.java:162)
	at com.alibaba.nacos.client.naming.NacosNamingService.getServicesOfServer(NacosNamingService.java:461)
	at com.alibaba.nacos.client.naming.NacosNamingService.getServicesOfServer(NacosNamingService.java:449)
	at com.alibaba.cloud.nacos.discovery.NacosServiceDiscovery.getServices(NacosServiceDiscovery.java:70)
	at com.alibaba.cloud.nacos.discovery.reactive.NacosReactiveDiscoveryClient.lambda$getServices$3(NacosReactiveDiscoveryClient.java:87)
	at reactor.core.publisher.FluxDefer.subscribe(FluxDefer.java:46)
	at reactor.core.publisher.FluxSubscribeOn$SubscribeOnSubscriber.run(FluxSubscribeOn.java:194)
	at reactor.core.scheduler.WorkerTask.call(WorkerTask.java:84)
	at reactor.core.scheduler.WorkerTask.call(WorkerTask.java:37)
	at java.util.concurrent.FutureTask.run$$$capture(FutureTask.java:266)
	at java.util.concurrent.FutureTask.run(FutureTask.java)
	at java.util.concurrent.ScheduledThreadPoolExecutor$ScheduledFutureTask.access$201(ScheduledThreadPoolExecutor.java:180)
	at java.util.concurrent.ScheduledThreadPoolExecutor$ScheduledFutureTask.run(ScheduledThreadPoolExecutor.java:293)
	at java.util.concurrent.ThreadPoolExecutor.runWorker(ThreadPoolExecutor.java:1149)
	at java.util.concurrent.ThreadPoolExecutor$Worker.run(ThreadPoolExecutor.java:624)
	at java.lang.Thread.run(Thread.java:748)
19:42:24.875 [boundedElastic-267] ERROR c.a.c.n.d.r.NacosReactiveDiscoveryClient - [lambda$getServices$3,94] - get services from nacos server fail,
com.alibaba.nacos.api.exception.NacosException: Client not connected, current status:UNHEALTHY
	at com.alibaba.nacos.common.remote.client.RpcClient.request(RpcClient.java:639)
	at com.alibaba.nacos.common.remote.client.RpcClient.request(RpcClient.java:619)
	at com.alibaba.nacos.client.naming.remote.gprc.NamingGrpcClientProxy.requestToServer(NamingGrpcClientProxy.java:356)
	at com.alibaba.nacos.client.naming.remote.gprc.NamingGrpcClientProxy.getServiceList(NamingGrpcClientProxy.java:282)
	at com.alibaba.nacos.client.naming.remote.NamingClientProxyDelegate.getServiceList(NamingClientProxyDelegate.java:162)
	at com.alibaba.nacos.client.naming.NacosNamingService.getServicesOfServer(NacosNamingService.java:461)
	at com.alibaba.nacos.client.naming.NacosNamingService.getServicesOfServer(NacosNamingService.java:449)
	at com.alibaba.cloud.nacos.discovery.NacosServiceDiscovery.getServices(NacosServiceDiscovery.java:70)
	at com.alibaba.cloud.nacos.discovery.reactive.NacosReactiveDiscoveryClient.lambda$getServices$3(NacosReactiveDiscoveryClient.java:87)
	at reactor.core.publisher.FluxDefer.subscribe(FluxDefer.java:46)
	at reactor.core.publisher.FluxSubscribeOn$SubscribeOnSubscriber.run(FluxSubscribeOn.java:194)
	at reactor.core.scheduler.WorkerTask.call(WorkerTask.java:84)
	at reactor.core.scheduler.WorkerTask.call(WorkerTask.java:37)
	at java.util.concurrent.FutureTask.run$$$capture(FutureTask.java:266)
	at java.util.concurrent.FutureTask.run(FutureTask.java)
	at java.util.concurrent.ScheduledThreadPoolExecutor$ScheduledFutureTask.access$201(ScheduledThreadPoolExecutor.java:180)
	at java.util.concurrent.ScheduledThreadPoolExecutor$ScheduledFutureTask.run(ScheduledThreadPoolExecutor.java:293)
	at java.util.concurrent.ThreadPoolExecutor.runWorker(ThreadPoolExecutor.java:1149)
	at java.util.concurrent.ThreadPoolExecutor$Worker.run(ThreadPoolExecutor.java:624)
	at java.lang.Thread.run(Thread.java:748)
19:42:24.875 [boundedElastic-256] ERROR c.a.c.n.d.r.NacosReactiveDiscoveryClient - [lambda$getServices$3,94] - get services from nacos server fail,
com.alibaba.nacos.api.exception.NacosException: Client not connected, current status:UNHEALTHY
	at com.alibaba.nacos.common.remote.client.RpcClient.request(RpcClient.java:639)
	at com.alibaba.nacos.common.remote.client.RpcClient.request(RpcClient.java:619)
	at com.alibaba.nacos.client.naming.remote.gprc.NamingGrpcClientProxy.requestToServer(NamingGrpcClientProxy.java:356)
	at com.alibaba.nacos.client.naming.remote.gprc.NamingGrpcClientProxy.getServiceList(NamingGrpcClientProxy.java:282)
	at com.alibaba.nacos.client.naming.remote.NamingClientProxyDelegate.getServiceList(NamingClientProxyDelegate.java:162)
	at com.alibaba.nacos.client.naming.NacosNamingService.getServicesOfServer(NacosNamingService.java:461)
	at com.alibaba.nacos.client.naming.NacosNamingService.getServicesOfServer(NacosNamingService.java:449)
	at com.alibaba.cloud.nacos.discovery.NacosServiceDiscovery.getServices(NacosServiceDiscovery.java:70)
	at com.alibaba.cloud.nacos.discovery.reactive.NacosReactiveDiscoveryClient.lambda$getServices$3(NacosReactiveDiscoveryClient.java:87)
	at reactor.core.publisher.FluxDefer.subscribe(FluxDefer.java:46)
	at reactor.core.publisher.FluxSubscribeOn$SubscribeOnSubscriber.run(FluxSubscribeOn.java:194)
	at reactor.core.scheduler.WorkerTask.call(WorkerTask.java:84)
	at reactor.core.scheduler.WorkerTask.call(WorkerTask.java:37)
	at java.util.concurrent.FutureTask.run$$$capture(FutureTask.java:266)
	at java.util.concurrent.FutureTask.run(FutureTask.java)
	at java.util.concurrent.ScheduledThreadPoolExecutor$ScheduledFutureTask.access$201(ScheduledThreadPoolExecutor.java:180)
	at java.util.concurrent.ScheduledThreadPoolExecutor$ScheduledFutureTask.run(ScheduledThreadPoolExecutor.java:293)
	at java.util.concurrent.ThreadPoolExecutor.runWorker(ThreadPoolExecutor.java:1149)
	at java.util.concurrent.ThreadPoolExecutor$Worker.run(ThreadPoolExecutor.java:624)
	at java.lang.Thread.run(Thread.java:748)
19:42:54.873 [boundedElastic-256] ERROR c.a.c.n.d.r.NacosReactiveDiscoveryClient - [lambda$getServices$3,94] - get services from nacos server fail,
com.alibaba.nacos.api.exception.NacosException: Client not connected, current status:UNHEALTHY
	at com.alibaba.nacos.common.remote.client.RpcClient.request(RpcClient.java:639)
	at com.alibaba.nacos.common.remote.client.RpcClient.request(RpcClient.java:619)
	at com.alibaba.nacos.client.naming.remote.gprc.NamingGrpcClientProxy.requestToServer(NamingGrpcClientProxy.java:356)
	at com.alibaba.nacos.client.naming.remote.gprc.NamingGrpcClientProxy.getServiceList(NamingGrpcClientProxy.java:282)
	at com.alibaba.nacos.client.naming.remote.NamingClientProxyDelegate.getServiceList(NamingClientProxyDelegate.java:162)
	at com.alibaba.nacos.client.naming.NacosNamingService.getServicesOfServer(NacosNamingService.java:461)
	at com.alibaba.nacos.client.naming.NacosNamingService.getServicesOfServer(NacosNamingService.java:449)
	at com.alibaba.cloud.nacos.discovery.NacosServiceDiscovery.getServices(NacosServiceDiscovery.java:70)
	at com.alibaba.cloud.nacos.discovery.reactive.NacosReactiveDiscoveryClient.lambda$getServices$3(NacosReactiveDiscoveryClient.java:87)
	at reactor.core.publisher.FluxDefer.subscribe(FluxDefer.java:46)
	at reactor.core.publisher.FluxSubscribeOn$SubscribeOnSubscriber.run(FluxSubscribeOn.java:194)
	at reactor.core.scheduler.WorkerTask.call(WorkerTask.java:84)
	at reactor.core.scheduler.WorkerTask.call(WorkerTask.java:37)
	at java.util.concurrent.FutureTask.run$$$capture(FutureTask.java:266)
	at java.util.concurrent.FutureTask.run(FutureTask.java)
	at java.util.concurrent.ScheduledThreadPoolExecutor$ScheduledFutureTask.access$201(ScheduledThreadPoolExecutor.java:180)
	at java.util.concurrent.ScheduledThreadPoolExecutor$ScheduledFutureTask.run(ScheduledThreadPoolExecutor.java:293)
	at java.util.concurrent.ThreadPoolExecutor.runWorker(ThreadPoolExecutor.java:1149)
	at java.util.concurrent.ThreadPoolExecutor$Worker.run(ThreadPoolExecutor.java:624)
	at java.lang.Thread.run(Thread.java:748)
19:42:54.873 [boundedElastic-267] ERROR c.a.c.n.d.r.NacosReactiveDiscoveryClient - [lambda$getServices$3,94] - get services from nacos server fail,
com.alibaba.nacos.api.exception.NacosException: Client not connected, current status:UNHEALTHY
	at com.alibaba.nacos.common.remote.client.RpcClient.request(RpcClient.java:639)
	at com.alibaba.nacos.common.remote.client.RpcClient.request(RpcClient.java:619)
	at com.alibaba.nacos.client.naming.remote.gprc.NamingGrpcClientProxy.requestToServer(NamingGrpcClientProxy.java:356)
	at com.alibaba.nacos.client.naming.remote.gprc.NamingGrpcClientProxy.getServiceList(NamingGrpcClientProxy.java:282)
	at com.alibaba.nacos.client.naming.remote.NamingClientProxyDelegate.getServiceList(NamingClientProxyDelegate.java:162)
	at com.alibaba.nacos.client.naming.NacosNamingService.getServicesOfServer(NacosNamingService.java:461)
	at com.alibaba.nacos.client.naming.NacosNamingService.getServicesOfServer(NacosNamingService.java:449)
	at com.alibaba.cloud.nacos.discovery.NacosServiceDiscovery.getServices(NacosServiceDiscovery.java:70)
	at com.alibaba.cloud.nacos.discovery.reactive.NacosReactiveDiscoveryClient.lambda$getServices$3(NacosReactiveDiscoveryClient.java:87)
	at reactor.core.publisher.FluxDefer.subscribe(FluxDefer.java:46)
	at reactor.core.publisher.FluxSubscribeOn$SubscribeOnSubscriber.run(FluxSubscribeOn.java:194)
	at reactor.core.scheduler.WorkerTask.call(WorkerTask.java:84)
	at reactor.core.scheduler.WorkerTask.call(WorkerTask.java:37)
	at java.util.concurrent.FutureTask.run$$$capture(FutureTask.java:266)
	at java.util.concurrent.FutureTask.run(FutureTask.java)
	at java.util.concurrent.ScheduledThreadPoolExecutor$ScheduledFutureTask.access$201(ScheduledThreadPoolExecutor.java:180)
	at java.util.concurrent.ScheduledThreadPoolExecutor$ScheduledFutureTask.run(ScheduledThreadPoolExecutor.java:293)
	at java.util.concurrent.ThreadPoolExecutor.runWorker(ThreadPoolExecutor.java:1149)
	at java.util.concurrent.ThreadPoolExecutor$Worker.run(ThreadPoolExecutor.java:624)
	at java.lang.Thread.run(Thread.java:748)
19:43:24.878 [boundedElastic-267] ERROR c.a.c.n.d.r.NacosReactiveDiscoveryClient - [lambda$getServices$3,94] - get services from nacos server fail,
com.alibaba.nacos.api.exception.NacosException: Client not connected, current status:UNHEALTHY
	at com.alibaba.nacos.common.remote.client.RpcClient.request(RpcClient.java:639)
	at com.alibaba.nacos.common.remote.client.RpcClient.request(RpcClient.java:619)
	at com.alibaba.nacos.client.naming.remote.gprc.NamingGrpcClientProxy.requestToServer(NamingGrpcClientProxy.java:356)
	at com.alibaba.nacos.client.naming.remote.gprc.NamingGrpcClientProxy.getServiceList(NamingGrpcClientProxy.java:282)
	at com.alibaba.nacos.client.naming.remote.NamingClientProxyDelegate.getServiceList(NamingClientProxyDelegate.java:162)
	at com.alibaba.nacos.client.naming.NacosNamingService.getServicesOfServer(NacosNamingService.java:461)
	at com.alibaba.nacos.client.naming.NacosNamingService.getServicesOfServer(NacosNamingService.java:449)
	at com.alibaba.cloud.nacos.discovery.NacosServiceDiscovery.getServices(NacosServiceDiscovery.java:70)
	at com.alibaba.cloud.nacos.discovery.reactive.NacosReactiveDiscoveryClient.lambda$getServices$3(NacosReactiveDiscoveryClient.java:87)
	at reactor.core.publisher.FluxDefer.subscribe(FluxDefer.java:46)
	at reactor.core.publisher.FluxSubscribeOn$SubscribeOnSubscriber.run(FluxSubscribeOn.java:194)
	at reactor.core.scheduler.WorkerTask.call(WorkerTask.java:84)
	at reactor.core.scheduler.WorkerTask.call(WorkerTask.java:37)
	at java.util.concurrent.FutureTask.run$$$capture(FutureTask.java:266)
	at java.util.concurrent.FutureTask.run(FutureTask.java)
	at java.util.concurrent.ScheduledThreadPoolExecutor$ScheduledFutureTask.access$201(ScheduledThreadPoolExecutor.java:180)
	at java.util.concurrent.ScheduledThreadPoolExecutor$ScheduledFutureTask.run(ScheduledThreadPoolExecutor.java:293)
	at java.util.concurrent.ThreadPoolExecutor.runWorker(ThreadPoolExecutor.java:1149)
	at java.util.concurrent.ThreadPoolExecutor$Worker.run(ThreadPoolExecutor.java:624)
	at java.lang.Thread.run(Thread.java:748)
19:43:24.878 [boundedElastic-256] ERROR c.a.c.n.d.r.NacosReactiveDiscoveryClient - [lambda$getServices$3,94] - get services from nacos server fail,
com.alibaba.nacos.api.exception.NacosException: Client not connected, current status:UNHEALTHY
	at com.alibaba.nacos.common.remote.client.RpcClient.request(RpcClient.java:639)
	at com.alibaba.nacos.common.remote.client.RpcClient.request(RpcClient.java:619)
	at com.alibaba.nacos.client.naming.remote.gprc.NamingGrpcClientProxy.requestToServer(NamingGrpcClientProxy.java:356)
	at com.alibaba.nacos.client.naming.remote.gprc.NamingGrpcClientProxy.getServiceList(NamingGrpcClientProxy.java:282)
	at com.alibaba.nacos.client.naming.remote.NamingClientProxyDelegate.getServiceList(NamingClientProxyDelegate.java:162)
	at com.alibaba.nacos.client.naming.NacosNamingService.getServicesOfServer(NacosNamingService.java:461)
	at com.alibaba.nacos.client.naming.NacosNamingService.getServicesOfServer(NacosNamingService.java:449)
	at com.alibaba.cloud.nacos.discovery.NacosServiceDiscovery.getServices(NacosServiceDiscovery.java:70)
	at com.alibaba.cloud.nacos.discovery.reactive.NacosReactiveDiscoveryClient.lambda$getServices$3(NacosReactiveDiscoveryClient.java:87)
	at reactor.core.publisher.FluxDefer.subscribe(FluxDefer.java:46)
	at reactor.core.publisher.FluxSubscribeOn$SubscribeOnSubscriber.run(FluxSubscribeOn.java:194)
	at reactor.core.scheduler.WorkerTask.call(WorkerTask.java:84)
	at reactor.core.scheduler.WorkerTask.call(WorkerTask.java:37)
	at java.util.concurrent.FutureTask.run$$$capture(FutureTask.java:266)
	at java.util.concurrent.FutureTask.run(FutureTask.java)
	at java.util.concurrent.ScheduledThreadPoolExecutor$ScheduledFutureTask.access$201(ScheduledThreadPoolExecutor.java:180)
	at java.util.concurrent.ScheduledThreadPoolExecutor$ScheduledFutureTask.run(ScheduledThreadPoolExecutor.java:293)
	at java.util.concurrent.ThreadPoolExecutor.runWorker(ThreadPoolExecutor.java:1149)
	at java.util.concurrent.ThreadPoolExecutor$Worker.run(ThreadPoolExecutor.java:624)
	at java.lang.Thread.run(Thread.java:748)
19:43:54.879 [boundedElastic-267] ERROR c.a.c.n.d.r.NacosReactiveDiscoveryClient - [lambda$getServices$3,94] - get services from nacos server fail,
com.alibaba.nacos.api.exception.NacosException: Client not connected, current status:UNHEALTHY
	at com.alibaba.nacos.common.remote.client.RpcClient.request(RpcClient.java:639)
	at com.alibaba.nacos.common.remote.client.RpcClient.request(RpcClient.java:619)
	at com.alibaba.nacos.client.naming.remote.gprc.NamingGrpcClientProxy.requestToServer(NamingGrpcClientProxy.java:356)
	at com.alibaba.nacos.client.naming.remote.gprc.NamingGrpcClientProxy.getServiceList(NamingGrpcClientProxy.java:282)
	at com.alibaba.nacos.client.naming.remote.NamingClientProxyDelegate.getServiceList(NamingClientProxyDelegate.java:162)
	at com.alibaba.nacos.client.naming.NacosNamingService.getServicesOfServer(NacosNamingService.java:461)
	at com.alibaba.nacos.client.naming.NacosNamingService.getServicesOfServer(NacosNamingService.java:449)
	at com.alibaba.cloud.nacos.discovery.NacosServiceDiscovery.getServices(NacosServiceDiscovery.java:70)
	at com.alibaba.cloud.nacos.discovery.reactive.NacosReactiveDiscoveryClient.lambda$getServices$3(NacosReactiveDiscoveryClient.java:87)
	at reactor.core.publisher.FluxDefer.subscribe(FluxDefer.java:46)
	at reactor.core.publisher.FluxSubscribeOn$SubscribeOnSubscriber.run(FluxSubscribeOn.java:194)
	at reactor.core.scheduler.WorkerTask.call(WorkerTask.java:84)
	at reactor.core.scheduler.WorkerTask.call(WorkerTask.java:37)
	at java.util.concurrent.FutureTask.run$$$capture(FutureTask.java:266)
	at java.util.concurrent.FutureTask.run(FutureTask.java)
	at java.util.concurrent.ScheduledThreadPoolExecutor$ScheduledFutureTask.access$201(ScheduledThreadPoolExecutor.java:180)
	at java.util.concurrent.ScheduledThreadPoolExecutor$ScheduledFutureTask.run(ScheduledThreadPoolExecutor.java:293)
	at java.util.concurrent.ThreadPoolExecutor.runWorker(ThreadPoolExecutor.java:1149)
	at java.util.concurrent.ThreadPoolExecutor$Worker.run(ThreadPoolExecutor.java:624)
	at java.lang.Thread.run(Thread.java:748)
19:43:54.879 [boundedElastic-256] ERROR c.a.c.n.d.r.NacosReactiveDiscoveryClient - [lambda$getServices$3,94] - get services from nacos server fail,
com.alibaba.nacos.api.exception.NacosException: Client not connected, current status:UNHEALTHY
	at com.alibaba.nacos.common.remote.client.RpcClient.request(RpcClient.java:639)
	at com.alibaba.nacos.common.remote.client.RpcClient.request(RpcClient.java:619)
	at com.alibaba.nacos.client.naming.remote.gprc.NamingGrpcClientProxy.requestToServer(NamingGrpcClientProxy.java:356)
	at com.alibaba.nacos.client.naming.remote.gprc.NamingGrpcClientProxy.getServiceList(NamingGrpcClientProxy.java:282)
	at com.alibaba.nacos.client.naming.remote.NamingClientProxyDelegate.getServiceList(NamingClientProxyDelegate.java:162)
	at com.alibaba.nacos.client.naming.NacosNamingService.getServicesOfServer(NacosNamingService.java:461)
	at com.alibaba.nacos.client.naming.NacosNamingService.getServicesOfServer(NacosNamingService.java:449)
	at com.alibaba.cloud.nacos.discovery.NacosServiceDiscovery.getServices(NacosServiceDiscovery.java:70)
	at com.alibaba.cloud.nacos.discovery.reactive.NacosReactiveDiscoveryClient.lambda$getServices$3(NacosReactiveDiscoveryClient.java:87)
	at reactor.core.publisher.FluxDefer.subscribe(FluxDefer.java:46)
	at reactor.core.publisher.FluxSubscribeOn$SubscribeOnSubscriber.run(FluxSubscribeOn.java:194)
	at reactor.core.scheduler.WorkerTask.call(WorkerTask.java:84)
	at reactor.core.scheduler.WorkerTask.call(WorkerTask.java:37)
	at java.util.concurrent.FutureTask.run$$$capture(FutureTask.java:266)
	at java.util.concurrent.FutureTask.run(FutureTask.java)
	at java.util.concurrent.ScheduledThreadPoolExecutor$ScheduledFutureTask.access$201(ScheduledThreadPoolExecutor.java:180)
	at java.util.concurrent.ScheduledThreadPoolExecutor$ScheduledFutureTask.run(ScheduledThreadPoolExecutor.java:293)
	at java.util.concurrent.ThreadPoolExecutor.runWorker(ThreadPoolExecutor.java:1149)
	at java.util.concurrent.ThreadPoolExecutor$Worker.run(ThreadPoolExecutor.java:624)
	at java.lang.Thread.run(Thread.java:748)
19:44:24.883 [boundedElastic-267] ERROR c.a.c.n.d.r.NacosReactiveDiscoveryClient - [lambda$getServices$3,94] - get services from nacos server fail,
com.alibaba.nacos.api.exception.NacosException: Client not connected, current status:UNHEALTHY
	at com.alibaba.nacos.common.remote.client.RpcClient.request(RpcClient.java:639)
	at com.alibaba.nacos.common.remote.client.RpcClient.request(RpcClient.java:619)
	at com.alibaba.nacos.client.naming.remote.gprc.NamingGrpcClientProxy.requestToServer(NamingGrpcClientProxy.java:356)
	at com.alibaba.nacos.client.naming.remote.gprc.NamingGrpcClientProxy.getServiceList(NamingGrpcClientProxy.java:282)
	at com.alibaba.nacos.client.naming.remote.NamingClientProxyDelegate.getServiceList(NamingClientProxyDelegate.java:162)
	at com.alibaba.nacos.client.naming.NacosNamingService.getServicesOfServer(NacosNamingService.java:461)
	at com.alibaba.nacos.client.naming.NacosNamingService.getServicesOfServer(NacosNamingService.java:449)
	at com.alibaba.cloud.nacos.discovery.NacosServiceDiscovery.getServices(NacosServiceDiscovery.java:70)
	at com.alibaba.cloud.nacos.discovery.reactive.NacosReactiveDiscoveryClient.lambda$getServices$3(NacosReactiveDiscoveryClient.java:87)
	at reactor.core.publisher.FluxDefer.subscribe(FluxDefer.java:46)
	at reactor.core.publisher.FluxSubscribeOn$SubscribeOnSubscriber.run(FluxSubscribeOn.java:194)
	at reactor.core.scheduler.WorkerTask.call(WorkerTask.java:84)
	at reactor.core.scheduler.WorkerTask.call(WorkerTask.java:37)
	at java.util.concurrent.FutureTask.run$$$capture(FutureTask.java:266)
	at java.util.concurrent.FutureTask.run(FutureTask.java)
	at java.util.concurrent.ScheduledThreadPoolExecutor$ScheduledFutureTask.access$201(ScheduledThreadPoolExecutor.java:180)
	at java.util.concurrent.ScheduledThreadPoolExecutor$ScheduledFutureTask.run(ScheduledThreadPoolExecutor.java:293)
	at java.util.concurrent.ThreadPoolExecutor.runWorker(ThreadPoolExecutor.java:1149)
	at java.util.concurrent.ThreadPoolExecutor$Worker.run(ThreadPoolExecutor.java:624)
	at java.lang.Thread.run(Thread.java:748)
19:44:24.883 [boundedElastic-256] ERROR c.a.c.n.d.r.NacosReactiveDiscoveryClient - [lambda$getServices$3,94] - get services from nacos server fail,
com.alibaba.nacos.api.exception.NacosException: Client not connected, current status:UNHEALTHY
	at com.alibaba.nacos.common.remote.client.RpcClient.request(RpcClient.java:639)
	at com.alibaba.nacos.common.remote.client.RpcClient.request(RpcClient.java:619)
	at com.alibaba.nacos.client.naming.remote.gprc.NamingGrpcClientProxy.requestToServer(NamingGrpcClientProxy.java:356)
	at com.alibaba.nacos.client.naming.remote.gprc.NamingGrpcClientProxy.getServiceList(NamingGrpcClientProxy.java:282)
	at com.alibaba.nacos.client.naming.remote.NamingClientProxyDelegate.getServiceList(NamingClientProxyDelegate.java:162)
	at com.alibaba.nacos.client.naming.NacosNamingService.getServicesOfServer(NacosNamingService.java:461)
	at com.alibaba.nacos.client.naming.NacosNamingService.getServicesOfServer(NacosNamingService.java:449)
	at com.alibaba.cloud.nacos.discovery.NacosServiceDiscovery.getServices(NacosServiceDiscovery.java:70)
	at com.alibaba.cloud.nacos.discovery.reactive.NacosReactiveDiscoveryClient.lambda$getServices$3(NacosReactiveDiscoveryClient.java:87)
	at reactor.core.publisher.FluxDefer.subscribe(FluxDefer.java:46)
	at reactor.core.publisher.FluxSubscribeOn$SubscribeOnSubscriber.run(FluxSubscribeOn.java:194)
	at reactor.core.scheduler.WorkerTask.call(WorkerTask.java:84)
	at reactor.core.scheduler.WorkerTask.call(WorkerTask.java:37)
	at java.util.concurrent.FutureTask.run$$$capture(FutureTask.java:266)
	at java.util.concurrent.FutureTask.run(FutureTask.java)
	at java.util.concurrent.ScheduledThreadPoolExecutor$ScheduledFutureTask.access$201(ScheduledThreadPoolExecutor.java:180)
	at java.util.concurrent.ScheduledThreadPoolExecutor$ScheduledFutureTask.run(ScheduledThreadPoolExecutor.java:293)
	at java.util.concurrent.ThreadPoolExecutor.runWorker(ThreadPoolExecutor.java:1149)
	at java.util.concurrent.ThreadPoolExecutor$Worker.run(ThreadPoolExecutor.java:624)
	at java.lang.Thread.run(Thread.java:748)
19:44:54.887 [boundedElastic-256] ERROR c.a.c.n.d.r.NacosReactiveDiscoveryClient - [lambda$getServices$3,94] - get services from nacos server fail,
com.alibaba.nacos.api.exception.NacosException: Client not connected, current status:UNHEALTHY
	at com.alibaba.nacos.common.remote.client.RpcClient.request(RpcClient.java:639)
	at com.alibaba.nacos.common.remote.client.RpcClient.request(RpcClient.java:619)
	at com.alibaba.nacos.client.naming.remote.gprc.NamingGrpcClientProxy.requestToServer(NamingGrpcClientProxy.java:356)
	at com.alibaba.nacos.client.naming.remote.gprc.NamingGrpcClientProxy.getServiceList(NamingGrpcClientProxy.java:282)
	at com.alibaba.nacos.client.naming.remote.NamingClientProxyDelegate.getServiceList(NamingClientProxyDelegate.java:162)
	at com.alibaba.nacos.client.naming.NacosNamingService.getServicesOfServer(NacosNamingService.java:461)
	at com.alibaba.nacos.client.naming.NacosNamingService.getServicesOfServer(NacosNamingService.java:449)
	at com.alibaba.cloud.nacos.discovery.NacosServiceDiscovery.getServices(NacosServiceDiscovery.java:70)
	at com.alibaba.cloud.nacos.discovery.reactive.NacosReactiveDiscoveryClient.lambda$getServices$3(NacosReactiveDiscoveryClient.java:87)
	at reactor.core.publisher.FluxDefer.subscribe(FluxDefer.java:46)
	at reactor.core.publisher.FluxSubscribeOn$SubscribeOnSubscriber.run(FluxSubscribeOn.java:194)
	at reactor.core.scheduler.WorkerTask.call(WorkerTask.java:84)
	at reactor.core.scheduler.WorkerTask.call(WorkerTask.java:37)
	at java.util.concurrent.FutureTask.run$$$capture(FutureTask.java:266)
	at java.util.concurrent.FutureTask.run(FutureTask.java)
	at java.util.concurrent.ScheduledThreadPoolExecutor$ScheduledFutureTask.access$201(ScheduledThreadPoolExecutor.java:180)
	at java.util.concurrent.ScheduledThreadPoolExecutor$ScheduledFutureTask.run(ScheduledThreadPoolExecutor.java:293)
	at java.util.concurrent.ThreadPoolExecutor.runWorker(ThreadPoolExecutor.java:1149)
	at java.util.concurrent.ThreadPoolExecutor$Worker.run(ThreadPoolExecutor.java:624)
	at java.lang.Thread.run(Thread.java:748)
19:44:54.887 [boundedElastic-267] ERROR c.a.c.n.d.r.NacosReactiveDiscoveryClient - [lambda$getServices$3,94] - get services from nacos server fail,
com.alibaba.nacos.api.exception.NacosException: Client not connected, current status:UNHEALTHY
	at com.alibaba.nacos.common.remote.client.RpcClient.request(RpcClient.java:639)
	at com.alibaba.nacos.common.remote.client.RpcClient.request(RpcClient.java:619)
	at com.alibaba.nacos.client.naming.remote.gprc.NamingGrpcClientProxy.requestToServer(NamingGrpcClientProxy.java:356)
	at com.alibaba.nacos.client.naming.remote.gprc.NamingGrpcClientProxy.getServiceList(NamingGrpcClientProxy.java:282)
	at com.alibaba.nacos.client.naming.remote.NamingClientProxyDelegate.getServiceList(NamingClientProxyDelegate.java:162)
	at com.alibaba.nacos.client.naming.NacosNamingService.getServicesOfServer(NacosNamingService.java:461)
	at com.alibaba.nacos.client.naming.NacosNamingService.getServicesOfServer(NacosNamingService.java:449)
	at com.alibaba.cloud.nacos.discovery.NacosServiceDiscovery.getServices(NacosServiceDiscovery.java:70)
	at com.alibaba.cloud.nacos.discovery.reactive.NacosReactiveDiscoveryClient.lambda$getServices$3(NacosReactiveDiscoveryClient.java:87)
	at reactor.core.publisher.FluxDefer.subscribe(FluxDefer.java:46)
	at reactor.core.publisher.FluxSubscribeOn$SubscribeOnSubscriber.run(FluxSubscribeOn.java:194)
	at reactor.core.scheduler.WorkerTask.call(WorkerTask.java:84)
	at reactor.core.scheduler.WorkerTask.call(WorkerTask.java:37)
	at java.util.concurrent.FutureTask.run$$$capture(FutureTask.java:266)
	at java.util.concurrent.FutureTask.run(FutureTask.java)
	at java.util.concurrent.ScheduledThreadPoolExecutor$ScheduledFutureTask.access$201(ScheduledThreadPoolExecutor.java:180)
	at java.util.concurrent.ScheduledThreadPoolExecutor$ScheduledFutureTask.run(ScheduledThreadPoolExecutor.java:293)
	at java.util.concurrent.ThreadPoolExecutor.runWorker(ThreadPoolExecutor.java:1149)
	at java.util.concurrent.ThreadPoolExecutor$Worker.run(ThreadPoolExecutor.java:624)
	at java.lang.Thread.run(Thread.java:748)
19:45:24.892 [boundedElastic-267] ERROR c.a.c.n.d.r.NacosReactiveDiscoveryClient - [lambda$getServices$3,94] - get services from nacos server fail,
com.alibaba.nacos.api.exception.NacosException: Client not connected, current status:UNHEALTHY
	at com.alibaba.nacos.common.remote.client.RpcClient.request(RpcClient.java:639)
	at com.alibaba.nacos.common.remote.client.RpcClient.request(RpcClient.java:619)
	at com.alibaba.nacos.client.naming.remote.gprc.NamingGrpcClientProxy.requestToServer(NamingGrpcClientProxy.java:356)
	at com.alibaba.nacos.client.naming.remote.gprc.NamingGrpcClientProxy.getServiceList(NamingGrpcClientProxy.java:282)
	at com.alibaba.nacos.client.naming.remote.NamingClientProxyDelegate.getServiceList(NamingClientProxyDelegate.java:162)
	at com.alibaba.nacos.client.naming.NacosNamingService.getServicesOfServer(NacosNamingService.java:461)
	at com.alibaba.nacos.client.naming.NacosNamingService.getServicesOfServer(NacosNamingService.java:449)
	at com.alibaba.cloud.nacos.discovery.NacosServiceDiscovery.getServices(NacosServiceDiscovery.java:70)
	at com.alibaba.cloud.nacos.discovery.reactive.NacosReactiveDiscoveryClient.lambda$getServices$3(NacosReactiveDiscoveryClient.java:87)
	at reactor.core.publisher.FluxDefer.subscribe(FluxDefer.java:46)
	at reactor.core.publisher.FluxSubscribeOn$SubscribeOnSubscriber.run(FluxSubscribeOn.java:194)
	at reactor.core.scheduler.WorkerTask.call(WorkerTask.java:84)
	at reactor.core.scheduler.WorkerTask.call(WorkerTask.java:37)
	at java.util.concurrent.FutureTask.run$$$capture(FutureTask.java:266)
	at java.util.concurrent.FutureTask.run(FutureTask.java)
	at java.util.concurrent.ScheduledThreadPoolExecutor$ScheduledFutureTask.access$201(ScheduledThreadPoolExecutor.java:180)
	at java.util.concurrent.ScheduledThreadPoolExecutor$ScheduledFutureTask.run(ScheduledThreadPoolExecutor.java:293)
	at java.util.concurrent.ThreadPoolExecutor.runWorker(ThreadPoolExecutor.java:1149)
	at java.util.concurrent.ThreadPoolExecutor$Worker.run(ThreadPoolExecutor.java:624)
	at java.lang.Thread.run(Thread.java:748)
19:45:24.892 [boundedElastic-256] ERROR c.a.c.n.d.r.NacosReactiveDiscoveryClient - [lambda$getServices$3,94] - get services from nacos server fail,
com.alibaba.nacos.api.exception.NacosException: Client not connected, current status:UNHEALTHY
	at com.alibaba.nacos.common.remote.client.RpcClient.request(RpcClient.java:639)
	at com.alibaba.nacos.common.remote.client.RpcClient.request(RpcClient.java:619)
	at com.alibaba.nacos.client.naming.remote.gprc.NamingGrpcClientProxy.requestToServer(NamingGrpcClientProxy.java:356)
	at com.alibaba.nacos.client.naming.remote.gprc.NamingGrpcClientProxy.getServiceList(NamingGrpcClientProxy.java:282)
	at com.alibaba.nacos.client.naming.remote.NamingClientProxyDelegate.getServiceList(NamingClientProxyDelegate.java:162)
	at com.alibaba.nacos.client.naming.NacosNamingService.getServicesOfServer(NacosNamingService.java:461)
	at com.alibaba.nacos.client.naming.NacosNamingService.getServicesOfServer(NacosNamingService.java:449)
	at com.alibaba.cloud.nacos.discovery.NacosServiceDiscovery.getServices(NacosServiceDiscovery.java:70)
	at com.alibaba.cloud.nacos.discovery.reactive.NacosReactiveDiscoveryClient.lambda$getServices$3(NacosReactiveDiscoveryClient.java:87)
	at reactor.core.publisher.FluxDefer.subscribe(FluxDefer.java:46)
	at reactor.core.publisher.FluxSubscribeOn$SubscribeOnSubscriber.run(FluxSubscribeOn.java:194)
	at reactor.core.scheduler.WorkerTask.call(WorkerTask.java:84)
	at reactor.core.scheduler.WorkerTask.call(WorkerTask.java:37)
	at java.util.concurrent.FutureTask.run$$$capture(FutureTask.java:266)
	at java.util.concurrent.FutureTask.run(FutureTask.java)
	at java.util.concurrent.ScheduledThreadPoolExecutor$ScheduledFutureTask.access$201(ScheduledThreadPoolExecutor.java:180)
	at java.util.concurrent.ScheduledThreadPoolExecutor$ScheduledFutureTask.run(ScheduledThreadPoolExecutor.java:293)
	at java.util.concurrent.ThreadPoolExecutor.runWorker(ThreadPoolExecutor.java:1149)
	at java.util.concurrent.ThreadPoolExecutor$Worker.run(ThreadPoolExecutor.java:624)
	at java.lang.Thread.run(Thread.java:748)
19:45:54.891 [boundedElastic-256] ERROR c.a.c.n.d.r.NacosReactiveDiscoveryClient - [lambda$getServices$3,94] - get services from nacos server fail,
com.alibaba.nacos.api.exception.NacosException: Client not connected, current status:UNHEALTHY
	at com.alibaba.nacos.common.remote.client.RpcClient.request(RpcClient.java:639)
	at com.alibaba.nacos.common.remote.client.RpcClient.request(RpcClient.java:619)
	at com.alibaba.nacos.client.naming.remote.gprc.NamingGrpcClientProxy.requestToServer(NamingGrpcClientProxy.java:356)
	at com.alibaba.nacos.client.naming.remote.gprc.NamingGrpcClientProxy.getServiceList(NamingGrpcClientProxy.java:282)
	at com.alibaba.nacos.client.naming.remote.NamingClientProxyDelegate.getServiceList(NamingClientProxyDelegate.java:162)
	at com.alibaba.nacos.client.naming.NacosNamingService.getServicesOfServer(NacosNamingService.java:461)
	at com.alibaba.nacos.client.naming.NacosNamingService.getServicesOfServer(NacosNamingService.java:449)
	at com.alibaba.cloud.nacos.discovery.NacosServiceDiscovery.getServices(NacosServiceDiscovery.java:70)
	at com.alibaba.cloud.nacos.discovery.reactive.NacosReactiveDiscoveryClient.lambda$getServices$3(NacosReactiveDiscoveryClient.java:87)
	at reactor.core.publisher.FluxDefer.subscribe(FluxDefer.java:46)
	at reactor.core.publisher.FluxSubscribeOn$SubscribeOnSubscriber.run(FluxSubscribeOn.java:194)
	at reactor.core.scheduler.WorkerTask.call(WorkerTask.java:84)
	at reactor.core.scheduler.WorkerTask.call(WorkerTask.java:37)
	at java.util.concurrent.FutureTask.run$$$capture(FutureTask.java:266)
	at java.util.concurrent.FutureTask.run(FutureTask.java)
	at java.util.concurrent.ScheduledThreadPoolExecutor$ScheduledFutureTask.access$201(ScheduledThreadPoolExecutor.java:180)
	at java.util.concurrent.ScheduledThreadPoolExecutor$ScheduledFutureTask.run(ScheduledThreadPoolExecutor.java:293)
	at java.util.concurrent.ThreadPoolExecutor.runWorker(ThreadPoolExecutor.java:1149)
	at java.util.concurrent.ThreadPoolExecutor$Worker.run(ThreadPoolExecutor.java:624)
	at java.lang.Thread.run(Thread.java:748)
19:45:54.891 [boundedElastic-267] ERROR c.a.c.n.d.r.NacosReactiveDiscoveryClient - [lambda$getServices$3,94] - get services from nacos server fail,
com.alibaba.nacos.api.exception.NacosException: Client not connected, current status:UNHEALTHY
	at com.alibaba.nacos.common.remote.client.RpcClient.request(RpcClient.java:639)
	at com.alibaba.nacos.common.remote.client.RpcClient.request(RpcClient.java:619)
	at com.alibaba.nacos.client.naming.remote.gprc.NamingGrpcClientProxy.requestToServer(NamingGrpcClientProxy.java:356)
	at com.alibaba.nacos.client.naming.remote.gprc.NamingGrpcClientProxy.getServiceList(NamingGrpcClientProxy.java:282)
	at com.alibaba.nacos.client.naming.remote.NamingClientProxyDelegate.getServiceList(NamingClientProxyDelegate.java:162)
	at com.alibaba.nacos.client.naming.NacosNamingService.getServicesOfServer(NacosNamingService.java:461)
	at com.alibaba.nacos.client.naming.NacosNamingService.getServicesOfServer(NacosNamingService.java:449)
	at com.alibaba.cloud.nacos.discovery.NacosServiceDiscovery.getServices(NacosServiceDiscovery.java:70)
	at com.alibaba.cloud.nacos.discovery.reactive.NacosReactiveDiscoveryClient.lambda$getServices$3(NacosReactiveDiscoveryClient.java:87)
	at reactor.core.publisher.FluxDefer.subscribe(FluxDefer.java:46)
	at reactor.core.publisher.FluxSubscribeOn$SubscribeOnSubscriber.run(FluxSubscribeOn.java:194)
	at reactor.core.scheduler.WorkerTask.call(WorkerTask.java:84)
	at reactor.core.scheduler.WorkerTask.call(WorkerTask.java:37)
	at java.util.concurrent.FutureTask.run$$$capture(FutureTask.java:266)
	at java.util.concurrent.FutureTask.run(FutureTask.java)
	at java.util.concurrent.ScheduledThreadPoolExecutor$ScheduledFutureTask.access$201(ScheduledThreadPoolExecutor.java:180)
	at java.util.concurrent.ScheduledThreadPoolExecutor$ScheduledFutureTask.run(ScheduledThreadPoolExecutor.java:293)
	at java.util.concurrent.ThreadPoolExecutor.runWorker(ThreadPoolExecutor.java:1149)
	at java.util.concurrent.ThreadPoolExecutor$Worker.run(ThreadPoolExecutor.java:624)
	at java.lang.Thread.run(Thread.java:748)
19:46:24.894 [boundedElastic-267] ERROR c.a.c.n.d.r.NacosReactiveDiscoveryClient - [lambda$getServices$3,94] - get services from nacos server fail,
com.alibaba.nacos.api.exception.NacosException: Client not connected, current status:UNHEALTHY
	at com.alibaba.nacos.common.remote.client.RpcClient.request(RpcClient.java:639)
	at com.alibaba.nacos.common.remote.client.RpcClient.request(RpcClient.java:619)
	at com.alibaba.nacos.client.naming.remote.gprc.NamingGrpcClientProxy.requestToServer(NamingGrpcClientProxy.java:356)
	at com.alibaba.nacos.client.naming.remote.gprc.NamingGrpcClientProxy.getServiceList(NamingGrpcClientProxy.java:282)
	at com.alibaba.nacos.client.naming.remote.NamingClientProxyDelegate.getServiceList(NamingClientProxyDelegate.java:162)
	at com.alibaba.nacos.client.naming.NacosNamingService.getServicesOfServer(NacosNamingService.java:461)
	at com.alibaba.nacos.client.naming.NacosNamingService.getServicesOfServer(NacosNamingService.java:449)
	at com.alibaba.cloud.nacos.discovery.NacosServiceDiscovery.getServices(NacosServiceDiscovery.java:70)
	at com.alibaba.cloud.nacos.discovery.reactive.NacosReactiveDiscoveryClient.lambda$getServices$3(NacosReactiveDiscoveryClient.java:87)
	at reactor.core.publisher.FluxDefer.subscribe(FluxDefer.java:46)
	at reactor.core.publisher.FluxSubscribeOn$SubscribeOnSubscriber.run(FluxSubscribeOn.java:194)
	at reactor.core.scheduler.WorkerTask.call(WorkerTask.java:84)
	at reactor.core.scheduler.WorkerTask.call(WorkerTask.java:37)
	at java.util.concurrent.FutureTask.run$$$capture(FutureTask.java:266)
	at java.util.concurrent.FutureTask.run(FutureTask.java)
	at java.util.concurrent.ScheduledThreadPoolExecutor$ScheduledFutureTask.access$201(ScheduledThreadPoolExecutor.java:180)
	at java.util.concurrent.ScheduledThreadPoolExecutor$ScheduledFutureTask.run(ScheduledThreadPoolExecutor.java:293)
	at java.util.concurrent.ThreadPoolExecutor.runWorker(ThreadPoolExecutor.java:1149)
	at java.util.concurrent.ThreadPoolExecutor$Worker.run(ThreadPoolExecutor.java:624)
	at java.lang.Thread.run(Thread.java:748)
19:46:24.894 [boundedElastic-256] ERROR c.a.c.n.d.r.NacosReactiveDiscoveryClient - [lambda$getServices$3,94] - get services from nacos server fail,
com.alibaba.nacos.api.exception.NacosException: Client not connected, current status:UNHEALTHY
	at com.alibaba.nacos.common.remote.client.RpcClient.request(RpcClient.java:639)
	at com.alibaba.nacos.common.remote.client.RpcClient.request(RpcClient.java:619)
	at com.alibaba.nacos.client.naming.remote.gprc.NamingGrpcClientProxy.requestToServer(NamingGrpcClientProxy.java:356)
	at com.alibaba.nacos.client.naming.remote.gprc.NamingGrpcClientProxy.getServiceList(NamingGrpcClientProxy.java:282)
	at com.alibaba.nacos.client.naming.remote.NamingClientProxyDelegate.getServiceList(NamingClientProxyDelegate.java:162)
	at com.alibaba.nacos.client.naming.NacosNamingService.getServicesOfServer(NacosNamingService.java:461)
	at com.alibaba.nacos.client.naming.NacosNamingService.getServicesOfServer(NacosNamingService.java:449)
	at com.alibaba.cloud.nacos.discovery.NacosServiceDiscovery.getServices(NacosServiceDiscovery.java:70)
	at com.alibaba.cloud.nacos.discovery.reactive.NacosReactiveDiscoveryClient.lambda$getServices$3(NacosReactiveDiscoveryClient.java:87)
	at reactor.core.publisher.FluxDefer.subscribe(FluxDefer.java:46)
	at reactor.core.publisher.FluxSubscribeOn$SubscribeOnSubscriber.run(FluxSubscribeOn.java:194)
	at reactor.core.scheduler.WorkerTask.call(WorkerTask.java:84)
	at reactor.core.scheduler.WorkerTask.call(WorkerTask.java:37)
	at java.util.concurrent.FutureTask.run$$$capture(FutureTask.java:266)
	at java.util.concurrent.FutureTask.run(FutureTask.java)
	at java.util.concurrent.ScheduledThreadPoolExecutor$ScheduledFutureTask.access$201(ScheduledThreadPoolExecutor.java:180)
	at java.util.concurrent.ScheduledThreadPoolExecutor$ScheduledFutureTask.run(ScheduledThreadPoolExecutor.java:293)
	at java.util.concurrent.ThreadPoolExecutor.runWorker(ThreadPoolExecutor.java:1149)
	at java.util.concurrent.ThreadPoolExecutor$Worker.run(ThreadPoolExecutor.java:624)
	at java.lang.Thread.run(Thread.java:748)
19:46:54.894 [boundedElastic-267] ERROR c.a.c.n.d.r.NacosReactiveDiscoveryClient - [lambda$getServices$3,94] - get services from nacos server fail,
com.alibaba.nacos.api.exception.NacosException: Client not connected, current status:UNHEALTHY
	at com.alibaba.nacos.common.remote.client.RpcClient.request(RpcClient.java:639)
	at com.alibaba.nacos.common.remote.client.RpcClient.request(RpcClient.java:619)
	at com.alibaba.nacos.client.naming.remote.gprc.NamingGrpcClientProxy.requestToServer(NamingGrpcClientProxy.java:356)
	at com.alibaba.nacos.client.naming.remote.gprc.NamingGrpcClientProxy.getServiceList(NamingGrpcClientProxy.java:282)
	at com.alibaba.nacos.client.naming.remote.NamingClientProxyDelegate.getServiceList(NamingClientProxyDelegate.java:162)
	at com.alibaba.nacos.client.naming.NacosNamingService.getServicesOfServer(NacosNamingService.java:461)
	at com.alibaba.nacos.client.naming.NacosNamingService.getServicesOfServer(NacosNamingService.java:449)
	at com.alibaba.cloud.nacos.discovery.NacosServiceDiscovery.getServices(NacosServiceDiscovery.java:70)
	at com.alibaba.cloud.nacos.discovery.reactive.NacosReactiveDiscoveryClient.lambda$getServices$3(NacosReactiveDiscoveryClient.java:87)
	at reactor.core.publisher.FluxDefer.subscribe(FluxDefer.java:46)
	at reactor.core.publisher.FluxSubscribeOn$SubscribeOnSubscriber.run(FluxSubscribeOn.java:194)
	at reactor.core.scheduler.WorkerTask.call(WorkerTask.java:84)
	at reactor.core.scheduler.WorkerTask.call(WorkerTask.java:37)
	at java.util.concurrent.FutureTask.run$$$capture(FutureTask.java:266)
	at java.util.concurrent.FutureTask.run(FutureTask.java)
	at java.util.concurrent.ScheduledThreadPoolExecutor$ScheduledFutureTask.access$201(ScheduledThreadPoolExecutor.java:180)
	at java.util.concurrent.ScheduledThreadPoolExecutor$ScheduledFutureTask.run(ScheduledThreadPoolExecutor.java:293)
	at java.util.concurrent.ThreadPoolExecutor.runWorker(ThreadPoolExecutor.java:1149)
	at java.util.concurrent.ThreadPoolExecutor$Worker.run(ThreadPoolExecutor.java:624)
	at java.lang.Thread.run(Thread.java:748)
19:46:54.894 [boundedElastic-256] ERROR c.a.c.n.d.r.NacosReactiveDiscoveryClient - [lambda$getServices$3,94] - get services from nacos server fail,
com.alibaba.nacos.api.exception.NacosException: Client not connected, current status:UNHEALTHY
	at com.alibaba.nacos.common.remote.client.RpcClient.request(RpcClient.java:639)
	at com.alibaba.nacos.common.remote.client.RpcClient.request(RpcClient.java:619)
	at com.alibaba.nacos.client.naming.remote.gprc.NamingGrpcClientProxy.requestToServer(NamingGrpcClientProxy.java:356)
	at com.alibaba.nacos.client.naming.remote.gprc.NamingGrpcClientProxy.getServiceList(NamingGrpcClientProxy.java:282)
	at com.alibaba.nacos.client.naming.remote.NamingClientProxyDelegate.getServiceList(NamingClientProxyDelegate.java:162)
	at com.alibaba.nacos.client.naming.NacosNamingService.getServicesOfServer(NacosNamingService.java:461)
	at com.alibaba.nacos.client.naming.NacosNamingService.getServicesOfServer(NacosNamingService.java:449)
	at com.alibaba.cloud.nacos.discovery.NacosServiceDiscovery.getServices(NacosServiceDiscovery.java:70)
	at com.alibaba.cloud.nacos.discovery.reactive.NacosReactiveDiscoveryClient.lambda$getServices$3(NacosReactiveDiscoveryClient.java:87)
	at reactor.core.publisher.FluxDefer.subscribe(FluxDefer.java:46)
	at reactor.core.publisher.FluxSubscribeOn$SubscribeOnSubscriber.run(FluxSubscribeOn.java:194)
	at reactor.core.scheduler.WorkerTask.call(WorkerTask.java:84)
	at reactor.core.scheduler.WorkerTask.call(WorkerTask.java:37)
	at java.util.concurrent.FutureTask.run$$$capture(FutureTask.java:266)
	at java.util.concurrent.FutureTask.run(FutureTask.java)
	at java.util.concurrent.ScheduledThreadPoolExecutor$ScheduledFutureTask.access$201(ScheduledThreadPoolExecutor.java:180)
	at java.util.concurrent.ScheduledThreadPoolExecutor$ScheduledFutureTask.run(ScheduledThreadPoolExecutor.java:293)
	at java.util.concurrent.ThreadPoolExecutor.runWorker(ThreadPoolExecutor.java:1149)
	at java.util.concurrent.ThreadPoolExecutor$Worker.run(ThreadPoolExecutor.java:624)
	at java.lang.Thread.run(Thread.java:748)
19:47:24.898 [boundedElastic-267] ERROR c.a.c.n.d.r.NacosReactiveDiscoveryClient - [lambda$getServices$3,94] - get services from nacos server fail,
com.alibaba.nacos.api.exception.NacosException: Client not connected, current status:UNHEALTHY
	at com.alibaba.nacos.common.remote.client.RpcClient.request(RpcClient.java:639)
	at com.alibaba.nacos.common.remote.client.RpcClient.request(RpcClient.java:619)
	at com.alibaba.nacos.client.naming.remote.gprc.NamingGrpcClientProxy.requestToServer(NamingGrpcClientProxy.java:356)
	at com.alibaba.nacos.client.naming.remote.gprc.NamingGrpcClientProxy.getServiceList(NamingGrpcClientProxy.java:282)
	at com.alibaba.nacos.client.naming.remote.NamingClientProxyDelegate.getServiceList(NamingClientProxyDelegate.java:162)
	at com.alibaba.nacos.client.naming.NacosNamingService.getServicesOfServer(NacosNamingService.java:461)
	at com.alibaba.nacos.client.naming.NacosNamingService.getServicesOfServer(NacosNamingService.java:449)
	at com.alibaba.cloud.nacos.discovery.NacosServiceDiscovery.getServices(NacosServiceDiscovery.java:70)
	at com.alibaba.cloud.nacos.discovery.reactive.NacosReactiveDiscoveryClient.lambda$getServices$3(NacosReactiveDiscoveryClient.java:87)
	at reactor.core.publisher.FluxDefer.subscribe(FluxDefer.java:46)
	at reactor.core.publisher.FluxSubscribeOn$SubscribeOnSubscriber.run(FluxSubscribeOn.java:194)
	at reactor.core.scheduler.WorkerTask.call(WorkerTask.java:84)
	at reactor.core.scheduler.WorkerTask.call(WorkerTask.java:37)
	at java.util.concurrent.FutureTask.run$$$capture(FutureTask.java:266)
	at java.util.concurrent.FutureTask.run(FutureTask.java)
	at java.util.concurrent.ScheduledThreadPoolExecutor$ScheduledFutureTask.access$201(ScheduledThreadPoolExecutor.java:180)
	at java.util.concurrent.ScheduledThreadPoolExecutor$ScheduledFutureTask.run(ScheduledThreadPoolExecutor.java:293)
	at java.util.concurrent.ThreadPoolExecutor.runWorker(ThreadPoolExecutor.java:1149)
	at java.util.concurrent.ThreadPoolExecutor$Worker.run(ThreadPoolExecutor.java:624)
	at java.lang.Thread.run(Thread.java:748)
19:47:24.898 [boundedElastic-256] ERROR c.a.c.n.d.r.NacosReactiveDiscoveryClient - [lambda$getServices$3,94] - get services from nacos server fail,
com.alibaba.nacos.api.exception.NacosException: Client not connected, current status:UNHEALTHY
	at com.alibaba.nacos.common.remote.client.RpcClient.request(RpcClient.java:639)
	at com.alibaba.nacos.common.remote.client.RpcClient.request(RpcClient.java:619)
	at com.alibaba.nacos.client.naming.remote.gprc.NamingGrpcClientProxy.requestToServer(NamingGrpcClientProxy.java:356)
	at com.alibaba.nacos.client.naming.remote.gprc.NamingGrpcClientProxy.getServiceList(NamingGrpcClientProxy.java:282)
	at com.alibaba.nacos.client.naming.remote.NamingClientProxyDelegate.getServiceList(NamingClientProxyDelegate.java:162)
	at com.alibaba.nacos.client.naming.NacosNamingService.getServicesOfServer(NacosNamingService.java:461)
	at com.alibaba.nacos.client.naming.NacosNamingService.getServicesOfServer(NacosNamingService.java:449)
	at com.alibaba.cloud.nacos.discovery.NacosServiceDiscovery.getServices(NacosServiceDiscovery.java:70)
	at com.alibaba.cloud.nacos.discovery.reactive.NacosReactiveDiscoveryClient.lambda$getServices$3(NacosReactiveDiscoveryClient.java:87)
	at reactor.core.publisher.FluxDefer.subscribe(FluxDefer.java:46)
	at reactor.core.publisher.FluxSubscribeOn$SubscribeOnSubscriber.run(FluxSubscribeOn.java:194)
	at reactor.core.scheduler.WorkerTask.call(WorkerTask.java:84)
	at reactor.core.scheduler.WorkerTask.call(WorkerTask.java:37)
	at java.util.concurrent.FutureTask.run$$$capture(FutureTask.java:266)
	at java.util.concurrent.FutureTask.run(FutureTask.java)
	at java.util.concurrent.ScheduledThreadPoolExecutor$ScheduledFutureTask.access$201(ScheduledThreadPoolExecutor.java:180)
	at java.util.concurrent.ScheduledThreadPoolExecutor$ScheduledFutureTask.run(ScheduledThreadPoolExecutor.java:293)
	at java.util.concurrent.ThreadPoolExecutor.runWorker(ThreadPoolExecutor.java:1149)
	at java.util.concurrent.ThreadPoolExecutor$Worker.run(ThreadPoolExecutor.java:624)
	at java.lang.Thread.run(Thread.java:748)
19:47:54.902 [boundedElastic-267] ERROR c.a.c.n.d.r.NacosReactiveDiscoveryClient - [lambda$getServices$3,94] - get services from nacos server fail,
com.alibaba.nacos.api.exception.NacosException: Client not connected, current status:UNHEALTHY
	at com.alibaba.nacos.common.remote.client.RpcClient.request(RpcClient.java:639)
	at com.alibaba.nacos.common.remote.client.RpcClient.request(RpcClient.java:619)
	at com.alibaba.nacos.client.naming.remote.gprc.NamingGrpcClientProxy.requestToServer(NamingGrpcClientProxy.java:356)
	at com.alibaba.nacos.client.naming.remote.gprc.NamingGrpcClientProxy.getServiceList(NamingGrpcClientProxy.java:282)
	at com.alibaba.nacos.client.naming.remote.NamingClientProxyDelegate.getServiceList(NamingClientProxyDelegate.java:162)
	at com.alibaba.nacos.client.naming.NacosNamingService.getServicesOfServer(NacosNamingService.java:461)
	at com.alibaba.nacos.client.naming.NacosNamingService.getServicesOfServer(NacosNamingService.java:449)
	at com.alibaba.cloud.nacos.discovery.NacosServiceDiscovery.getServices(NacosServiceDiscovery.java:70)
	at com.alibaba.cloud.nacos.discovery.reactive.NacosReactiveDiscoveryClient.lambda$getServices$3(NacosReactiveDiscoveryClient.java:87)
	at reactor.core.publisher.FluxDefer.subscribe(FluxDefer.java:46)
	at reactor.core.publisher.FluxSubscribeOn$SubscribeOnSubscriber.run(FluxSubscribeOn.java:194)
	at reactor.core.scheduler.WorkerTask.call(WorkerTask.java:84)
	at reactor.core.scheduler.WorkerTask.call(WorkerTask.java:37)
	at java.util.concurrent.FutureTask.run$$$capture(FutureTask.java:266)
	at java.util.concurrent.FutureTask.run(FutureTask.java)
	at java.util.concurrent.ScheduledThreadPoolExecutor$ScheduledFutureTask.access$201(ScheduledThreadPoolExecutor.java:180)
	at java.util.concurrent.ScheduledThreadPoolExecutor$ScheduledFutureTask.run(ScheduledThreadPoolExecutor.java:293)
	at java.util.concurrent.ThreadPoolExecutor.runWorker(ThreadPoolExecutor.java:1149)
	at java.util.concurrent.ThreadPoolExecutor$Worker.run(ThreadPoolExecutor.java:624)
	at java.lang.Thread.run(Thread.java:748)
19:47:54.902 [boundedElastic-256] ERROR c.a.c.n.d.r.NacosReactiveDiscoveryClient - [lambda$getServices$3,94] - get services from nacos server fail,
com.alibaba.nacos.api.exception.NacosException: Client not connected, current status:UNHEALTHY
	at com.alibaba.nacos.common.remote.client.RpcClient.request(RpcClient.java:639)
	at com.alibaba.nacos.common.remote.client.RpcClient.request(RpcClient.java:619)
	at com.alibaba.nacos.client.naming.remote.gprc.NamingGrpcClientProxy.requestToServer(NamingGrpcClientProxy.java:356)
	at com.alibaba.nacos.client.naming.remote.gprc.NamingGrpcClientProxy.getServiceList(NamingGrpcClientProxy.java:282)
	at com.alibaba.nacos.client.naming.remote.NamingClientProxyDelegate.getServiceList(NamingClientProxyDelegate.java:162)
	at com.alibaba.nacos.client.naming.NacosNamingService.getServicesOfServer(NacosNamingService.java:461)
	at com.alibaba.nacos.client.naming.NacosNamingService.getServicesOfServer(NacosNamingService.java:449)
	at com.alibaba.cloud.nacos.discovery.NacosServiceDiscovery.getServices(NacosServiceDiscovery.java:70)
	at com.alibaba.cloud.nacos.discovery.reactive.NacosReactiveDiscoveryClient.lambda$getServices$3(NacosReactiveDiscoveryClient.java:87)
	at reactor.core.publisher.FluxDefer.subscribe(FluxDefer.java:46)
	at reactor.core.publisher.FluxSubscribeOn$SubscribeOnSubscriber.run(FluxSubscribeOn.java:194)
	at reactor.core.scheduler.WorkerTask.call(WorkerTask.java:84)
	at reactor.core.scheduler.WorkerTask.call(WorkerTask.java:37)
	at java.util.concurrent.FutureTask.run$$$capture(FutureTask.java:266)
	at java.util.concurrent.FutureTask.run(FutureTask.java)
	at java.util.concurrent.ScheduledThreadPoolExecutor$ScheduledFutureTask.access$201(ScheduledThreadPoolExecutor.java:180)
	at java.util.concurrent.ScheduledThreadPoolExecutor$ScheduledFutureTask.run(ScheduledThreadPoolExecutor.java:293)
	at java.util.concurrent.ThreadPoolExecutor.runWorker(ThreadPoolExecutor.java:1149)
	at java.util.concurrent.ThreadPoolExecutor$Worker.run(ThreadPoolExecutor.java:624)
	at java.lang.Thread.run(Thread.java:748)
19:48:24.906 [boundedElastic-256] ERROR c.a.c.n.d.r.NacosReactiveDiscoveryClient - [lambda$getServices$3,94] - get services from nacos server fail,
com.alibaba.nacos.api.exception.NacosException: Client not connected, current status:UNHEALTHY
	at com.alibaba.nacos.common.remote.client.RpcClient.request(RpcClient.java:639)
	at com.alibaba.nacos.common.remote.client.RpcClient.request(RpcClient.java:619)
	at com.alibaba.nacos.client.naming.remote.gprc.NamingGrpcClientProxy.requestToServer(NamingGrpcClientProxy.java:356)
	at com.alibaba.nacos.client.naming.remote.gprc.NamingGrpcClientProxy.getServiceList(NamingGrpcClientProxy.java:282)
	at com.alibaba.nacos.client.naming.remote.NamingClientProxyDelegate.getServiceList(NamingClientProxyDelegate.java:162)
	at com.alibaba.nacos.client.naming.NacosNamingService.getServicesOfServer(NacosNamingService.java:461)
	at com.alibaba.nacos.client.naming.NacosNamingService.getServicesOfServer(NacosNamingService.java:449)
	at com.alibaba.cloud.nacos.discovery.NacosServiceDiscovery.getServices(NacosServiceDiscovery.java:70)
	at com.alibaba.cloud.nacos.discovery.reactive.NacosReactiveDiscoveryClient.lambda$getServices$3(NacosReactiveDiscoveryClient.java:87)
	at reactor.core.publisher.FluxDefer.subscribe(FluxDefer.java:46)
	at reactor.core.publisher.FluxSubscribeOn$SubscribeOnSubscriber.run(FluxSubscribeOn.java:194)
	at reactor.core.scheduler.WorkerTask.call(WorkerTask.java:84)
	at reactor.core.scheduler.WorkerTask.call(WorkerTask.java:37)
	at java.util.concurrent.FutureTask.run$$$capture(FutureTask.java:266)
	at java.util.concurrent.FutureTask.run(FutureTask.java)
	at java.util.concurrent.ScheduledThreadPoolExecutor$ScheduledFutureTask.access$201(ScheduledThreadPoolExecutor.java:180)
	at java.util.concurrent.ScheduledThreadPoolExecutor$ScheduledFutureTask.run(ScheduledThreadPoolExecutor.java:293)
	at java.util.concurrent.ThreadPoolExecutor.runWorker(ThreadPoolExecutor.java:1149)
	at java.util.concurrent.ThreadPoolExecutor$Worker.run(ThreadPoolExecutor.java:624)
	at java.lang.Thread.run(Thread.java:748)
19:48:24.906 [boundedElastic-267] ERROR c.a.c.n.d.r.NacosReactiveDiscoveryClient - [lambda$getServices$3,94] - get services from nacos server fail,
com.alibaba.nacos.api.exception.NacosException: Client not connected, current status:UNHEALTHY
	at com.alibaba.nacos.common.remote.client.RpcClient.request(RpcClient.java:639)
	at com.alibaba.nacos.common.remote.client.RpcClient.request(RpcClient.java:619)
	at com.alibaba.nacos.client.naming.remote.gprc.NamingGrpcClientProxy.requestToServer(NamingGrpcClientProxy.java:356)
	at com.alibaba.nacos.client.naming.remote.gprc.NamingGrpcClientProxy.getServiceList(NamingGrpcClientProxy.java:282)
	at com.alibaba.nacos.client.naming.remote.NamingClientProxyDelegate.getServiceList(NamingClientProxyDelegate.java:162)
	at com.alibaba.nacos.client.naming.NacosNamingService.getServicesOfServer(NacosNamingService.java:461)
	at com.alibaba.nacos.client.naming.NacosNamingService.getServicesOfServer(NacosNamingService.java:449)
	at com.alibaba.cloud.nacos.discovery.NacosServiceDiscovery.getServices(NacosServiceDiscovery.java:70)
	at com.alibaba.cloud.nacos.discovery.reactive.NacosReactiveDiscoveryClient.lambda$getServices$3(NacosReactiveDiscoveryClient.java:87)
	at reactor.core.publisher.FluxDefer.subscribe(FluxDefer.java:46)
	at reactor.core.publisher.FluxSubscribeOn$SubscribeOnSubscriber.run(FluxSubscribeOn.java:194)
	at reactor.core.scheduler.WorkerTask.call(WorkerTask.java:84)
	at reactor.core.scheduler.WorkerTask.call(WorkerTask.java:37)
	at java.util.concurrent.FutureTask.run$$$capture(FutureTask.java:266)
	at java.util.concurrent.FutureTask.run(FutureTask.java)
	at java.util.concurrent.ScheduledThreadPoolExecutor$ScheduledFutureTask.access$201(ScheduledThreadPoolExecutor.java:180)
	at java.util.concurrent.ScheduledThreadPoolExecutor$ScheduledFutureTask.run(ScheduledThreadPoolExecutor.java:293)
	at java.util.concurrent.ThreadPoolExecutor.runWorker(ThreadPoolExecutor.java:1149)
	at java.util.concurrent.ThreadPoolExecutor$Worker.run(ThreadPoolExecutor.java:624)
	at java.lang.Thread.run(Thread.java:748)
19:48:54.903 [boundedElastic-256] ERROR c.a.c.n.d.r.NacosReactiveDiscoveryClient - [lambda$getServices$3,94] - get services from nacos server fail,
com.alibaba.nacos.api.exception.NacosException: Client not connected, current status:UNHEALTHY
	at com.alibaba.nacos.common.remote.client.RpcClient.request(RpcClient.java:639)
	at com.alibaba.nacos.common.remote.client.RpcClient.request(RpcClient.java:619)
	at com.alibaba.nacos.client.naming.remote.gprc.NamingGrpcClientProxy.requestToServer(NamingGrpcClientProxy.java:356)
	at com.alibaba.nacos.client.naming.remote.gprc.NamingGrpcClientProxy.getServiceList(NamingGrpcClientProxy.java:282)
	at com.alibaba.nacos.client.naming.remote.NamingClientProxyDelegate.getServiceList(NamingClientProxyDelegate.java:162)
	at com.alibaba.nacos.client.naming.NacosNamingService.getServicesOfServer(NacosNamingService.java:461)
	at com.alibaba.nacos.client.naming.NacosNamingService.getServicesOfServer(NacosNamingService.java:449)
	at com.alibaba.cloud.nacos.discovery.NacosServiceDiscovery.getServices(NacosServiceDiscovery.java:70)
	at com.alibaba.cloud.nacos.discovery.reactive.NacosReactiveDiscoveryClient.lambda$getServices$3(NacosReactiveDiscoveryClient.java:87)
	at reactor.core.publisher.FluxDefer.subscribe(FluxDefer.java:46)
	at reactor.core.publisher.FluxSubscribeOn$SubscribeOnSubscriber.run(FluxSubscribeOn.java:194)
	at reactor.core.scheduler.WorkerTask.call(WorkerTask.java:84)
	at reactor.core.scheduler.WorkerTask.call(WorkerTask.java:37)
	at java.util.concurrent.FutureTask.run$$$capture(FutureTask.java:266)
	at java.util.concurrent.FutureTask.run(FutureTask.java)
	at java.util.concurrent.ScheduledThreadPoolExecutor$ScheduledFutureTask.access$201(ScheduledThreadPoolExecutor.java:180)
	at java.util.concurrent.ScheduledThreadPoolExecutor$ScheduledFutureTask.run(ScheduledThreadPoolExecutor.java:293)
	at java.util.concurrent.ThreadPoolExecutor.runWorker(ThreadPoolExecutor.java:1149)
	at java.util.concurrent.ThreadPoolExecutor$Worker.run(ThreadPoolExecutor.java:624)
	at java.lang.Thread.run(Thread.java:748)
19:48:54.904 [boundedElastic-267] ERROR c.a.c.n.d.r.NacosReactiveDiscoveryClient - [lambda$getServices$3,94] - get services from nacos server fail,
com.alibaba.nacos.api.exception.NacosException: Client not connected, current status:UNHEALTHY
	at com.alibaba.nacos.common.remote.client.RpcClient.request(RpcClient.java:639)
	at com.alibaba.nacos.common.remote.client.RpcClient.request(RpcClient.java:619)
	at com.alibaba.nacos.client.naming.remote.gprc.NamingGrpcClientProxy.requestToServer(NamingGrpcClientProxy.java:356)
	at com.alibaba.nacos.client.naming.remote.gprc.NamingGrpcClientProxy.getServiceList(NamingGrpcClientProxy.java:282)
	at com.alibaba.nacos.client.naming.remote.NamingClientProxyDelegate.getServiceList(NamingClientProxyDelegate.java:162)
	at com.alibaba.nacos.client.naming.NacosNamingService.getServicesOfServer(NacosNamingService.java:461)
	at com.alibaba.nacos.client.naming.NacosNamingService.getServicesOfServer(NacosNamingService.java:449)
	at com.alibaba.cloud.nacos.discovery.NacosServiceDiscovery.getServices(NacosServiceDiscovery.java:70)
	at com.alibaba.cloud.nacos.discovery.reactive.NacosReactiveDiscoveryClient.lambda$getServices$3(NacosReactiveDiscoveryClient.java:87)
	at reactor.core.publisher.FluxDefer.subscribe(FluxDefer.java:46)
	at reactor.core.publisher.FluxSubscribeOn$SubscribeOnSubscriber.run(FluxSubscribeOn.java:194)
	at reactor.core.scheduler.WorkerTask.call(WorkerTask.java:84)
	at reactor.core.scheduler.WorkerTask.call(WorkerTask.java:37)
	at java.util.concurrent.FutureTask.run$$$capture(FutureTask.java:266)
	at java.util.concurrent.FutureTask.run(FutureTask.java)
	at java.util.concurrent.ScheduledThreadPoolExecutor$ScheduledFutureTask.access$201(ScheduledThreadPoolExecutor.java:180)
	at java.util.concurrent.ScheduledThreadPoolExecutor$ScheduledFutureTask.run(ScheduledThreadPoolExecutor.java:293)
	at java.util.concurrent.ThreadPoolExecutor.runWorker(ThreadPoolExecutor.java:1149)
	at java.util.concurrent.ThreadPoolExecutor$Worker.run(ThreadPoolExecutor.java:624)
	at java.lang.Thread.run(Thread.java:748)
19:49:24.907 [boundedElastic-256] ERROR c.a.c.n.d.r.NacosReactiveDiscoveryClient - [lambda$getServices$3,94] - get services from nacos server fail,
com.alibaba.nacos.api.exception.NacosException: Client not connected, current status:UNHEALTHY
	at com.alibaba.nacos.common.remote.client.RpcClient.request(RpcClient.java:639)
	at com.alibaba.nacos.common.remote.client.RpcClient.request(RpcClient.java:619)
	at com.alibaba.nacos.client.naming.remote.gprc.NamingGrpcClientProxy.requestToServer(NamingGrpcClientProxy.java:356)
	at com.alibaba.nacos.client.naming.remote.gprc.NamingGrpcClientProxy.getServiceList(NamingGrpcClientProxy.java:282)
	at com.alibaba.nacos.client.naming.remote.NamingClientProxyDelegate.getServiceList(NamingClientProxyDelegate.java:162)
	at com.alibaba.nacos.client.naming.NacosNamingService.getServicesOfServer(NacosNamingService.java:461)
	at com.alibaba.nacos.client.naming.NacosNamingService.getServicesOfServer(NacosNamingService.java:449)
	at com.alibaba.cloud.nacos.discovery.NacosServiceDiscovery.getServices(NacosServiceDiscovery.java:70)
	at com.alibaba.cloud.nacos.discovery.reactive.NacosReactiveDiscoveryClient.lambda$getServices$3(NacosReactiveDiscoveryClient.java:87)
	at reactor.core.publisher.FluxDefer.subscribe(FluxDefer.java:46)
	at reactor.core.publisher.FluxSubscribeOn$SubscribeOnSubscriber.run(FluxSubscribeOn.java:194)
	at reactor.core.scheduler.WorkerTask.call(WorkerTask.java:84)
	at reactor.core.scheduler.WorkerTask.call(WorkerTask.java:37)
	at java.util.concurrent.FutureTask.run$$$capture(FutureTask.java:266)
	at java.util.concurrent.FutureTask.run(FutureTask.java)
	at java.util.concurrent.ScheduledThreadPoolExecutor$ScheduledFutureTask.access$201(ScheduledThreadPoolExecutor.java:180)
	at java.util.concurrent.ScheduledThreadPoolExecutor$ScheduledFutureTask.run(ScheduledThreadPoolExecutor.java:293)
	at java.util.concurrent.ThreadPoolExecutor.runWorker(ThreadPoolExecutor.java:1149)
	at java.util.concurrent.ThreadPoolExecutor$Worker.run(ThreadPoolExecutor.java:624)
	at java.lang.Thread.run(Thread.java:748)
19:49:24.907 [boundedElastic-267] ERROR c.a.c.n.d.r.NacosReactiveDiscoveryClient - [lambda$getServices$3,94] - get services from nacos server fail,
com.alibaba.nacos.api.exception.NacosException: Client not connected, current status:UNHEALTHY
	at com.alibaba.nacos.common.remote.client.RpcClient.request(RpcClient.java:639)
	at com.alibaba.nacos.common.remote.client.RpcClient.request(RpcClient.java:619)
	at com.alibaba.nacos.client.naming.remote.gprc.NamingGrpcClientProxy.requestToServer(NamingGrpcClientProxy.java:356)
	at com.alibaba.nacos.client.naming.remote.gprc.NamingGrpcClientProxy.getServiceList(NamingGrpcClientProxy.java:282)
	at com.alibaba.nacos.client.naming.remote.NamingClientProxyDelegate.getServiceList(NamingClientProxyDelegate.java:162)
	at com.alibaba.nacos.client.naming.NacosNamingService.getServicesOfServer(NacosNamingService.java:461)
	at com.alibaba.nacos.client.naming.NacosNamingService.getServicesOfServer(NacosNamingService.java:449)
	at com.alibaba.cloud.nacos.discovery.NacosServiceDiscovery.getServices(NacosServiceDiscovery.java:70)
	at com.alibaba.cloud.nacos.discovery.reactive.NacosReactiveDiscoveryClient.lambda$getServices$3(NacosReactiveDiscoveryClient.java:87)
	at reactor.core.publisher.FluxDefer.subscribe(FluxDefer.java:46)
	at reactor.core.publisher.FluxSubscribeOn$SubscribeOnSubscriber.run(FluxSubscribeOn.java:194)
	at reactor.core.scheduler.WorkerTask.call(WorkerTask.java:84)
	at reactor.core.scheduler.WorkerTask.call(WorkerTask.java:37)
	at java.util.concurrent.FutureTask.run$$$capture(FutureTask.java:266)
	at java.util.concurrent.FutureTask.run(FutureTask.java)
	at java.util.concurrent.ScheduledThreadPoolExecutor$ScheduledFutureTask.access$201(ScheduledThreadPoolExecutor.java:180)
	at java.util.concurrent.ScheduledThreadPoolExecutor$ScheduledFutureTask.run(ScheduledThreadPoolExecutor.java:293)
	at java.util.concurrent.ThreadPoolExecutor.runWorker(ThreadPoolExecutor.java:1149)
	at java.util.concurrent.ThreadPoolExecutor$Worker.run(ThreadPoolExecutor.java:624)
	at java.lang.Thread.run(Thread.java:748)
19:49:54.908 [boundedElastic-256] ERROR c.a.c.n.d.r.NacosReactiveDiscoveryClient - [lambda$getServices$3,94] - get services from nacos server fail,
com.alibaba.nacos.api.exception.NacosException: Client not connected, current status:UNHEALTHY
	at com.alibaba.nacos.common.remote.client.RpcClient.request(RpcClient.java:639)
	at com.alibaba.nacos.common.remote.client.RpcClient.request(RpcClient.java:619)
	at com.alibaba.nacos.client.naming.remote.gprc.NamingGrpcClientProxy.requestToServer(NamingGrpcClientProxy.java:356)
	at com.alibaba.nacos.client.naming.remote.gprc.NamingGrpcClientProxy.getServiceList(NamingGrpcClientProxy.java:282)
	at com.alibaba.nacos.client.naming.remote.NamingClientProxyDelegate.getServiceList(NamingClientProxyDelegate.java:162)
	at com.alibaba.nacos.client.naming.NacosNamingService.getServicesOfServer(NacosNamingService.java:461)
	at com.alibaba.nacos.client.naming.NacosNamingService.getServicesOfServer(NacosNamingService.java:449)
	at com.alibaba.cloud.nacos.discovery.NacosServiceDiscovery.getServices(NacosServiceDiscovery.java:70)
	at com.alibaba.cloud.nacos.discovery.reactive.NacosReactiveDiscoveryClient.lambda$getServices$3(NacosReactiveDiscoveryClient.java:87)
	at reactor.core.publisher.FluxDefer.subscribe(FluxDefer.java:46)
	at reactor.core.publisher.FluxSubscribeOn$SubscribeOnSubscriber.run(FluxSubscribeOn.java:194)
	at reactor.core.scheduler.WorkerTask.call(WorkerTask.java:84)
	at reactor.core.scheduler.WorkerTask.call(WorkerTask.java:37)
	at java.util.concurrent.FutureTask.run$$$capture(FutureTask.java:266)
	at java.util.concurrent.FutureTask.run(FutureTask.java)
	at java.util.concurrent.ScheduledThreadPoolExecutor$ScheduledFutureTask.access$201(ScheduledThreadPoolExecutor.java:180)
	at java.util.concurrent.ScheduledThreadPoolExecutor$ScheduledFutureTask.run(ScheduledThreadPoolExecutor.java:293)
	at java.util.concurrent.ThreadPoolExecutor.runWorker(ThreadPoolExecutor.java:1149)
	at java.util.concurrent.ThreadPoolExecutor$Worker.run(ThreadPoolExecutor.java:624)
	at java.lang.Thread.run(Thread.java:748)
19:49:54.908 [boundedElastic-267] ERROR c.a.c.n.d.r.NacosReactiveDiscoveryClient - [lambda$getServices$3,94] - get services from nacos server fail,
com.alibaba.nacos.api.exception.NacosException: Client not connected, current status:UNHEALTHY
	at com.alibaba.nacos.common.remote.client.RpcClient.request(RpcClient.java:639)
	at com.alibaba.nacos.common.remote.client.RpcClient.request(RpcClient.java:619)
	at com.alibaba.nacos.client.naming.remote.gprc.NamingGrpcClientProxy.requestToServer(NamingGrpcClientProxy.java:356)
	at com.alibaba.nacos.client.naming.remote.gprc.NamingGrpcClientProxy.getServiceList(NamingGrpcClientProxy.java:282)
	at com.alibaba.nacos.client.naming.remote.NamingClientProxyDelegate.getServiceList(NamingClientProxyDelegate.java:162)
	at com.alibaba.nacos.client.naming.NacosNamingService.getServicesOfServer(NacosNamingService.java:461)
	at com.alibaba.nacos.client.naming.NacosNamingService.getServicesOfServer(NacosNamingService.java:449)
	at com.alibaba.cloud.nacos.discovery.NacosServiceDiscovery.getServices(NacosServiceDiscovery.java:70)
	at com.alibaba.cloud.nacos.discovery.reactive.NacosReactiveDiscoveryClient.lambda$getServices$3(NacosReactiveDiscoveryClient.java:87)
	at reactor.core.publisher.FluxDefer.subscribe(FluxDefer.java:46)
	at reactor.core.publisher.FluxSubscribeOn$SubscribeOnSubscriber.run(FluxSubscribeOn.java:194)
	at reactor.core.scheduler.WorkerTask.call(WorkerTask.java:84)
	at reactor.core.scheduler.WorkerTask.call(WorkerTask.java:37)
	at java.util.concurrent.FutureTask.run$$$capture(FutureTask.java:266)
	at java.util.concurrent.FutureTask.run(FutureTask.java)
	at java.util.concurrent.ScheduledThreadPoolExecutor$ScheduledFutureTask.access$201(ScheduledThreadPoolExecutor.java:180)
	at java.util.concurrent.ScheduledThreadPoolExecutor$ScheduledFutureTask.run(ScheduledThreadPoolExecutor.java:293)
	at java.util.concurrent.ThreadPoolExecutor.runWorker(ThreadPoolExecutor.java:1149)
	at java.util.concurrent.ThreadPoolExecutor$Worker.run(ThreadPoolExecutor.java:624)
	at java.lang.Thread.run(Thread.java:748)
19:50:24.907 [boundedElastic-256] ERROR c.a.c.n.d.r.NacosReactiveDiscoveryClient - [lambda$getServices$3,94] - get services from nacos server fail,
com.alibaba.nacos.api.exception.NacosException: Client not connected, current status:UNHEALTHY
	at com.alibaba.nacos.common.remote.client.RpcClient.request(RpcClient.java:639)
	at com.alibaba.nacos.common.remote.client.RpcClient.request(RpcClient.java:619)
	at com.alibaba.nacos.client.naming.remote.gprc.NamingGrpcClientProxy.requestToServer(NamingGrpcClientProxy.java:356)
	at com.alibaba.nacos.client.naming.remote.gprc.NamingGrpcClientProxy.getServiceList(NamingGrpcClientProxy.java:282)
	at com.alibaba.nacos.client.naming.remote.NamingClientProxyDelegate.getServiceList(NamingClientProxyDelegate.java:162)
	at com.alibaba.nacos.client.naming.NacosNamingService.getServicesOfServer(NacosNamingService.java:461)
	at com.alibaba.nacos.client.naming.NacosNamingService.getServicesOfServer(NacosNamingService.java:449)
	at com.alibaba.cloud.nacos.discovery.NacosServiceDiscovery.getServices(NacosServiceDiscovery.java:70)
	at com.alibaba.cloud.nacos.discovery.reactive.NacosReactiveDiscoveryClient.lambda$getServices$3(NacosReactiveDiscoveryClient.java:87)
	at reactor.core.publisher.FluxDefer.subscribe(FluxDefer.java:46)
	at reactor.core.publisher.FluxSubscribeOn$SubscribeOnSubscriber.run(FluxSubscribeOn.java:194)
	at reactor.core.scheduler.WorkerTask.call(WorkerTask.java:84)
	at reactor.core.scheduler.WorkerTask.call(WorkerTask.java:37)
	at java.util.concurrent.FutureTask.run$$$capture(FutureTask.java:266)
	at java.util.concurrent.FutureTask.run(FutureTask.java)
	at java.util.concurrent.ScheduledThreadPoolExecutor$ScheduledFutureTask.access$201(ScheduledThreadPoolExecutor.java:180)
	at java.util.concurrent.ScheduledThreadPoolExecutor$ScheduledFutureTask.run(ScheduledThreadPoolExecutor.java:293)
	at java.util.concurrent.ThreadPoolExecutor.runWorker(ThreadPoolExecutor.java:1149)
	at java.util.concurrent.ThreadPoolExecutor$Worker.run(ThreadPoolExecutor.java:624)
	at java.lang.Thread.run(Thread.java:748)
19:50:24.907 [boundedElastic-267] ERROR c.a.c.n.d.r.NacosReactiveDiscoveryClient - [lambda$getServices$3,94] - get services from nacos server fail,
com.alibaba.nacos.api.exception.NacosException: Client not connected, current status:UNHEALTHY
	at com.alibaba.nacos.common.remote.client.RpcClient.request(RpcClient.java:639)
	at com.alibaba.nacos.common.remote.client.RpcClient.request(RpcClient.java:619)
	at com.alibaba.nacos.client.naming.remote.gprc.NamingGrpcClientProxy.requestToServer(NamingGrpcClientProxy.java:356)
	at com.alibaba.nacos.client.naming.remote.gprc.NamingGrpcClientProxy.getServiceList(NamingGrpcClientProxy.java:282)
	at com.alibaba.nacos.client.naming.remote.NamingClientProxyDelegate.getServiceList(NamingClientProxyDelegate.java:162)
	at com.alibaba.nacos.client.naming.NacosNamingService.getServicesOfServer(NacosNamingService.java:461)
	at com.alibaba.nacos.client.naming.NacosNamingService.getServicesOfServer(NacosNamingService.java:449)
	at com.alibaba.cloud.nacos.discovery.NacosServiceDiscovery.getServices(NacosServiceDiscovery.java:70)
	at com.alibaba.cloud.nacos.discovery.reactive.NacosReactiveDiscoveryClient.lambda$getServices$3(NacosReactiveDiscoveryClient.java:87)
	at reactor.core.publisher.FluxDefer.subscribe(FluxDefer.java:46)
	at reactor.core.publisher.FluxSubscribeOn$SubscribeOnSubscriber.run(FluxSubscribeOn.java:194)
	at reactor.core.scheduler.WorkerTask.call(WorkerTask.java:84)
	at reactor.core.scheduler.WorkerTask.call(WorkerTask.java:37)
	at java.util.concurrent.FutureTask.run$$$capture(FutureTask.java:266)
	at java.util.concurrent.FutureTask.run(FutureTask.java)
	at java.util.concurrent.ScheduledThreadPoolExecutor$ScheduledFutureTask.access$201(ScheduledThreadPoolExecutor.java:180)
	at java.util.concurrent.ScheduledThreadPoolExecutor$ScheduledFutureTask.run(ScheduledThreadPoolExecutor.java:293)
	at java.util.concurrent.ThreadPoolExecutor.runWorker(ThreadPoolExecutor.java:1149)
	at java.util.concurrent.ThreadPoolExecutor$Worker.run(ThreadPoolExecutor.java:624)
	at java.lang.Thread.run(Thread.java:748)
19:50:54.911 [boundedElastic-256] ERROR c.a.c.n.d.r.NacosReactiveDiscoveryClient - [lambda$getServices$3,94] - get services from nacos server fail,
com.alibaba.nacos.api.exception.NacosException: Client not connected, current status:UNHEALTHY
	at com.alibaba.nacos.common.remote.client.RpcClient.request(RpcClient.java:639)
	at com.alibaba.nacos.common.remote.client.RpcClient.request(RpcClient.java:619)
	at com.alibaba.nacos.client.naming.remote.gprc.NamingGrpcClientProxy.requestToServer(NamingGrpcClientProxy.java:356)
	at com.alibaba.nacos.client.naming.remote.gprc.NamingGrpcClientProxy.getServiceList(NamingGrpcClientProxy.java:282)
	at com.alibaba.nacos.client.naming.remote.NamingClientProxyDelegate.getServiceList(NamingClientProxyDelegate.java:162)
	at com.alibaba.nacos.client.naming.NacosNamingService.getServicesOfServer(NacosNamingService.java:461)
	at com.alibaba.nacos.client.naming.NacosNamingService.getServicesOfServer(NacosNamingService.java:449)
	at com.alibaba.cloud.nacos.discovery.NacosServiceDiscovery.getServices(NacosServiceDiscovery.java:70)
	at com.alibaba.cloud.nacos.discovery.reactive.NacosReactiveDiscoveryClient.lambda$getServices$3(NacosReactiveDiscoveryClient.java:87)
	at reactor.core.publisher.FluxDefer.subscribe(FluxDefer.java:46)
	at reactor.core.publisher.FluxSubscribeOn$SubscribeOnSubscriber.run(FluxSubscribeOn.java:194)
	at reactor.core.scheduler.WorkerTask.call(WorkerTask.java:84)
	at reactor.core.scheduler.WorkerTask.call(WorkerTask.java:37)
	at java.util.concurrent.FutureTask.run$$$capture(FutureTask.java:266)
	at java.util.concurrent.FutureTask.run(FutureTask.java)
	at java.util.concurrent.ScheduledThreadPoolExecutor$ScheduledFutureTask.access$201(ScheduledThreadPoolExecutor.java:180)
	at java.util.concurrent.ScheduledThreadPoolExecutor$ScheduledFutureTask.run(ScheduledThreadPoolExecutor.java:293)
	at java.util.concurrent.ThreadPoolExecutor.runWorker(ThreadPoolExecutor.java:1149)
	at java.util.concurrent.ThreadPoolExecutor$Worker.run(ThreadPoolExecutor.java:624)
	at java.lang.Thread.run(Thread.java:748)
19:50:54.911 [boundedElastic-267] ERROR c.a.c.n.d.r.NacosReactiveDiscoveryClient - [lambda$getServices$3,94] - get services from nacos server fail,
com.alibaba.nacos.api.exception.NacosException: Client not connected, current status:UNHEALTHY
	at com.alibaba.nacos.common.remote.client.RpcClient.request(RpcClient.java:639)
	at com.alibaba.nacos.common.remote.client.RpcClient.request(RpcClient.java:619)
	at com.alibaba.nacos.client.naming.remote.gprc.NamingGrpcClientProxy.requestToServer(NamingGrpcClientProxy.java:356)
	at com.alibaba.nacos.client.naming.remote.gprc.NamingGrpcClientProxy.getServiceList(NamingGrpcClientProxy.java:282)
	at com.alibaba.nacos.client.naming.remote.NamingClientProxyDelegate.getServiceList(NamingClientProxyDelegate.java:162)
	at com.alibaba.nacos.client.naming.NacosNamingService.getServicesOfServer(NacosNamingService.java:461)
	at com.alibaba.nacos.client.naming.NacosNamingService.getServicesOfServer(NacosNamingService.java:449)
	at com.alibaba.cloud.nacos.discovery.NacosServiceDiscovery.getServices(NacosServiceDiscovery.java:70)
	at com.alibaba.cloud.nacos.discovery.reactive.NacosReactiveDiscoveryClient.lambda$getServices$3(NacosReactiveDiscoveryClient.java:87)
	at reactor.core.publisher.FluxDefer.subscribe(FluxDefer.java:46)
	at reactor.core.publisher.FluxSubscribeOn$SubscribeOnSubscriber.run(FluxSubscribeOn.java:194)
	at reactor.core.scheduler.WorkerTask.call(WorkerTask.java:84)
	at reactor.core.scheduler.WorkerTask.call(WorkerTask.java:37)
	at java.util.concurrent.FutureTask.run$$$capture(FutureTask.java:266)
	at java.util.concurrent.FutureTask.run(FutureTask.java)
	at java.util.concurrent.ScheduledThreadPoolExecutor$ScheduledFutureTask.access$201(ScheduledThreadPoolExecutor.java:180)
	at java.util.concurrent.ScheduledThreadPoolExecutor$ScheduledFutureTask.run(ScheduledThreadPoolExecutor.java:293)
	at java.util.concurrent.ThreadPoolExecutor.runWorker(ThreadPoolExecutor.java:1149)
	at java.util.concurrent.ThreadPoolExecutor$Worker.run(ThreadPoolExecutor.java:624)
	at java.lang.Thread.run(Thread.java:748)
19:51:24.910 [boundedElastic-267] ERROR c.a.c.n.d.r.NacosReactiveDiscoveryClient - [lambda$getServices$3,94] - get services from nacos server fail,
com.alibaba.nacos.api.exception.NacosException: Client not connected, current status:UNHEALTHY
	at com.alibaba.nacos.common.remote.client.RpcClient.request(RpcClient.java:639)
	at com.alibaba.nacos.common.remote.client.RpcClient.request(RpcClient.java:619)
	at com.alibaba.nacos.client.naming.remote.gprc.NamingGrpcClientProxy.requestToServer(NamingGrpcClientProxy.java:356)
	at com.alibaba.nacos.client.naming.remote.gprc.NamingGrpcClientProxy.getServiceList(NamingGrpcClientProxy.java:282)
	at com.alibaba.nacos.client.naming.remote.NamingClientProxyDelegate.getServiceList(NamingClientProxyDelegate.java:162)
	at com.alibaba.nacos.client.naming.NacosNamingService.getServicesOfServer(NacosNamingService.java:461)
	at com.alibaba.nacos.client.naming.NacosNamingService.getServicesOfServer(NacosNamingService.java:449)
	at com.alibaba.cloud.nacos.discovery.NacosServiceDiscovery.getServices(NacosServiceDiscovery.java:70)
	at com.alibaba.cloud.nacos.discovery.reactive.NacosReactiveDiscoveryClient.lambda$getServices$3(NacosReactiveDiscoveryClient.java:87)
	at reactor.core.publisher.FluxDefer.subscribe(FluxDefer.java:46)
	at reactor.core.publisher.FluxSubscribeOn$SubscribeOnSubscriber.run(FluxSubscribeOn.java:194)
	at reactor.core.scheduler.WorkerTask.call(WorkerTask.java:84)
	at reactor.core.scheduler.WorkerTask.call(WorkerTask.java:37)
	at java.util.concurrent.FutureTask.run$$$capture(FutureTask.java:266)
	at java.util.concurrent.FutureTask.run(FutureTask.java)
	at java.util.concurrent.ScheduledThreadPoolExecutor$ScheduledFutureTask.access$201(ScheduledThreadPoolExecutor.java:180)
	at java.util.concurrent.ScheduledThreadPoolExecutor$ScheduledFutureTask.run(ScheduledThreadPoolExecutor.java:293)
	at java.util.concurrent.ThreadPoolExecutor.runWorker(ThreadPoolExecutor.java:1149)
	at java.util.concurrent.ThreadPoolExecutor$Worker.run(ThreadPoolExecutor.java:624)
	at java.lang.Thread.run(Thread.java:748)
19:51:24.910 [boundedElastic-256] ERROR c.a.c.n.d.r.NacosReactiveDiscoveryClient - [lambda$getServices$3,94] - get services from nacos server fail,
com.alibaba.nacos.api.exception.NacosException: Client not connected, current status:UNHEALTHY
	at com.alibaba.nacos.common.remote.client.RpcClient.request(RpcClient.java:639)
	at com.alibaba.nacos.common.remote.client.RpcClient.request(RpcClient.java:619)
	at com.alibaba.nacos.client.naming.remote.gprc.NamingGrpcClientProxy.requestToServer(NamingGrpcClientProxy.java:356)
	at com.alibaba.nacos.client.naming.remote.gprc.NamingGrpcClientProxy.getServiceList(NamingGrpcClientProxy.java:282)
	at com.alibaba.nacos.client.naming.remote.NamingClientProxyDelegate.getServiceList(NamingClientProxyDelegate.java:162)
	at com.alibaba.nacos.client.naming.NacosNamingService.getServicesOfServer(NacosNamingService.java:461)
	at com.alibaba.nacos.client.naming.NacosNamingService.getServicesOfServer(NacosNamingService.java:449)
	at com.alibaba.cloud.nacos.discovery.NacosServiceDiscovery.getServices(NacosServiceDiscovery.java:70)
	at com.alibaba.cloud.nacos.discovery.reactive.NacosReactiveDiscoveryClient.lambda$getServices$3(NacosReactiveDiscoveryClient.java:87)
	at reactor.core.publisher.FluxDefer.subscribe(FluxDefer.java:46)
	at reactor.core.publisher.FluxSubscribeOn$SubscribeOnSubscriber.run(FluxSubscribeOn.java:194)
	at reactor.core.scheduler.WorkerTask.call(WorkerTask.java:84)
	at reactor.core.scheduler.WorkerTask.call(WorkerTask.java:37)
	at java.util.concurrent.FutureTask.run$$$capture(FutureTask.java:266)
	at java.util.concurrent.FutureTask.run(FutureTask.java)
	at java.util.concurrent.ScheduledThreadPoolExecutor$ScheduledFutureTask.access$201(ScheduledThreadPoolExecutor.java:180)
	at java.util.concurrent.ScheduledThreadPoolExecutor$ScheduledFutureTask.run(ScheduledThreadPoolExecutor.java:293)
	at java.util.concurrent.ThreadPoolExecutor.runWorker(ThreadPoolExecutor.java:1149)
	at java.util.concurrent.ThreadPoolExecutor$Worker.run(ThreadPoolExecutor.java:624)
	at java.lang.Thread.run(Thread.java:748)
19:51:54.915 [boundedElastic-267] ERROR c.a.c.n.d.r.NacosReactiveDiscoveryClient - [lambda$getServices$3,94] - get services from nacos server fail,
com.alibaba.nacos.api.exception.NacosException: Client not connected, current status:UNHEALTHY
	at com.alibaba.nacos.common.remote.client.RpcClient.request(RpcClient.java:639)
	at com.alibaba.nacos.common.remote.client.RpcClient.request(RpcClient.java:619)
	at com.alibaba.nacos.client.naming.remote.gprc.NamingGrpcClientProxy.requestToServer(NamingGrpcClientProxy.java:356)
	at com.alibaba.nacos.client.naming.remote.gprc.NamingGrpcClientProxy.getServiceList(NamingGrpcClientProxy.java:282)
	at com.alibaba.nacos.client.naming.remote.NamingClientProxyDelegate.getServiceList(NamingClientProxyDelegate.java:162)
	at com.alibaba.nacos.client.naming.NacosNamingService.getServicesOfServer(NacosNamingService.java:461)
	at com.alibaba.nacos.client.naming.NacosNamingService.getServicesOfServer(NacosNamingService.java:449)
	at com.alibaba.cloud.nacos.discovery.NacosServiceDiscovery.getServices(NacosServiceDiscovery.java:70)
	at com.alibaba.cloud.nacos.discovery.reactive.NacosReactiveDiscoveryClient.lambda$getServices$3(NacosReactiveDiscoveryClient.java:87)
	at reactor.core.publisher.FluxDefer.subscribe(FluxDefer.java:46)
	at reactor.core.publisher.FluxSubscribeOn$SubscribeOnSubscriber.run(FluxSubscribeOn.java:194)
	at reactor.core.scheduler.WorkerTask.call(WorkerTask.java:84)
	at reactor.core.scheduler.WorkerTask.call(WorkerTask.java:37)
	at java.util.concurrent.FutureTask.run$$$capture(FutureTask.java:266)
	at java.util.concurrent.FutureTask.run(FutureTask.java)
	at java.util.concurrent.ScheduledThreadPoolExecutor$ScheduledFutureTask.access$201(ScheduledThreadPoolExecutor.java:180)
	at java.util.concurrent.ScheduledThreadPoolExecutor$ScheduledFutureTask.run(ScheduledThreadPoolExecutor.java:293)
	at java.util.concurrent.ThreadPoolExecutor.runWorker(ThreadPoolExecutor.java:1149)
	at java.util.concurrent.ThreadPoolExecutor$Worker.run(ThreadPoolExecutor.java:624)
	at java.lang.Thread.run(Thread.java:748)
19:51:54.915 [boundedElastic-256] ERROR c.a.c.n.d.r.NacosReactiveDiscoveryClient - [lambda$getServices$3,94] - get services from nacos server fail,
com.alibaba.nacos.api.exception.NacosException: Client not connected, current status:UNHEALTHY
	at com.alibaba.nacos.common.remote.client.RpcClient.request(RpcClient.java:639)
	at com.alibaba.nacos.common.remote.client.RpcClient.request(RpcClient.java:619)
	at com.alibaba.nacos.client.naming.remote.gprc.NamingGrpcClientProxy.requestToServer(NamingGrpcClientProxy.java:356)
	at com.alibaba.nacos.client.naming.remote.gprc.NamingGrpcClientProxy.getServiceList(NamingGrpcClientProxy.java:282)
	at com.alibaba.nacos.client.naming.remote.NamingClientProxyDelegate.getServiceList(NamingClientProxyDelegate.java:162)
	at com.alibaba.nacos.client.naming.NacosNamingService.getServicesOfServer(NacosNamingService.java:461)
	at com.alibaba.nacos.client.naming.NacosNamingService.getServicesOfServer(NacosNamingService.java:449)
	at com.alibaba.cloud.nacos.discovery.NacosServiceDiscovery.getServices(NacosServiceDiscovery.java:70)
	at com.alibaba.cloud.nacos.discovery.reactive.NacosReactiveDiscoveryClient.lambda$getServices$3(NacosReactiveDiscoveryClient.java:87)
	at reactor.core.publisher.FluxDefer.subscribe(FluxDefer.java:46)
	at reactor.core.publisher.FluxSubscribeOn$SubscribeOnSubscriber.run(FluxSubscribeOn.java:194)
	at reactor.core.scheduler.WorkerTask.call(WorkerTask.java:84)
	at reactor.core.scheduler.WorkerTask.call(WorkerTask.java:37)
	at java.util.concurrent.FutureTask.run$$$capture(FutureTask.java:266)
	at java.util.concurrent.FutureTask.run(FutureTask.java)
	at java.util.concurrent.ScheduledThreadPoolExecutor$ScheduledFutureTask.access$201(ScheduledThreadPoolExecutor.java:180)
	at java.util.concurrent.ScheduledThreadPoolExecutor$ScheduledFutureTask.run(ScheduledThreadPoolExecutor.java:293)
	at java.util.concurrent.ThreadPoolExecutor.runWorker(ThreadPoolExecutor.java:1149)
	at java.util.concurrent.ThreadPoolExecutor$Worker.run(ThreadPoolExecutor.java:624)
	at java.lang.Thread.run(Thread.java:748)
19:52:24.915 [boundedElastic-256] ERROR c.a.c.n.d.r.NacosReactiveDiscoveryClient - [lambda$getServices$3,94] - get services from nacos server fail,
com.alibaba.nacos.api.exception.NacosException: Client not connected, current status:UNHEALTHY
	at com.alibaba.nacos.common.remote.client.RpcClient.request(RpcClient.java:639)
	at com.alibaba.nacos.common.remote.client.RpcClient.request(RpcClient.java:619)
	at com.alibaba.nacos.client.naming.remote.gprc.NamingGrpcClientProxy.requestToServer(NamingGrpcClientProxy.java:356)
	at com.alibaba.nacos.client.naming.remote.gprc.NamingGrpcClientProxy.getServiceList(NamingGrpcClientProxy.java:282)
	at com.alibaba.nacos.client.naming.remote.NamingClientProxyDelegate.getServiceList(NamingClientProxyDelegate.java:162)
	at com.alibaba.nacos.client.naming.NacosNamingService.getServicesOfServer(NacosNamingService.java:461)
	at com.alibaba.nacos.client.naming.NacosNamingService.getServicesOfServer(NacosNamingService.java:449)
	at com.alibaba.cloud.nacos.discovery.NacosServiceDiscovery.getServices(NacosServiceDiscovery.java:70)
	at com.alibaba.cloud.nacos.discovery.reactive.NacosReactiveDiscoveryClient.lambda$getServices$3(NacosReactiveDiscoveryClient.java:87)
	at reactor.core.publisher.FluxDefer.subscribe(FluxDefer.java:46)
	at reactor.core.publisher.FluxSubscribeOn$SubscribeOnSubscriber.run(FluxSubscribeOn.java:194)
	at reactor.core.scheduler.WorkerTask.call(WorkerTask.java:84)
	at reactor.core.scheduler.WorkerTask.call(WorkerTask.java:37)
	at java.util.concurrent.FutureTask.run$$$capture(FutureTask.java:266)
	at java.util.concurrent.FutureTask.run(FutureTask.java)
	at java.util.concurrent.ScheduledThreadPoolExecutor$ScheduledFutureTask.access$201(ScheduledThreadPoolExecutor.java:180)
	at java.util.concurrent.ScheduledThreadPoolExecutor$ScheduledFutureTask.run(ScheduledThreadPoolExecutor.java:293)
	at java.util.concurrent.ThreadPoolExecutor.runWorker(ThreadPoolExecutor.java:1149)
	at java.util.concurrent.ThreadPoolExecutor$Worker.run(ThreadPoolExecutor.java:624)
	at java.lang.Thread.run(Thread.java:748)
19:52:24.915 [boundedElastic-267] ERROR c.a.c.n.d.r.NacosReactiveDiscoveryClient - [lambda$getServices$3,94] - get services from nacos server fail,
com.alibaba.nacos.api.exception.NacosException: Client not connected, current status:UNHEALTHY
	at com.alibaba.nacos.common.remote.client.RpcClient.request(RpcClient.java:639)
	at com.alibaba.nacos.common.remote.client.RpcClient.request(RpcClient.java:619)
	at com.alibaba.nacos.client.naming.remote.gprc.NamingGrpcClientProxy.requestToServer(NamingGrpcClientProxy.java:356)
	at com.alibaba.nacos.client.naming.remote.gprc.NamingGrpcClientProxy.getServiceList(NamingGrpcClientProxy.java:282)
	at com.alibaba.nacos.client.naming.remote.NamingClientProxyDelegate.getServiceList(NamingClientProxyDelegate.java:162)
	at com.alibaba.nacos.client.naming.NacosNamingService.getServicesOfServer(NacosNamingService.java:461)
	at com.alibaba.nacos.client.naming.NacosNamingService.getServicesOfServer(NacosNamingService.java:449)
	at com.alibaba.cloud.nacos.discovery.NacosServiceDiscovery.getServices(NacosServiceDiscovery.java:70)
	at com.alibaba.cloud.nacos.discovery.reactive.NacosReactiveDiscoveryClient.lambda$getServices$3(NacosReactiveDiscoveryClient.java:87)
	at reactor.core.publisher.FluxDefer.subscribe(FluxDefer.java:46)
	at reactor.core.publisher.FluxSubscribeOn$SubscribeOnSubscriber.run(FluxSubscribeOn.java:194)
	at reactor.core.scheduler.WorkerTask.call(WorkerTask.java:84)
	at reactor.core.scheduler.WorkerTask.call(WorkerTask.java:37)
	at java.util.concurrent.FutureTask.run$$$capture(FutureTask.java:266)
	at java.util.concurrent.FutureTask.run(FutureTask.java)
	at java.util.concurrent.ScheduledThreadPoolExecutor$ScheduledFutureTask.access$201(ScheduledThreadPoolExecutor.java:180)
	at java.util.concurrent.ScheduledThreadPoolExecutor$ScheduledFutureTask.run(ScheduledThreadPoolExecutor.java:293)
	at java.util.concurrent.ThreadPoolExecutor.runWorker(ThreadPoolExecutor.java:1149)
	at java.util.concurrent.ThreadPoolExecutor$Worker.run(ThreadPoolExecutor.java:624)
	at java.lang.Thread.run(Thread.java:748)
19:52:54.917 [boundedElastic-267] ERROR c.a.c.n.d.r.NacosReactiveDiscoveryClient - [lambda$getServices$3,94] - get services from nacos server fail,
com.alibaba.nacos.api.exception.NacosException: Client not connected, current status:UNHEALTHY
	at com.alibaba.nacos.common.remote.client.RpcClient.request(RpcClient.java:639)
	at com.alibaba.nacos.common.remote.client.RpcClient.request(RpcClient.java:619)
	at com.alibaba.nacos.client.naming.remote.gprc.NamingGrpcClientProxy.requestToServer(NamingGrpcClientProxy.java:356)
	at com.alibaba.nacos.client.naming.remote.gprc.NamingGrpcClientProxy.getServiceList(NamingGrpcClientProxy.java:282)
	at com.alibaba.nacos.client.naming.remote.NamingClientProxyDelegate.getServiceList(NamingClientProxyDelegate.java:162)
	at com.alibaba.nacos.client.naming.NacosNamingService.getServicesOfServer(NacosNamingService.java:461)
	at com.alibaba.nacos.client.naming.NacosNamingService.getServicesOfServer(NacosNamingService.java:449)
	at com.alibaba.cloud.nacos.discovery.NacosServiceDiscovery.getServices(NacosServiceDiscovery.java:70)
	at com.alibaba.cloud.nacos.discovery.reactive.NacosReactiveDiscoveryClient.lambda$getServices$3(NacosReactiveDiscoveryClient.java:87)
	at reactor.core.publisher.FluxDefer.subscribe(FluxDefer.java:46)
	at reactor.core.publisher.FluxSubscribeOn$SubscribeOnSubscriber.run(FluxSubscribeOn.java:194)
	at reactor.core.scheduler.WorkerTask.call(WorkerTask.java:84)
	at reactor.core.scheduler.WorkerTask.call(WorkerTask.java:37)
	at java.util.concurrent.FutureTask.run$$$capture(FutureTask.java:266)
	at java.util.concurrent.FutureTask.run(FutureTask.java)
	at java.util.concurrent.ScheduledThreadPoolExecutor$ScheduledFutureTask.access$201(ScheduledThreadPoolExecutor.java:180)
	at java.util.concurrent.ScheduledThreadPoolExecutor$ScheduledFutureTask.run(ScheduledThreadPoolExecutor.java:293)
	at java.util.concurrent.ThreadPoolExecutor.runWorker(ThreadPoolExecutor.java:1149)
	at java.util.concurrent.ThreadPoolExecutor$Worker.run(ThreadPoolExecutor.java:624)
	at java.lang.Thread.run(Thread.java:748)
19:52:54.917 [boundedElastic-256] ERROR c.a.c.n.d.r.NacosReactiveDiscoveryClient - [lambda$getServices$3,94] - get services from nacos server fail,
com.alibaba.nacos.api.exception.NacosException: Client not connected, current status:UNHEALTHY
	at com.alibaba.nacos.common.remote.client.RpcClient.request(RpcClient.java:639)
	at com.alibaba.nacos.common.remote.client.RpcClient.request(RpcClient.java:619)
	at com.alibaba.nacos.client.naming.remote.gprc.NamingGrpcClientProxy.requestToServer(NamingGrpcClientProxy.java:356)
	at com.alibaba.nacos.client.naming.remote.gprc.NamingGrpcClientProxy.getServiceList(NamingGrpcClientProxy.java:282)
	at com.alibaba.nacos.client.naming.remote.NamingClientProxyDelegate.getServiceList(NamingClientProxyDelegate.java:162)
	at com.alibaba.nacos.client.naming.NacosNamingService.getServicesOfServer(NacosNamingService.java:461)
	at com.alibaba.nacos.client.naming.NacosNamingService.getServicesOfServer(NacosNamingService.java:449)
	at com.alibaba.cloud.nacos.discovery.NacosServiceDiscovery.getServices(NacosServiceDiscovery.java:70)
	at com.alibaba.cloud.nacos.discovery.reactive.NacosReactiveDiscoveryClient.lambda$getServices$3(NacosReactiveDiscoveryClient.java:87)
	at reactor.core.publisher.FluxDefer.subscribe(FluxDefer.java:46)
	at reactor.core.publisher.FluxSubscribeOn$SubscribeOnSubscriber.run(FluxSubscribeOn.java:194)
	at reactor.core.scheduler.WorkerTask.call(WorkerTask.java:84)
	at reactor.core.scheduler.WorkerTask.call(WorkerTask.java:37)
	at java.util.concurrent.FutureTask.run$$$capture(FutureTask.java:266)
	at java.util.concurrent.FutureTask.run(FutureTask.java)
	at java.util.concurrent.ScheduledThreadPoolExecutor$ScheduledFutureTask.access$201(ScheduledThreadPoolExecutor.java:180)
	at java.util.concurrent.ScheduledThreadPoolExecutor$ScheduledFutureTask.run(ScheduledThreadPoolExecutor.java:293)
	at java.util.concurrent.ThreadPoolExecutor.runWorker(ThreadPoolExecutor.java:1149)
	at java.util.concurrent.ThreadPoolExecutor$Worker.run(ThreadPoolExecutor.java:624)
	at java.lang.Thread.run(Thread.java:748)
19:53:24.923 [boundedElastic-267] ERROR c.a.c.n.d.r.NacosReactiveDiscoveryClient - [lambda$getServices$3,94] - get services from nacos server fail,
com.alibaba.nacos.api.exception.NacosException: Client not connected, current status:UNHEALTHY
	at com.alibaba.nacos.common.remote.client.RpcClient.request(RpcClient.java:639)
	at com.alibaba.nacos.common.remote.client.RpcClient.request(RpcClient.java:619)
	at com.alibaba.nacos.client.naming.remote.gprc.NamingGrpcClientProxy.requestToServer(NamingGrpcClientProxy.java:356)
	at com.alibaba.nacos.client.naming.remote.gprc.NamingGrpcClientProxy.getServiceList(NamingGrpcClientProxy.java:282)
	at com.alibaba.nacos.client.naming.remote.NamingClientProxyDelegate.getServiceList(NamingClientProxyDelegate.java:162)
	at com.alibaba.nacos.client.naming.NacosNamingService.getServicesOfServer(NacosNamingService.java:461)
	at com.alibaba.nacos.client.naming.NacosNamingService.getServicesOfServer(NacosNamingService.java:449)
	at com.alibaba.cloud.nacos.discovery.NacosServiceDiscovery.getServices(NacosServiceDiscovery.java:70)
	at com.alibaba.cloud.nacos.discovery.reactive.NacosReactiveDiscoveryClient.lambda$getServices$3(NacosReactiveDiscoveryClient.java:87)
	at reactor.core.publisher.FluxDefer.subscribe(FluxDefer.java:46)
	at reactor.core.publisher.FluxSubscribeOn$SubscribeOnSubscriber.run(FluxSubscribeOn.java:194)
	at reactor.core.scheduler.WorkerTask.call(WorkerTask.java:84)
	at reactor.core.scheduler.WorkerTask.call(WorkerTask.java:37)
	at java.util.concurrent.FutureTask.run$$$capture(FutureTask.java:266)
	at java.util.concurrent.FutureTask.run(FutureTask.java)
	at java.util.concurrent.ScheduledThreadPoolExecutor$ScheduledFutureTask.access$201(ScheduledThreadPoolExecutor.java:180)
	at java.util.concurrent.ScheduledThreadPoolExecutor$ScheduledFutureTask.run(ScheduledThreadPoolExecutor.java:293)
	at java.util.concurrent.ThreadPoolExecutor.runWorker(ThreadPoolExecutor.java:1149)
	at java.util.concurrent.ThreadPoolExecutor$Worker.run(ThreadPoolExecutor.java:624)
	at java.lang.Thread.run(Thread.java:748)
19:53:24.925 [boundedElastic-256] ERROR c.a.c.n.d.r.NacosReactiveDiscoveryClient - [lambda$getServices$3,94] - get services from nacos server fail,
com.alibaba.nacos.api.exception.NacosException: Client not connected, current status:UNHEALTHY
	at com.alibaba.nacos.common.remote.client.RpcClient.request(RpcClient.java:639)
	at com.alibaba.nacos.common.remote.client.RpcClient.request(RpcClient.java:619)
	at com.alibaba.nacos.client.naming.remote.gprc.NamingGrpcClientProxy.requestToServer(NamingGrpcClientProxy.java:356)
	at com.alibaba.nacos.client.naming.remote.gprc.NamingGrpcClientProxy.getServiceList(NamingGrpcClientProxy.java:282)
	at com.alibaba.nacos.client.naming.remote.NamingClientProxyDelegate.getServiceList(NamingClientProxyDelegate.java:162)
	at com.alibaba.nacos.client.naming.NacosNamingService.getServicesOfServer(NacosNamingService.java:461)
	at com.alibaba.nacos.client.naming.NacosNamingService.getServicesOfServer(NacosNamingService.java:449)
	at com.alibaba.cloud.nacos.discovery.NacosServiceDiscovery.getServices(NacosServiceDiscovery.java:70)
	at com.alibaba.cloud.nacos.discovery.reactive.NacosReactiveDiscoveryClient.lambda$getServices$3(NacosReactiveDiscoveryClient.java:87)
	at reactor.core.publisher.FluxDefer.subscribe(FluxDefer.java:46)
	at reactor.core.publisher.FluxSubscribeOn$SubscribeOnSubscriber.run(FluxSubscribeOn.java:194)
	at reactor.core.scheduler.WorkerTask.call(WorkerTask.java:84)
	at reactor.core.scheduler.WorkerTask.call(WorkerTask.java:37)
	at java.util.concurrent.FutureTask.run$$$capture(FutureTask.java:266)
	at java.util.concurrent.FutureTask.run(FutureTask.java)
	at java.util.concurrent.ScheduledThreadPoolExecutor$ScheduledFutureTask.access$201(ScheduledThreadPoolExecutor.java:180)
	at java.util.concurrent.ScheduledThreadPoolExecutor$ScheduledFutureTask.run(ScheduledThreadPoolExecutor.java:293)
	at java.util.concurrent.ThreadPoolExecutor.runWorker(ThreadPoolExecutor.java:1149)
	at java.util.concurrent.ThreadPoolExecutor$Worker.run(ThreadPoolExecutor.java:624)
	at java.lang.Thread.run(Thread.java:748)
19:53:54.925 [boundedElastic-267] ERROR c.a.c.n.d.r.NacosReactiveDiscoveryClient - [lambda$getServices$3,94] - get services from nacos server fail,
com.alibaba.nacos.api.exception.NacosException: Client not connected, current status:UNHEALTHY
	at com.alibaba.nacos.common.remote.client.RpcClient.request(RpcClient.java:639)
	at com.alibaba.nacos.common.remote.client.RpcClient.request(RpcClient.java:619)
	at com.alibaba.nacos.client.naming.remote.gprc.NamingGrpcClientProxy.requestToServer(NamingGrpcClientProxy.java:356)
	at com.alibaba.nacos.client.naming.remote.gprc.NamingGrpcClientProxy.getServiceList(NamingGrpcClientProxy.java:282)
	at com.alibaba.nacos.client.naming.remote.NamingClientProxyDelegate.getServiceList(NamingClientProxyDelegate.java:162)
	at com.alibaba.nacos.client.naming.NacosNamingService.getServicesOfServer(NacosNamingService.java:461)
	at com.alibaba.nacos.client.naming.NacosNamingService.getServicesOfServer(NacosNamingService.java:449)
	at com.alibaba.cloud.nacos.discovery.NacosServiceDiscovery.getServices(NacosServiceDiscovery.java:70)
	at com.alibaba.cloud.nacos.discovery.reactive.NacosReactiveDiscoveryClient.lambda$getServices$3(NacosReactiveDiscoveryClient.java:87)
	at reactor.core.publisher.FluxDefer.subscribe(FluxDefer.java:46)
	at reactor.core.publisher.FluxSubscribeOn$SubscribeOnSubscriber.run(FluxSubscribeOn.java:194)
	at reactor.core.scheduler.WorkerTask.call(WorkerTask.java:84)
	at reactor.core.scheduler.WorkerTask.call(WorkerTask.java:37)
	at java.util.concurrent.FutureTask.run$$$capture(FutureTask.java:266)
	at java.util.concurrent.FutureTask.run(FutureTask.java)
	at java.util.concurrent.ScheduledThreadPoolExecutor$ScheduledFutureTask.access$201(ScheduledThreadPoolExecutor.java:180)
	at java.util.concurrent.ScheduledThreadPoolExecutor$ScheduledFutureTask.run(ScheduledThreadPoolExecutor.java:293)
	at java.util.concurrent.ThreadPoolExecutor.runWorker(ThreadPoolExecutor.java:1149)
	at java.util.concurrent.ThreadPoolExecutor$Worker.run(ThreadPoolExecutor.java:624)
	at java.lang.Thread.run(Thread.java:748)
19:53:54.927 [boundedElastic-256] ERROR c.a.c.n.d.r.NacosReactiveDiscoveryClient - [lambda$getServices$3,94] - get services from nacos server fail,
com.alibaba.nacos.api.exception.NacosException: Client not connected, current status:UNHEALTHY
	at com.alibaba.nacos.common.remote.client.RpcClient.request(RpcClient.java:639)
	at com.alibaba.nacos.common.remote.client.RpcClient.request(RpcClient.java:619)
	at com.alibaba.nacos.client.naming.remote.gprc.NamingGrpcClientProxy.requestToServer(NamingGrpcClientProxy.java:356)
	at com.alibaba.nacos.client.naming.remote.gprc.NamingGrpcClientProxy.getServiceList(NamingGrpcClientProxy.java:282)
	at com.alibaba.nacos.client.naming.remote.NamingClientProxyDelegate.getServiceList(NamingClientProxyDelegate.java:162)
	at com.alibaba.nacos.client.naming.NacosNamingService.getServicesOfServer(NacosNamingService.java:461)
	at com.alibaba.nacos.client.naming.NacosNamingService.getServicesOfServer(NacosNamingService.java:449)
	at com.alibaba.cloud.nacos.discovery.NacosServiceDiscovery.getServices(NacosServiceDiscovery.java:70)
	at com.alibaba.cloud.nacos.discovery.reactive.NacosReactiveDiscoveryClient.lambda$getServices$3(NacosReactiveDiscoveryClient.java:87)
	at reactor.core.publisher.FluxDefer.subscribe(FluxDefer.java:46)
	at reactor.core.publisher.FluxSubscribeOn$SubscribeOnSubscriber.run(FluxSubscribeOn.java:194)
	at reactor.core.scheduler.WorkerTask.call(WorkerTask.java:84)
	at reactor.core.scheduler.WorkerTask.call(WorkerTask.java:37)
	at java.util.concurrent.FutureTask.run$$$capture(FutureTask.java:266)
	at java.util.concurrent.FutureTask.run(FutureTask.java)
	at java.util.concurrent.ScheduledThreadPoolExecutor$ScheduledFutureTask.access$201(ScheduledThreadPoolExecutor.java:180)
	at java.util.concurrent.ScheduledThreadPoolExecutor$ScheduledFutureTask.run(ScheduledThreadPoolExecutor.java:293)
	at java.util.concurrent.ThreadPoolExecutor.runWorker(ThreadPoolExecutor.java:1149)
	at java.util.concurrent.ThreadPoolExecutor$Worker.run(ThreadPoolExecutor.java:624)
	at java.lang.Thread.run(Thread.java:748)
19:54:24.926 [boundedElastic-267] ERROR c.a.c.n.d.r.NacosReactiveDiscoveryClient - [lambda$getServices$3,94] - get services from nacos server fail,
com.alibaba.nacos.api.exception.NacosException: Client not connected, current status:UNHEALTHY
	at com.alibaba.nacos.common.remote.client.RpcClient.request(RpcClient.java:639)
	at com.alibaba.nacos.common.remote.client.RpcClient.request(RpcClient.java:619)
	at com.alibaba.nacos.client.naming.remote.gprc.NamingGrpcClientProxy.requestToServer(NamingGrpcClientProxy.java:356)
	at com.alibaba.nacos.client.naming.remote.gprc.NamingGrpcClientProxy.getServiceList(NamingGrpcClientProxy.java:282)
	at com.alibaba.nacos.client.naming.remote.NamingClientProxyDelegate.getServiceList(NamingClientProxyDelegate.java:162)
	at com.alibaba.nacos.client.naming.NacosNamingService.getServicesOfServer(NacosNamingService.java:461)
	at com.alibaba.nacos.client.naming.NacosNamingService.getServicesOfServer(NacosNamingService.java:449)
	at com.alibaba.cloud.nacos.discovery.NacosServiceDiscovery.getServices(NacosServiceDiscovery.java:70)
	at com.alibaba.cloud.nacos.discovery.reactive.NacosReactiveDiscoveryClient.lambda$getServices$3(NacosReactiveDiscoveryClient.java:87)
	at reactor.core.publisher.FluxDefer.subscribe(FluxDefer.java:46)
	at reactor.core.publisher.FluxSubscribeOn$SubscribeOnSubscriber.run(FluxSubscribeOn.java:194)
	at reactor.core.scheduler.WorkerTask.call(WorkerTask.java:84)
	at reactor.core.scheduler.WorkerTask.call(WorkerTask.java:37)
	at java.util.concurrent.FutureTask.run$$$capture(FutureTask.java:266)
	at java.util.concurrent.FutureTask.run(FutureTask.java)
	at java.util.concurrent.ScheduledThreadPoolExecutor$ScheduledFutureTask.access$201(ScheduledThreadPoolExecutor.java:180)
	at java.util.concurrent.ScheduledThreadPoolExecutor$ScheduledFutureTask.run(ScheduledThreadPoolExecutor.java:293)
	at java.util.concurrent.ThreadPoolExecutor.runWorker(ThreadPoolExecutor.java:1149)
	at java.util.concurrent.ThreadPoolExecutor$Worker.run(ThreadPoolExecutor.java:624)
	at java.lang.Thread.run(Thread.java:748)
19:54:24.931 [boundedElastic-256] ERROR c.a.c.n.d.r.NacosReactiveDiscoveryClient - [lambda$getServices$3,94] - get services from nacos server fail,
com.alibaba.nacos.api.exception.NacosException: Client not connected, current status:UNHEALTHY
	at com.alibaba.nacos.common.remote.client.RpcClient.request(RpcClient.java:639)
	at com.alibaba.nacos.common.remote.client.RpcClient.request(RpcClient.java:619)
	at com.alibaba.nacos.client.naming.remote.gprc.NamingGrpcClientProxy.requestToServer(NamingGrpcClientProxy.java:356)
	at com.alibaba.nacos.client.naming.remote.gprc.NamingGrpcClientProxy.getServiceList(NamingGrpcClientProxy.java:282)
	at com.alibaba.nacos.client.naming.remote.NamingClientProxyDelegate.getServiceList(NamingClientProxyDelegate.java:162)
	at com.alibaba.nacos.client.naming.NacosNamingService.getServicesOfServer(NacosNamingService.java:461)
	at com.alibaba.nacos.client.naming.NacosNamingService.getServicesOfServer(NacosNamingService.java:449)
	at com.alibaba.cloud.nacos.discovery.NacosServiceDiscovery.getServices(NacosServiceDiscovery.java:70)
	at com.alibaba.cloud.nacos.discovery.reactive.NacosReactiveDiscoveryClient.lambda$getServices$3(NacosReactiveDiscoveryClient.java:87)
	at reactor.core.publisher.FluxDefer.subscribe(FluxDefer.java:46)
	at reactor.core.publisher.FluxSubscribeOn$SubscribeOnSubscriber.run(FluxSubscribeOn.java:194)
	at reactor.core.scheduler.WorkerTask.call(WorkerTask.java:84)
	at reactor.core.scheduler.WorkerTask.call(WorkerTask.java:37)
	at java.util.concurrent.FutureTask.run$$$capture(FutureTask.java:266)
	at java.util.concurrent.FutureTask.run(FutureTask.java)
	at java.util.concurrent.ScheduledThreadPoolExecutor$ScheduledFutureTask.access$201(ScheduledThreadPoolExecutor.java:180)
	at java.util.concurrent.ScheduledThreadPoolExecutor$ScheduledFutureTask.run(ScheduledThreadPoolExecutor.java:293)
	at java.util.concurrent.ThreadPoolExecutor.runWorker(ThreadPoolExecutor.java:1149)
	at java.util.concurrent.ThreadPoolExecutor$Worker.run(ThreadPoolExecutor.java:624)
	at java.lang.Thread.run(Thread.java:748)
19:54:54.928 [boundedElastic-267] ERROR c.a.c.n.d.r.NacosReactiveDiscoveryClient - [lambda$getServices$3,94] - get services from nacos server fail,
com.alibaba.nacos.api.exception.NacosException: Client not connected, current status:UNHEALTHY
	at com.alibaba.nacos.common.remote.client.RpcClient.request(RpcClient.java:639)
	at com.alibaba.nacos.common.remote.client.RpcClient.request(RpcClient.java:619)
	at com.alibaba.nacos.client.naming.remote.gprc.NamingGrpcClientProxy.requestToServer(NamingGrpcClientProxy.java:356)
	at com.alibaba.nacos.client.naming.remote.gprc.NamingGrpcClientProxy.getServiceList(NamingGrpcClientProxy.java:282)
	at com.alibaba.nacos.client.naming.remote.NamingClientProxyDelegate.getServiceList(NamingClientProxyDelegate.java:162)
	at com.alibaba.nacos.client.naming.NacosNamingService.getServicesOfServer(NacosNamingService.java:461)
	at com.alibaba.nacos.client.naming.NacosNamingService.getServicesOfServer(NacosNamingService.java:449)
	at com.alibaba.cloud.nacos.discovery.NacosServiceDiscovery.getServices(NacosServiceDiscovery.java:70)
	at com.alibaba.cloud.nacos.discovery.reactive.NacosReactiveDiscoveryClient.lambda$getServices$3(NacosReactiveDiscoveryClient.java:87)
	at reactor.core.publisher.FluxDefer.subscribe(FluxDefer.java:46)
	at reactor.core.publisher.FluxSubscribeOn$SubscribeOnSubscriber.run(FluxSubscribeOn.java:194)
	at reactor.core.scheduler.WorkerTask.call(WorkerTask.java:84)
	at reactor.core.scheduler.WorkerTask.call(WorkerTask.java:37)
	at java.util.concurrent.FutureTask.run$$$capture(FutureTask.java:266)
	at java.util.concurrent.FutureTask.run(FutureTask.java)
	at java.util.concurrent.ScheduledThreadPoolExecutor$ScheduledFutureTask.access$201(ScheduledThreadPoolExecutor.java:180)
	at java.util.concurrent.ScheduledThreadPoolExecutor$ScheduledFutureTask.run(ScheduledThreadPoolExecutor.java:293)
	at java.util.concurrent.ThreadPoolExecutor.runWorker(ThreadPoolExecutor.java:1149)
	at java.util.concurrent.ThreadPoolExecutor$Worker.run(ThreadPoolExecutor.java:624)
	at java.lang.Thread.run(Thread.java:748)
19:54:54.930 [boundedElastic-256] ERROR c.a.c.n.d.r.NacosReactiveDiscoveryClient - [lambda$getServices$3,94] - get services from nacos server fail,
com.alibaba.nacos.api.exception.NacosException: Client not connected, current status:UNHEALTHY
	at com.alibaba.nacos.common.remote.client.RpcClient.request(RpcClient.java:639)
	at com.alibaba.nacos.common.remote.client.RpcClient.request(RpcClient.java:619)
	at com.alibaba.nacos.client.naming.remote.gprc.NamingGrpcClientProxy.requestToServer(NamingGrpcClientProxy.java:356)
	at com.alibaba.nacos.client.naming.remote.gprc.NamingGrpcClientProxy.getServiceList(NamingGrpcClientProxy.java:282)
	at com.alibaba.nacos.client.naming.remote.NamingClientProxyDelegate.getServiceList(NamingClientProxyDelegate.java:162)
	at com.alibaba.nacos.client.naming.NacosNamingService.getServicesOfServer(NacosNamingService.java:461)
	at com.alibaba.nacos.client.naming.NacosNamingService.getServicesOfServer(NacosNamingService.java:449)
	at com.alibaba.cloud.nacos.discovery.NacosServiceDiscovery.getServices(NacosServiceDiscovery.java:70)
	at com.alibaba.cloud.nacos.discovery.reactive.NacosReactiveDiscoveryClient.lambda$getServices$3(NacosReactiveDiscoveryClient.java:87)
	at reactor.core.publisher.FluxDefer.subscribe(FluxDefer.java:46)
	at reactor.core.publisher.FluxSubscribeOn$SubscribeOnSubscriber.run(FluxSubscribeOn.java:194)
	at reactor.core.scheduler.WorkerTask.call(WorkerTask.java:84)
	at reactor.core.scheduler.WorkerTask.call(WorkerTask.java:37)
	at java.util.concurrent.FutureTask.run$$$capture(FutureTask.java:266)
	at java.util.concurrent.FutureTask.run(FutureTask.java)
	at java.util.concurrent.ScheduledThreadPoolExecutor$ScheduledFutureTask.access$201(ScheduledThreadPoolExecutor.java:180)
	at java.util.concurrent.ScheduledThreadPoolExecutor$ScheduledFutureTask.run(ScheduledThreadPoolExecutor.java:293)
	at java.util.concurrent.ThreadPoolExecutor.runWorker(ThreadPoolExecutor.java:1149)
	at java.util.concurrent.ThreadPoolExecutor$Worker.run(ThreadPoolExecutor.java:624)
	at java.lang.Thread.run(Thread.java:748)
19:55:24.939 [boundedElastic-256] ERROR c.a.c.n.d.r.NacosReactiveDiscoveryClient - [lambda$getServices$3,94] - get services from nacos server fail,
com.alibaba.nacos.api.exception.NacosException: Client not connected, current status:UNHEALTHY
	at com.alibaba.nacos.common.remote.client.RpcClient.request(RpcClient.java:639)
	at com.alibaba.nacos.common.remote.client.RpcClient.request(RpcClient.java:619)
	at com.alibaba.nacos.client.naming.remote.gprc.NamingGrpcClientProxy.requestToServer(NamingGrpcClientProxy.java:356)
	at com.alibaba.nacos.client.naming.remote.gprc.NamingGrpcClientProxy.getServiceList(NamingGrpcClientProxy.java:282)
	at com.alibaba.nacos.client.naming.remote.NamingClientProxyDelegate.getServiceList(NamingClientProxyDelegate.java:162)
	at com.alibaba.nacos.client.naming.NacosNamingService.getServicesOfServer(NacosNamingService.java:461)
	at com.alibaba.nacos.client.naming.NacosNamingService.getServicesOfServer(NacosNamingService.java:449)
	at com.alibaba.cloud.nacos.discovery.NacosServiceDiscovery.getServices(NacosServiceDiscovery.java:70)
	at com.alibaba.cloud.nacos.discovery.reactive.NacosReactiveDiscoveryClient.lambda$getServices$3(NacosReactiveDiscoveryClient.java:87)
	at reactor.core.publisher.FluxDefer.subscribe(FluxDefer.java:46)
	at reactor.core.publisher.FluxSubscribeOn$SubscribeOnSubscriber.run(FluxSubscribeOn.java:194)
	at reactor.core.scheduler.WorkerTask.call(WorkerTask.java:84)
	at reactor.core.scheduler.WorkerTask.call(WorkerTask.java:37)
	at java.util.concurrent.FutureTask.run$$$capture(FutureTask.java:266)
	at java.util.concurrent.FutureTask.run(FutureTask.java)
	at java.util.concurrent.ScheduledThreadPoolExecutor$ScheduledFutureTask.access$201(ScheduledThreadPoolExecutor.java:180)
	at java.util.concurrent.ScheduledThreadPoolExecutor$ScheduledFutureTask.run(ScheduledThreadPoolExecutor.java:293)
	at java.util.concurrent.ThreadPoolExecutor.runWorker(ThreadPoolExecutor.java:1149)
	at java.util.concurrent.ThreadPoolExecutor$Worker.run(ThreadPoolExecutor.java:624)
	at java.lang.Thread.run(Thread.java:748)
19:55:24.939 [boundedElastic-267] ERROR c.a.c.n.d.r.NacosReactiveDiscoveryClient - [lambda$getServices$3,94] - get services from nacos server fail,
com.alibaba.nacos.api.exception.NacosException: Client not connected, current status:UNHEALTHY
	at com.alibaba.nacos.common.remote.client.RpcClient.request(RpcClient.java:639)
	at com.alibaba.nacos.common.remote.client.RpcClient.request(RpcClient.java:619)
	at com.alibaba.nacos.client.naming.remote.gprc.NamingGrpcClientProxy.requestToServer(NamingGrpcClientProxy.java:356)
	at com.alibaba.nacos.client.naming.remote.gprc.NamingGrpcClientProxy.getServiceList(NamingGrpcClientProxy.java:282)
	at com.alibaba.nacos.client.naming.remote.NamingClientProxyDelegate.getServiceList(NamingClientProxyDelegate.java:162)
	at com.alibaba.nacos.client.naming.NacosNamingService.getServicesOfServer(NacosNamingService.java:461)
	at com.alibaba.nacos.client.naming.NacosNamingService.getServicesOfServer(NacosNamingService.java:449)
	at com.alibaba.cloud.nacos.discovery.NacosServiceDiscovery.getServices(NacosServiceDiscovery.java:70)
	at com.alibaba.cloud.nacos.discovery.reactive.NacosReactiveDiscoveryClient.lambda$getServices$3(NacosReactiveDiscoveryClient.java:87)
	at reactor.core.publisher.FluxDefer.subscribe(FluxDefer.java:46)
	at reactor.core.publisher.FluxSubscribeOn$SubscribeOnSubscriber.run(FluxSubscribeOn.java:194)
	at reactor.core.scheduler.WorkerTask.call(WorkerTask.java:84)
	at reactor.core.scheduler.WorkerTask.call(WorkerTask.java:37)
	at java.util.concurrent.FutureTask.run$$$capture(FutureTask.java:266)
	at java.util.concurrent.FutureTask.run(FutureTask.java)
	at java.util.concurrent.ScheduledThreadPoolExecutor$ScheduledFutureTask.access$201(ScheduledThreadPoolExecutor.java:180)
	at java.util.concurrent.ScheduledThreadPoolExecutor$ScheduledFutureTask.run(ScheduledThreadPoolExecutor.java:293)
	at java.util.concurrent.ThreadPoolExecutor.runWorker(ThreadPoolExecutor.java:1149)
	at java.util.concurrent.ThreadPoolExecutor$Worker.run(ThreadPoolExecutor.java:624)
	at java.lang.Thread.run(Thread.java:748)
19:55:54.937 [boundedElastic-256] ERROR c.a.c.n.d.r.NacosReactiveDiscoveryClient - [lambda$getServices$3,94] - get services from nacos server fail,
com.alibaba.nacos.api.exception.NacosException: Client not connected, current status:UNHEALTHY
	at com.alibaba.nacos.common.remote.client.RpcClient.request(RpcClient.java:639)
	at com.alibaba.nacos.common.remote.client.RpcClient.request(RpcClient.java:619)
	at com.alibaba.nacos.client.naming.remote.gprc.NamingGrpcClientProxy.requestToServer(NamingGrpcClientProxy.java:356)
	at com.alibaba.nacos.client.naming.remote.gprc.NamingGrpcClientProxy.getServiceList(NamingGrpcClientProxy.java:282)
	at com.alibaba.nacos.client.naming.remote.NamingClientProxyDelegate.getServiceList(NamingClientProxyDelegate.java:162)
	at com.alibaba.nacos.client.naming.NacosNamingService.getServicesOfServer(NacosNamingService.java:461)
	at com.alibaba.nacos.client.naming.NacosNamingService.getServicesOfServer(NacosNamingService.java:449)
	at com.alibaba.cloud.nacos.discovery.NacosServiceDiscovery.getServices(NacosServiceDiscovery.java:70)
	at com.alibaba.cloud.nacos.discovery.reactive.NacosReactiveDiscoveryClient.lambda$getServices$3(NacosReactiveDiscoveryClient.java:87)
	at reactor.core.publisher.FluxDefer.subscribe(FluxDefer.java:46)
	at reactor.core.publisher.FluxSubscribeOn$SubscribeOnSubscriber.run(FluxSubscribeOn.java:194)
	at reactor.core.scheduler.WorkerTask.call(WorkerTask.java:84)
	at reactor.core.scheduler.WorkerTask.call(WorkerTask.java:37)
	at java.util.concurrent.FutureTask.run$$$capture(FutureTask.java:266)
	at java.util.concurrent.FutureTask.run(FutureTask.java)
	at java.util.concurrent.ScheduledThreadPoolExecutor$ScheduledFutureTask.access$201(ScheduledThreadPoolExecutor.java:180)
	at java.util.concurrent.ScheduledThreadPoolExecutor$ScheduledFutureTask.run(ScheduledThreadPoolExecutor.java:293)
	at java.util.concurrent.ThreadPoolExecutor.runWorker(ThreadPoolExecutor.java:1149)
	at java.util.concurrent.ThreadPoolExecutor$Worker.run(ThreadPoolExecutor.java:624)
	at java.lang.Thread.run(Thread.java:748)
19:55:54.937 [boundedElastic-267] ERROR c.a.c.n.d.r.NacosReactiveDiscoveryClient - [lambda$getServices$3,94] - get services from nacos server fail,
com.alibaba.nacos.api.exception.NacosException: Client not connected, current status:UNHEALTHY
	at com.alibaba.nacos.common.remote.client.RpcClient.request(RpcClient.java:639)
	at com.alibaba.nacos.common.remote.client.RpcClient.request(RpcClient.java:619)
	at com.alibaba.nacos.client.naming.remote.gprc.NamingGrpcClientProxy.requestToServer(NamingGrpcClientProxy.java:356)
	at com.alibaba.nacos.client.naming.remote.gprc.NamingGrpcClientProxy.getServiceList(NamingGrpcClientProxy.java:282)
	at com.alibaba.nacos.client.naming.remote.NamingClientProxyDelegate.getServiceList(NamingClientProxyDelegate.java:162)
	at com.alibaba.nacos.client.naming.NacosNamingService.getServicesOfServer(NacosNamingService.java:461)
	at com.alibaba.nacos.client.naming.NacosNamingService.getServicesOfServer(NacosNamingService.java:449)
	at com.alibaba.cloud.nacos.discovery.NacosServiceDiscovery.getServices(NacosServiceDiscovery.java:70)
	at com.alibaba.cloud.nacos.discovery.reactive.NacosReactiveDiscoveryClient.lambda$getServices$3(NacosReactiveDiscoveryClient.java:87)
	at reactor.core.publisher.FluxDefer.subscribe(FluxDefer.java:46)
	at reactor.core.publisher.FluxSubscribeOn$SubscribeOnSubscriber.run(FluxSubscribeOn.java:194)
	at reactor.core.scheduler.WorkerTask.call(WorkerTask.java:84)
	at reactor.core.scheduler.WorkerTask.call(WorkerTask.java:37)
	at java.util.concurrent.FutureTask.run$$$capture(FutureTask.java:266)
	at java.util.concurrent.FutureTask.run(FutureTask.java)
	at java.util.concurrent.ScheduledThreadPoolExecutor$ScheduledFutureTask.access$201(ScheduledThreadPoolExecutor.java:180)
	at java.util.concurrent.ScheduledThreadPoolExecutor$ScheduledFutureTask.run(ScheduledThreadPoolExecutor.java:293)
	at java.util.concurrent.ThreadPoolExecutor.runWorker(ThreadPoolExecutor.java:1149)
	at java.util.concurrent.ThreadPoolExecutor$Worker.run(ThreadPoolExecutor.java:624)
	at java.lang.Thread.run(Thread.java:748)
19:56:24.936 [boundedElastic-267] ERROR c.a.c.n.d.r.NacosReactiveDiscoveryClient - [lambda$getServices$3,94] - get services from nacos server fail,
com.alibaba.nacos.api.exception.NacosException: Client not connected, current status:UNHEALTHY
	at com.alibaba.nacos.common.remote.client.RpcClient.request(RpcClient.java:639)
	at com.alibaba.nacos.common.remote.client.RpcClient.request(RpcClient.java:619)
	at com.alibaba.nacos.client.naming.remote.gprc.NamingGrpcClientProxy.requestToServer(NamingGrpcClientProxy.java:356)
	at com.alibaba.nacos.client.naming.remote.gprc.NamingGrpcClientProxy.getServiceList(NamingGrpcClientProxy.java:282)
	at com.alibaba.nacos.client.naming.remote.NamingClientProxyDelegate.getServiceList(NamingClientProxyDelegate.java:162)
	at com.alibaba.nacos.client.naming.NacosNamingService.getServicesOfServer(NacosNamingService.java:461)
	at com.alibaba.nacos.client.naming.NacosNamingService.getServicesOfServer(NacosNamingService.java:449)
	at com.alibaba.cloud.nacos.discovery.NacosServiceDiscovery.getServices(NacosServiceDiscovery.java:70)
	at com.alibaba.cloud.nacos.discovery.reactive.NacosReactiveDiscoveryClient.lambda$getServices$3(NacosReactiveDiscoveryClient.java:87)
	at reactor.core.publisher.FluxDefer.subscribe(FluxDefer.java:46)
	at reactor.core.publisher.FluxSubscribeOn$SubscribeOnSubscriber.run(FluxSubscribeOn.java:194)
	at reactor.core.scheduler.WorkerTask.call(WorkerTask.java:84)
	at reactor.core.scheduler.WorkerTask.call(WorkerTask.java:37)
	at java.util.concurrent.FutureTask.run$$$capture(FutureTask.java:266)
	at java.util.concurrent.FutureTask.run(FutureTask.java)
	at java.util.concurrent.ScheduledThreadPoolExecutor$ScheduledFutureTask.access$201(ScheduledThreadPoolExecutor.java:180)
	at java.util.concurrent.ScheduledThreadPoolExecutor$ScheduledFutureTask.run(ScheduledThreadPoolExecutor.java:293)
	at java.util.concurrent.ThreadPoolExecutor.runWorker(ThreadPoolExecutor.java:1149)
	at java.util.concurrent.ThreadPoolExecutor$Worker.run(ThreadPoolExecutor.java:624)
	at java.lang.Thread.run(Thread.java:748)
19:56:24.936 [boundedElastic-256] ERROR c.a.c.n.d.r.NacosReactiveDiscoveryClient - [lambda$getServices$3,94] - get services from nacos server fail,
com.alibaba.nacos.api.exception.NacosException: Client not connected, current status:UNHEALTHY
	at com.alibaba.nacos.common.remote.client.RpcClient.request(RpcClient.java:639)
	at com.alibaba.nacos.common.remote.client.RpcClient.request(RpcClient.java:619)
	at com.alibaba.nacos.client.naming.remote.gprc.NamingGrpcClientProxy.requestToServer(NamingGrpcClientProxy.java:356)
	at com.alibaba.nacos.client.naming.remote.gprc.NamingGrpcClientProxy.getServiceList(NamingGrpcClientProxy.java:282)
	at com.alibaba.nacos.client.naming.remote.NamingClientProxyDelegate.getServiceList(NamingClientProxyDelegate.java:162)
	at com.alibaba.nacos.client.naming.NacosNamingService.getServicesOfServer(NacosNamingService.java:461)
	at com.alibaba.nacos.client.naming.NacosNamingService.getServicesOfServer(NacosNamingService.java:449)
	at com.alibaba.cloud.nacos.discovery.NacosServiceDiscovery.getServices(NacosServiceDiscovery.java:70)
	at com.alibaba.cloud.nacos.discovery.reactive.NacosReactiveDiscoveryClient.lambda$getServices$3(NacosReactiveDiscoveryClient.java:87)
	at reactor.core.publisher.FluxDefer.subscribe(FluxDefer.java:46)
	at reactor.core.publisher.FluxSubscribeOn$SubscribeOnSubscriber.run(FluxSubscribeOn.java:194)
	at reactor.core.scheduler.WorkerTask.call(WorkerTask.java:84)
	at reactor.core.scheduler.WorkerTask.call(WorkerTask.java:37)
	at java.util.concurrent.FutureTask.run$$$capture(FutureTask.java:266)
	at java.util.concurrent.FutureTask.run(FutureTask.java)
	at java.util.concurrent.ScheduledThreadPoolExecutor$ScheduledFutureTask.access$201(ScheduledThreadPoolExecutor.java:180)
	at java.util.concurrent.ScheduledThreadPoolExecutor$ScheduledFutureTask.run(ScheduledThreadPoolExecutor.java:293)
	at java.util.concurrent.ThreadPoolExecutor.runWorker(ThreadPoolExecutor.java:1149)
	at java.util.concurrent.ThreadPoolExecutor$Worker.run(ThreadPoolExecutor.java:624)
	at java.lang.Thread.run(Thread.java:748)
19:56:54.940 [boundedElastic-256] ERROR c.a.c.n.d.r.NacosReactiveDiscoveryClient - [lambda$getServices$3,94] - get services from nacos server fail,
com.alibaba.nacos.api.exception.NacosException: Client not connected, current status:UNHEALTHY
	at com.alibaba.nacos.common.remote.client.RpcClient.request(RpcClient.java:639)
	at com.alibaba.nacos.common.remote.client.RpcClient.request(RpcClient.java:619)
	at com.alibaba.nacos.client.naming.remote.gprc.NamingGrpcClientProxy.requestToServer(NamingGrpcClientProxy.java:356)
	at com.alibaba.nacos.client.naming.remote.gprc.NamingGrpcClientProxy.getServiceList(NamingGrpcClientProxy.java:282)
	at com.alibaba.nacos.client.naming.remote.NamingClientProxyDelegate.getServiceList(NamingClientProxyDelegate.java:162)
	at com.alibaba.nacos.client.naming.NacosNamingService.getServicesOfServer(NacosNamingService.java:461)
	at com.alibaba.nacos.client.naming.NacosNamingService.getServicesOfServer(NacosNamingService.java:449)
	at com.alibaba.cloud.nacos.discovery.NacosServiceDiscovery.getServices(NacosServiceDiscovery.java:70)
	at com.alibaba.cloud.nacos.discovery.reactive.NacosReactiveDiscoveryClient.lambda$getServices$3(NacosReactiveDiscoveryClient.java:87)
	at reactor.core.publisher.FluxDefer.subscribe(FluxDefer.java:46)
	at reactor.core.publisher.FluxSubscribeOn$SubscribeOnSubscriber.run(FluxSubscribeOn.java:194)
	at reactor.core.scheduler.WorkerTask.call(WorkerTask.java:84)
	at reactor.core.scheduler.WorkerTask.call(WorkerTask.java:37)
	at java.util.concurrent.FutureTask.run$$$capture(FutureTask.java:266)
	at java.util.concurrent.FutureTask.run(FutureTask.java)
	at java.util.concurrent.ScheduledThreadPoolExecutor$ScheduledFutureTask.access$201(ScheduledThreadPoolExecutor.java:180)
	at java.util.concurrent.ScheduledThreadPoolExecutor$ScheduledFutureTask.run(ScheduledThreadPoolExecutor.java:293)
	at java.util.concurrent.ThreadPoolExecutor.runWorker(ThreadPoolExecutor.java:1149)
	at java.util.concurrent.ThreadPoolExecutor$Worker.run(ThreadPoolExecutor.java:624)
	at java.lang.Thread.run(Thread.java:748)
19:56:54.940 [boundedElastic-267] ERROR c.a.c.n.d.r.NacosReactiveDiscoveryClient - [lambda$getServices$3,94] - get services from nacos server fail,
com.alibaba.nacos.api.exception.NacosException: Client not connected, current status:UNHEALTHY
	at com.alibaba.nacos.common.remote.client.RpcClient.request(RpcClient.java:639)
	at com.alibaba.nacos.common.remote.client.RpcClient.request(RpcClient.java:619)
	at com.alibaba.nacos.client.naming.remote.gprc.NamingGrpcClientProxy.requestToServer(NamingGrpcClientProxy.java:356)
	at com.alibaba.nacos.client.naming.remote.gprc.NamingGrpcClientProxy.getServiceList(NamingGrpcClientProxy.java:282)
	at com.alibaba.nacos.client.naming.remote.NamingClientProxyDelegate.getServiceList(NamingClientProxyDelegate.java:162)
	at com.alibaba.nacos.client.naming.NacosNamingService.getServicesOfServer(NacosNamingService.java:461)
	at com.alibaba.nacos.client.naming.NacosNamingService.getServicesOfServer(NacosNamingService.java:449)
	at com.alibaba.cloud.nacos.discovery.NacosServiceDiscovery.getServices(NacosServiceDiscovery.java:70)
	at com.alibaba.cloud.nacos.discovery.reactive.NacosReactiveDiscoveryClient.lambda$getServices$3(NacosReactiveDiscoveryClient.java:87)
	at reactor.core.publisher.FluxDefer.subscribe(FluxDefer.java:46)
	at reactor.core.publisher.FluxSubscribeOn$SubscribeOnSubscriber.run(FluxSubscribeOn.java:194)
	at reactor.core.scheduler.WorkerTask.call(WorkerTask.java:84)
	at reactor.core.scheduler.WorkerTask.call(WorkerTask.java:37)
	at java.util.concurrent.FutureTask.run$$$capture(FutureTask.java:266)
	at java.util.concurrent.FutureTask.run(FutureTask.java)
	at java.util.concurrent.ScheduledThreadPoolExecutor$ScheduledFutureTask.access$201(ScheduledThreadPoolExecutor.java:180)
	at java.util.concurrent.ScheduledThreadPoolExecutor$ScheduledFutureTask.run(ScheduledThreadPoolExecutor.java:293)
	at java.util.concurrent.ThreadPoolExecutor.runWorker(ThreadPoolExecutor.java:1149)
	at java.util.concurrent.ThreadPoolExecutor$Worker.run(ThreadPoolExecutor.java:624)
	at java.lang.Thread.run(Thread.java:748)
19:57:24.943 [boundedElastic-256] ERROR c.a.c.n.d.r.NacosReactiveDiscoveryClient - [lambda$getServices$3,94] - get services from nacos server fail,
com.alibaba.nacos.api.exception.NacosException: Client not connected, current status:UNHEALTHY
	at com.alibaba.nacos.common.remote.client.RpcClient.request(RpcClient.java:639)
	at com.alibaba.nacos.common.remote.client.RpcClient.request(RpcClient.java:619)
	at com.alibaba.nacos.client.naming.remote.gprc.NamingGrpcClientProxy.requestToServer(NamingGrpcClientProxy.java:356)
	at com.alibaba.nacos.client.naming.remote.gprc.NamingGrpcClientProxy.getServiceList(NamingGrpcClientProxy.java:282)
	at com.alibaba.nacos.client.naming.remote.NamingClientProxyDelegate.getServiceList(NamingClientProxyDelegate.java:162)
	at com.alibaba.nacos.client.naming.NacosNamingService.getServicesOfServer(NacosNamingService.java:461)
	at com.alibaba.nacos.client.naming.NacosNamingService.getServicesOfServer(NacosNamingService.java:449)
	at com.alibaba.cloud.nacos.discovery.NacosServiceDiscovery.getServices(NacosServiceDiscovery.java:70)
	at com.alibaba.cloud.nacos.discovery.reactive.NacosReactiveDiscoveryClient.lambda$getServices$3(NacosReactiveDiscoveryClient.java:87)
	at reactor.core.publisher.FluxDefer.subscribe(FluxDefer.java:46)
	at reactor.core.publisher.FluxSubscribeOn$SubscribeOnSubscriber.run(FluxSubscribeOn.java:194)
	at reactor.core.scheduler.WorkerTask.call(WorkerTask.java:84)
	at reactor.core.scheduler.WorkerTask.call(WorkerTask.java:37)
	at java.util.concurrent.FutureTask.run$$$capture(FutureTask.java:266)
	at java.util.concurrent.FutureTask.run(FutureTask.java)
	at java.util.concurrent.ScheduledThreadPoolExecutor$ScheduledFutureTask.access$201(ScheduledThreadPoolExecutor.java:180)
	at java.util.concurrent.ScheduledThreadPoolExecutor$ScheduledFutureTask.run(ScheduledThreadPoolExecutor.java:293)
	at java.util.concurrent.ThreadPoolExecutor.runWorker(ThreadPoolExecutor.java:1149)
	at java.util.concurrent.ThreadPoolExecutor$Worker.run(ThreadPoolExecutor.java:624)
	at java.lang.Thread.run(Thread.java:748)
19:57:24.943 [boundedElastic-267] ERROR c.a.c.n.d.r.NacosReactiveDiscoveryClient - [lambda$getServices$3,94] - get services from nacos server fail,
com.alibaba.nacos.api.exception.NacosException: Client not connected, current status:UNHEALTHY
	at com.alibaba.nacos.common.remote.client.RpcClient.request(RpcClient.java:639)
	at com.alibaba.nacos.common.remote.client.RpcClient.request(RpcClient.java:619)
	at com.alibaba.nacos.client.naming.remote.gprc.NamingGrpcClientProxy.requestToServer(NamingGrpcClientProxy.java:356)
	at com.alibaba.nacos.client.naming.remote.gprc.NamingGrpcClientProxy.getServiceList(NamingGrpcClientProxy.java:282)
	at com.alibaba.nacos.client.naming.remote.NamingClientProxyDelegate.getServiceList(NamingClientProxyDelegate.java:162)
	at com.alibaba.nacos.client.naming.NacosNamingService.getServicesOfServer(NacosNamingService.java:461)
	at com.alibaba.nacos.client.naming.NacosNamingService.getServicesOfServer(NacosNamingService.java:449)
	at com.alibaba.cloud.nacos.discovery.NacosServiceDiscovery.getServices(NacosServiceDiscovery.java:70)
	at com.alibaba.cloud.nacos.discovery.reactive.NacosReactiveDiscoveryClient.lambda$getServices$3(NacosReactiveDiscoveryClient.java:87)
	at reactor.core.publisher.FluxDefer.subscribe(FluxDefer.java:46)
	at reactor.core.publisher.FluxSubscribeOn$SubscribeOnSubscriber.run(FluxSubscribeOn.java:194)
	at reactor.core.scheduler.WorkerTask.call(WorkerTask.java:84)
	at reactor.core.scheduler.WorkerTask.call(WorkerTask.java:37)
	at java.util.concurrent.FutureTask.run$$$capture(FutureTask.java:266)
	at java.util.concurrent.FutureTask.run(FutureTask.java)
	at java.util.concurrent.ScheduledThreadPoolExecutor$ScheduledFutureTask.access$201(ScheduledThreadPoolExecutor.java:180)
	at java.util.concurrent.ScheduledThreadPoolExecutor$ScheduledFutureTask.run(ScheduledThreadPoolExecutor.java:293)
	at java.util.concurrent.ThreadPoolExecutor.runWorker(ThreadPoolExecutor.java:1149)
	at java.util.concurrent.ThreadPoolExecutor$Worker.run(ThreadPoolExecutor.java:624)
	at java.lang.Thread.run(Thread.java:748)
19:57:54.950 [boundedElastic-267] ERROR c.a.c.n.d.r.NacosReactiveDiscoveryClient - [lambda$getServices$3,94] - get services from nacos server fail,
com.alibaba.nacos.api.exception.NacosException: Client not connected, current status:UNHEALTHY
	at com.alibaba.nacos.common.remote.client.RpcClient.request(RpcClient.java:639)
	at com.alibaba.nacos.common.remote.client.RpcClient.request(RpcClient.java:619)
	at com.alibaba.nacos.client.naming.remote.gprc.NamingGrpcClientProxy.requestToServer(NamingGrpcClientProxy.java:356)
	at com.alibaba.nacos.client.naming.remote.gprc.NamingGrpcClientProxy.getServiceList(NamingGrpcClientProxy.java:282)
	at com.alibaba.nacos.client.naming.remote.NamingClientProxyDelegate.getServiceList(NamingClientProxyDelegate.java:162)
	at com.alibaba.nacos.client.naming.NacosNamingService.getServicesOfServer(NacosNamingService.java:461)
	at com.alibaba.nacos.client.naming.NacosNamingService.getServicesOfServer(NacosNamingService.java:449)
	at com.alibaba.cloud.nacos.discovery.NacosServiceDiscovery.getServices(NacosServiceDiscovery.java:70)
	at com.alibaba.cloud.nacos.discovery.reactive.NacosReactiveDiscoveryClient.lambda$getServices$3(NacosReactiveDiscoveryClient.java:87)
	at reactor.core.publisher.FluxDefer.subscribe(FluxDefer.java:46)
	at reactor.core.publisher.FluxSubscribeOn$SubscribeOnSubscriber.run(FluxSubscribeOn.java:194)
	at reactor.core.scheduler.WorkerTask.call(WorkerTask.java:84)
	at reactor.core.scheduler.WorkerTask.call(WorkerTask.java:37)
	at java.util.concurrent.FutureTask.run$$$capture(FutureTask.java:266)
	at java.util.concurrent.FutureTask.run(FutureTask.java)
	at java.util.concurrent.ScheduledThreadPoolExecutor$ScheduledFutureTask.access$201(ScheduledThreadPoolExecutor.java:180)
	at java.util.concurrent.ScheduledThreadPoolExecutor$ScheduledFutureTask.run(ScheduledThreadPoolExecutor.java:293)
	at java.util.concurrent.ThreadPoolExecutor.runWorker(ThreadPoolExecutor.java:1149)
	at java.util.concurrent.ThreadPoolExecutor$Worker.run(ThreadPoolExecutor.java:624)
	at java.lang.Thread.run(Thread.java:748)
19:57:54.950 [boundedElastic-256] ERROR c.a.c.n.d.r.NacosReactiveDiscoveryClient - [lambda$getServices$3,94] - get services from nacos server fail,
com.alibaba.nacos.api.exception.NacosException: Client not connected, current status:UNHEALTHY
	at com.alibaba.nacos.common.remote.client.RpcClient.request(RpcClient.java:639)
	at com.alibaba.nacos.common.remote.client.RpcClient.request(RpcClient.java:619)
	at com.alibaba.nacos.client.naming.remote.gprc.NamingGrpcClientProxy.requestToServer(NamingGrpcClientProxy.java:356)
	at com.alibaba.nacos.client.naming.remote.gprc.NamingGrpcClientProxy.getServiceList(NamingGrpcClientProxy.java:282)
	at com.alibaba.nacos.client.naming.remote.NamingClientProxyDelegate.getServiceList(NamingClientProxyDelegate.java:162)
	at com.alibaba.nacos.client.naming.NacosNamingService.getServicesOfServer(NacosNamingService.java:461)
	at com.alibaba.nacos.client.naming.NacosNamingService.getServicesOfServer(NacosNamingService.java:449)
	at com.alibaba.cloud.nacos.discovery.NacosServiceDiscovery.getServices(NacosServiceDiscovery.java:70)
	at com.alibaba.cloud.nacos.discovery.reactive.NacosReactiveDiscoveryClient.lambda$getServices$3(NacosReactiveDiscoveryClient.java:87)
	at reactor.core.publisher.FluxDefer.subscribe(FluxDefer.java:46)
	at reactor.core.publisher.FluxSubscribeOn$SubscribeOnSubscriber.run(FluxSubscribeOn.java:194)
	at reactor.core.scheduler.WorkerTask.call(WorkerTask.java:84)
	at reactor.core.scheduler.WorkerTask.call(WorkerTask.java:37)
	at java.util.concurrent.FutureTask.run$$$capture(FutureTask.java:266)
	at java.util.concurrent.FutureTask.run(FutureTask.java)
	at java.util.concurrent.ScheduledThreadPoolExecutor$ScheduledFutureTask.access$201(ScheduledThreadPoolExecutor.java:180)
	at java.util.concurrent.ScheduledThreadPoolExecutor$ScheduledFutureTask.run(ScheduledThreadPoolExecutor.java:293)
	at java.util.concurrent.ThreadPoolExecutor.runWorker(ThreadPoolExecutor.java:1149)
	at java.util.concurrent.ThreadPoolExecutor$Worker.run(ThreadPoolExecutor.java:624)
	at java.lang.Thread.run(Thread.java:748)
19:58:24.946 [boundedElastic-267] ERROR c.a.c.n.d.r.NacosReactiveDiscoveryClient - [lambda$getServices$3,94] - get services from nacos server fail,
com.alibaba.nacos.api.exception.NacosException: Client not connected, current status:UNHEALTHY
	at com.alibaba.nacos.common.remote.client.RpcClient.request(RpcClient.java:639)
	at com.alibaba.nacos.common.remote.client.RpcClient.request(RpcClient.java:619)
	at com.alibaba.nacos.client.naming.remote.gprc.NamingGrpcClientProxy.requestToServer(NamingGrpcClientProxy.java:356)
	at com.alibaba.nacos.client.naming.remote.gprc.NamingGrpcClientProxy.getServiceList(NamingGrpcClientProxy.java:282)
	at com.alibaba.nacos.client.naming.remote.NamingClientProxyDelegate.getServiceList(NamingClientProxyDelegate.java:162)
	at com.alibaba.nacos.client.naming.NacosNamingService.getServicesOfServer(NacosNamingService.java:461)
	at com.alibaba.nacos.client.naming.NacosNamingService.getServicesOfServer(NacosNamingService.java:449)
	at com.alibaba.cloud.nacos.discovery.NacosServiceDiscovery.getServices(NacosServiceDiscovery.java:70)
	at com.alibaba.cloud.nacos.discovery.reactive.NacosReactiveDiscoveryClient.lambda$getServices$3(NacosReactiveDiscoveryClient.java:87)
	at reactor.core.publisher.FluxDefer.subscribe(FluxDefer.java:46)
	at reactor.core.publisher.FluxSubscribeOn$SubscribeOnSubscriber.run(FluxSubscribeOn.java:194)
	at reactor.core.scheduler.WorkerTask.call(WorkerTask.java:84)
	at reactor.core.scheduler.WorkerTask.call(WorkerTask.java:37)
	at java.util.concurrent.FutureTask.run$$$capture(FutureTask.java:266)
	at java.util.concurrent.FutureTask.run(FutureTask.java)
	at java.util.concurrent.ScheduledThreadPoolExecutor$ScheduledFutureTask.access$201(ScheduledThreadPoolExecutor.java:180)
	at java.util.concurrent.ScheduledThreadPoolExecutor$ScheduledFutureTask.run(ScheduledThreadPoolExecutor.java:293)
	at java.util.concurrent.ThreadPoolExecutor.runWorker(ThreadPoolExecutor.java:1149)
	at java.util.concurrent.ThreadPoolExecutor$Worker.run(ThreadPoolExecutor.java:624)
	at java.lang.Thread.run(Thread.java:748)
19:58:24.946 [boundedElastic-256] ERROR c.a.c.n.d.r.NacosReactiveDiscoveryClient - [lambda$getServices$3,94] - get services from nacos server fail,
com.alibaba.nacos.api.exception.NacosException: Client not connected, current status:UNHEALTHY
	at com.alibaba.nacos.common.remote.client.RpcClient.request(RpcClient.java:639)
	at com.alibaba.nacos.common.remote.client.RpcClient.request(RpcClient.java:619)
	at com.alibaba.nacos.client.naming.remote.gprc.NamingGrpcClientProxy.requestToServer(NamingGrpcClientProxy.java:356)
	at com.alibaba.nacos.client.naming.remote.gprc.NamingGrpcClientProxy.getServiceList(NamingGrpcClientProxy.java:282)
	at com.alibaba.nacos.client.naming.remote.NamingClientProxyDelegate.getServiceList(NamingClientProxyDelegate.java:162)
	at com.alibaba.nacos.client.naming.NacosNamingService.getServicesOfServer(NacosNamingService.java:461)
	at com.alibaba.nacos.client.naming.NacosNamingService.getServicesOfServer(NacosNamingService.java:449)
	at com.alibaba.cloud.nacos.discovery.NacosServiceDiscovery.getServices(NacosServiceDiscovery.java:70)
	at com.alibaba.cloud.nacos.discovery.reactive.NacosReactiveDiscoveryClient.lambda$getServices$3(NacosReactiveDiscoveryClient.java:87)
	at reactor.core.publisher.FluxDefer.subscribe(FluxDefer.java:46)
	at reactor.core.publisher.FluxSubscribeOn$SubscribeOnSubscriber.run(FluxSubscribeOn.java:194)
	at reactor.core.scheduler.WorkerTask.call(WorkerTask.java:84)
	at reactor.core.scheduler.WorkerTask.call(WorkerTask.java:37)
	at java.util.concurrent.FutureTask.run$$$capture(FutureTask.java:266)
	at java.util.concurrent.FutureTask.run(FutureTask.java)
	at java.util.concurrent.ScheduledThreadPoolExecutor$ScheduledFutureTask.access$201(ScheduledThreadPoolExecutor.java:180)
	at java.util.concurrent.ScheduledThreadPoolExecutor$ScheduledFutureTask.run(ScheduledThreadPoolExecutor.java:293)
	at java.util.concurrent.ThreadPoolExecutor.runWorker(ThreadPoolExecutor.java:1149)
	at java.util.concurrent.ThreadPoolExecutor$Worker.run(ThreadPoolExecutor.java:624)
	at java.lang.Thread.run(Thread.java:748)
19:58:54.949 [boundedElastic-267] ERROR c.a.c.n.d.r.NacosReactiveDiscoveryClient - [lambda$getServices$3,94] - get services from nacos server fail,
com.alibaba.nacos.api.exception.NacosException: Client not connected, current status:UNHEALTHY
	at com.alibaba.nacos.common.remote.client.RpcClient.request(RpcClient.java:639)
	at com.alibaba.nacos.common.remote.client.RpcClient.request(RpcClient.java:619)
	at com.alibaba.nacos.client.naming.remote.gprc.NamingGrpcClientProxy.requestToServer(NamingGrpcClientProxy.java:356)
	at com.alibaba.nacos.client.naming.remote.gprc.NamingGrpcClientProxy.getServiceList(NamingGrpcClientProxy.java:282)
	at com.alibaba.nacos.client.naming.remote.NamingClientProxyDelegate.getServiceList(NamingClientProxyDelegate.java:162)
	at com.alibaba.nacos.client.naming.NacosNamingService.getServicesOfServer(NacosNamingService.java:461)
	at com.alibaba.nacos.client.naming.NacosNamingService.getServicesOfServer(NacosNamingService.java:449)
	at com.alibaba.cloud.nacos.discovery.NacosServiceDiscovery.getServices(NacosServiceDiscovery.java:70)
	at com.alibaba.cloud.nacos.discovery.reactive.NacosReactiveDiscoveryClient.lambda$getServices$3(NacosReactiveDiscoveryClient.java:87)
	at reactor.core.publisher.FluxDefer.subscribe(FluxDefer.java:46)
	at reactor.core.publisher.FluxSubscribeOn$SubscribeOnSubscriber.run(FluxSubscribeOn.java:194)
	at reactor.core.scheduler.WorkerTask.call(WorkerTask.java:84)
	at reactor.core.scheduler.WorkerTask.call(WorkerTask.java:37)
	at java.util.concurrent.FutureTask.run$$$capture(FutureTask.java:266)
	at java.util.concurrent.FutureTask.run(FutureTask.java)
	at java.util.concurrent.ScheduledThreadPoolExecutor$ScheduledFutureTask.access$201(ScheduledThreadPoolExecutor.java:180)
	at java.util.concurrent.ScheduledThreadPoolExecutor$ScheduledFutureTask.run(ScheduledThreadPoolExecutor.java:293)
	at java.util.concurrent.ThreadPoolExecutor.runWorker(ThreadPoolExecutor.java:1149)
	at java.util.concurrent.ThreadPoolExecutor$Worker.run(ThreadPoolExecutor.java:624)
	at java.lang.Thread.run(Thread.java:748)
19:58:54.949 [boundedElastic-256] ERROR c.a.c.n.d.r.NacosReactiveDiscoveryClient - [lambda$getServices$3,94] - get services from nacos server fail,
com.alibaba.nacos.api.exception.NacosException: Client not connected, current status:UNHEALTHY
	at com.alibaba.nacos.common.remote.client.RpcClient.request(RpcClient.java:639)
	at com.alibaba.nacos.common.remote.client.RpcClient.request(RpcClient.java:619)
	at com.alibaba.nacos.client.naming.remote.gprc.NamingGrpcClientProxy.requestToServer(NamingGrpcClientProxy.java:356)
	at com.alibaba.nacos.client.naming.remote.gprc.NamingGrpcClientProxy.getServiceList(NamingGrpcClientProxy.java:282)
	at com.alibaba.nacos.client.naming.remote.NamingClientProxyDelegate.getServiceList(NamingClientProxyDelegate.java:162)
	at com.alibaba.nacos.client.naming.NacosNamingService.getServicesOfServer(NacosNamingService.java:461)
	at com.alibaba.nacos.client.naming.NacosNamingService.getServicesOfServer(NacosNamingService.java:449)
	at com.alibaba.cloud.nacos.discovery.NacosServiceDiscovery.getServices(NacosServiceDiscovery.java:70)
	at com.alibaba.cloud.nacos.discovery.reactive.NacosReactiveDiscoveryClient.lambda$getServices$3(NacosReactiveDiscoveryClient.java:87)
	at reactor.core.publisher.FluxDefer.subscribe(FluxDefer.java:46)
	at reactor.core.publisher.FluxSubscribeOn$SubscribeOnSubscriber.run(FluxSubscribeOn.java:194)
	at reactor.core.scheduler.WorkerTask.call(WorkerTask.java:84)
	at reactor.core.scheduler.WorkerTask.call(WorkerTask.java:37)
	at java.util.concurrent.FutureTask.run$$$capture(FutureTask.java:266)
	at java.util.concurrent.FutureTask.run(FutureTask.java)
	at java.util.concurrent.ScheduledThreadPoolExecutor$ScheduledFutureTask.access$201(ScheduledThreadPoolExecutor.java:180)
	at java.util.concurrent.ScheduledThreadPoolExecutor$ScheduledFutureTask.run(ScheduledThreadPoolExecutor.java:293)
	at java.util.concurrent.ThreadPoolExecutor.runWorker(ThreadPoolExecutor.java:1149)
	at java.util.concurrent.ThreadPoolExecutor$Worker.run(ThreadPoolExecutor.java:624)
	at java.lang.Thread.run(Thread.java:748)
19:59:24.952 [boundedElastic-267] ERROR c.a.c.n.d.r.NacosReactiveDiscoveryClient - [lambda$getServices$3,94] - get services from nacos server fail,
com.alibaba.nacos.api.exception.NacosException: Client not connected, current status:UNHEALTHY
	at com.alibaba.nacos.common.remote.client.RpcClient.request(RpcClient.java:639)
	at com.alibaba.nacos.common.remote.client.RpcClient.request(RpcClient.java:619)
	at com.alibaba.nacos.client.naming.remote.gprc.NamingGrpcClientProxy.requestToServer(NamingGrpcClientProxy.java:356)
	at com.alibaba.nacos.client.naming.remote.gprc.NamingGrpcClientProxy.getServiceList(NamingGrpcClientProxy.java:282)
	at com.alibaba.nacos.client.naming.remote.NamingClientProxyDelegate.getServiceList(NamingClientProxyDelegate.java:162)
	at com.alibaba.nacos.client.naming.NacosNamingService.getServicesOfServer(NacosNamingService.java:461)
	at com.alibaba.nacos.client.naming.NacosNamingService.getServicesOfServer(NacosNamingService.java:449)
	at com.alibaba.cloud.nacos.discovery.NacosServiceDiscovery.getServices(NacosServiceDiscovery.java:70)
	at com.alibaba.cloud.nacos.discovery.reactive.NacosReactiveDiscoveryClient.lambda$getServices$3(NacosReactiveDiscoveryClient.java:87)
	at reactor.core.publisher.FluxDefer.subscribe(FluxDefer.java:46)
	at reactor.core.publisher.FluxSubscribeOn$SubscribeOnSubscriber.run(FluxSubscribeOn.java:194)
	at reactor.core.scheduler.WorkerTask.call(WorkerTask.java:84)
	at reactor.core.scheduler.WorkerTask.call(WorkerTask.java:37)
	at java.util.concurrent.FutureTask.run$$$capture(FutureTask.java:266)
	at java.util.concurrent.FutureTask.run(FutureTask.java)
	at java.util.concurrent.ScheduledThreadPoolExecutor$ScheduledFutureTask.access$201(ScheduledThreadPoolExecutor.java:180)
	at java.util.concurrent.ScheduledThreadPoolExecutor$ScheduledFutureTask.run(ScheduledThreadPoolExecutor.java:293)
	at java.util.concurrent.ThreadPoolExecutor.runWorker(ThreadPoolExecutor.java:1149)
	at java.util.concurrent.ThreadPoolExecutor$Worker.run(ThreadPoolExecutor.java:624)
	at java.lang.Thread.run(Thread.java:748)
19:59:24.952 [boundedElastic-256] ERROR c.a.c.n.d.r.NacosReactiveDiscoveryClient - [lambda$getServices$3,94] - get services from nacos server fail,
com.alibaba.nacos.api.exception.NacosException: Client not connected, current status:UNHEALTHY
	at com.alibaba.nacos.common.remote.client.RpcClient.request(RpcClient.java:639)
	at com.alibaba.nacos.common.remote.client.RpcClient.request(RpcClient.java:619)
	at com.alibaba.nacos.client.naming.remote.gprc.NamingGrpcClientProxy.requestToServer(NamingGrpcClientProxy.java:356)
	at com.alibaba.nacos.client.naming.remote.gprc.NamingGrpcClientProxy.getServiceList(NamingGrpcClientProxy.java:282)
	at com.alibaba.nacos.client.naming.remote.NamingClientProxyDelegate.getServiceList(NamingClientProxyDelegate.java:162)
	at com.alibaba.nacos.client.naming.NacosNamingService.getServicesOfServer(NacosNamingService.java:461)
	at com.alibaba.nacos.client.naming.NacosNamingService.getServicesOfServer(NacosNamingService.java:449)
	at com.alibaba.cloud.nacos.discovery.NacosServiceDiscovery.getServices(NacosServiceDiscovery.java:70)
	at com.alibaba.cloud.nacos.discovery.reactive.NacosReactiveDiscoveryClient.lambda$getServices$3(NacosReactiveDiscoveryClient.java:87)
	at reactor.core.publisher.FluxDefer.subscribe(FluxDefer.java:46)
	at reactor.core.publisher.FluxSubscribeOn$SubscribeOnSubscriber.run(FluxSubscribeOn.java:194)
	at reactor.core.scheduler.WorkerTask.call(WorkerTask.java:84)
	at reactor.core.scheduler.WorkerTask.call(WorkerTask.java:37)
	at java.util.concurrent.FutureTask.run$$$capture(FutureTask.java:266)
	at java.util.concurrent.FutureTask.run(FutureTask.java)
	at java.util.concurrent.ScheduledThreadPoolExecutor$ScheduledFutureTask.access$201(ScheduledThreadPoolExecutor.java:180)
	at java.util.concurrent.ScheduledThreadPoolExecutor$ScheduledFutureTask.run(ScheduledThreadPoolExecutor.java:293)
	at java.util.concurrent.ThreadPoolExecutor.runWorker(ThreadPoolExecutor.java:1149)
	at java.util.concurrent.ThreadPoolExecutor$Worker.run(ThreadPoolExecutor.java:624)
	at java.lang.Thread.run(Thread.java:748)
19:59:54.954 [boundedElastic-256] ERROR c.a.c.n.d.r.NacosReactiveDiscoveryClient - [lambda$getServices$3,94] - get services from nacos server fail,
com.alibaba.nacos.api.exception.NacosException: Client not connected, current status:UNHEALTHY
	at com.alibaba.nacos.common.remote.client.RpcClient.request(RpcClient.java:639)
	at com.alibaba.nacos.common.remote.client.RpcClient.request(RpcClient.java:619)
	at com.alibaba.nacos.client.naming.remote.gprc.NamingGrpcClientProxy.requestToServer(NamingGrpcClientProxy.java:356)
	at com.alibaba.nacos.client.naming.remote.gprc.NamingGrpcClientProxy.getServiceList(NamingGrpcClientProxy.java:282)
	at com.alibaba.nacos.client.naming.remote.NamingClientProxyDelegate.getServiceList(NamingClientProxyDelegate.java:162)
	at com.alibaba.nacos.client.naming.NacosNamingService.getServicesOfServer(NacosNamingService.java:461)
	at com.alibaba.nacos.client.naming.NacosNamingService.getServicesOfServer(NacosNamingService.java:449)
	at com.alibaba.cloud.nacos.discovery.NacosServiceDiscovery.getServices(NacosServiceDiscovery.java:70)
	at com.alibaba.cloud.nacos.discovery.reactive.NacosReactiveDiscoveryClient.lambda$getServices$3(NacosReactiveDiscoveryClient.java:87)
	at reactor.core.publisher.FluxDefer.subscribe(FluxDefer.java:46)
	at reactor.core.publisher.FluxSubscribeOn$SubscribeOnSubscriber.run(FluxSubscribeOn.java:194)
	at reactor.core.scheduler.WorkerTask.call(WorkerTask.java:84)
	at reactor.core.scheduler.WorkerTask.call(WorkerTask.java:37)
	at java.util.concurrent.FutureTask.run$$$capture(FutureTask.java:266)
	at java.util.concurrent.FutureTask.run(FutureTask.java)
	at java.util.concurrent.ScheduledThreadPoolExecutor$ScheduledFutureTask.access$201(ScheduledThreadPoolExecutor.java:180)
	at java.util.concurrent.ScheduledThreadPoolExecutor$ScheduledFutureTask.run(ScheduledThreadPoolExecutor.java:293)
	at java.util.concurrent.ThreadPoolExecutor.runWorker(ThreadPoolExecutor.java:1149)
	at java.util.concurrent.ThreadPoolExecutor$Worker.run(ThreadPoolExecutor.java:624)
	at java.lang.Thread.run(Thread.java:748)
19:59:54.954 [boundedElastic-267] ERROR c.a.c.n.d.r.NacosReactiveDiscoveryClient - [lambda$getServices$3,94] - get services from nacos server fail,
com.alibaba.nacos.api.exception.NacosException: Client not connected, current status:UNHEALTHY
	at com.alibaba.nacos.common.remote.client.RpcClient.request(RpcClient.java:639)
	at com.alibaba.nacos.common.remote.client.RpcClient.request(RpcClient.java:619)
	at com.alibaba.nacos.client.naming.remote.gprc.NamingGrpcClientProxy.requestToServer(NamingGrpcClientProxy.java:356)
	at com.alibaba.nacos.client.naming.remote.gprc.NamingGrpcClientProxy.getServiceList(NamingGrpcClientProxy.java:282)
	at com.alibaba.nacos.client.naming.remote.NamingClientProxyDelegate.getServiceList(NamingClientProxyDelegate.java:162)
	at com.alibaba.nacos.client.naming.NacosNamingService.getServicesOfServer(NacosNamingService.java:461)
	at com.alibaba.nacos.client.naming.NacosNamingService.getServicesOfServer(NacosNamingService.java:449)
	at com.alibaba.cloud.nacos.discovery.NacosServiceDiscovery.getServices(NacosServiceDiscovery.java:70)
	at com.alibaba.cloud.nacos.discovery.reactive.NacosReactiveDiscoveryClient.lambda$getServices$3(NacosReactiveDiscoveryClient.java:87)
	at reactor.core.publisher.FluxDefer.subscribe(FluxDefer.java:46)
	at reactor.core.publisher.FluxSubscribeOn$SubscribeOnSubscriber.run(FluxSubscribeOn.java:194)
	at reactor.core.scheduler.WorkerTask.call(WorkerTask.java:84)
	at reactor.core.scheduler.WorkerTask.call(WorkerTask.java:37)
	at java.util.concurrent.FutureTask.run$$$capture(FutureTask.java:266)
	at java.util.concurrent.FutureTask.run(FutureTask.java)
	at java.util.concurrent.ScheduledThreadPoolExecutor$ScheduledFutureTask.access$201(ScheduledThreadPoolExecutor.java:180)
	at java.util.concurrent.ScheduledThreadPoolExecutor$ScheduledFutureTask.run(ScheduledThreadPoolExecutor.java:293)
	at java.util.concurrent.ThreadPoolExecutor.runWorker(ThreadPoolExecutor.java:1149)
	at java.util.concurrent.ThreadPoolExecutor$Worker.run(ThreadPoolExecutor.java:624)
	at java.lang.Thread.run(Thread.java:748)
20:00:24.952 [boundedElastic-256] ERROR c.a.c.n.d.r.NacosReactiveDiscoveryClient - [lambda$getServices$3,94] - get services from nacos server fail,
com.alibaba.nacos.api.exception.NacosException: Client not connected, current status:UNHEALTHY
	at com.alibaba.nacos.common.remote.client.RpcClient.request(RpcClient.java:639)
	at com.alibaba.nacos.common.remote.client.RpcClient.request(RpcClient.java:619)
	at com.alibaba.nacos.client.naming.remote.gprc.NamingGrpcClientProxy.requestToServer(NamingGrpcClientProxy.java:356)
	at com.alibaba.nacos.client.naming.remote.gprc.NamingGrpcClientProxy.getServiceList(NamingGrpcClientProxy.java:282)
	at com.alibaba.nacos.client.naming.remote.NamingClientProxyDelegate.getServiceList(NamingClientProxyDelegate.java:162)
	at com.alibaba.nacos.client.naming.NacosNamingService.getServicesOfServer(NacosNamingService.java:461)
	at com.alibaba.nacos.client.naming.NacosNamingService.getServicesOfServer(NacosNamingService.java:449)
	at com.alibaba.cloud.nacos.discovery.NacosServiceDiscovery.getServices(NacosServiceDiscovery.java:70)
	at com.alibaba.cloud.nacos.discovery.reactive.NacosReactiveDiscoveryClient.lambda$getServices$3(NacosReactiveDiscoveryClient.java:87)
	at reactor.core.publisher.FluxDefer.subscribe(FluxDefer.java:46)
	at reactor.core.publisher.FluxSubscribeOn$SubscribeOnSubscriber.run(FluxSubscribeOn.java:194)
	at reactor.core.scheduler.WorkerTask.call(WorkerTask.java:84)
	at reactor.core.scheduler.WorkerTask.call(WorkerTask.java:37)
	at java.util.concurrent.FutureTask.run$$$capture(FutureTask.java:266)
	at java.util.concurrent.FutureTask.run(FutureTask.java)
	at java.util.concurrent.ScheduledThreadPoolExecutor$ScheduledFutureTask.access$201(ScheduledThreadPoolExecutor.java:180)
	at java.util.concurrent.ScheduledThreadPoolExecutor$ScheduledFutureTask.run(ScheduledThreadPoolExecutor.java:293)
	at java.util.concurrent.ThreadPoolExecutor.runWorker(ThreadPoolExecutor.java:1149)
	at java.util.concurrent.ThreadPoolExecutor$Worker.run(ThreadPoolExecutor.java:624)
	at java.lang.Thread.run(Thread.java:748)
20:00:24.953 [boundedElastic-267] ERROR c.a.c.n.d.r.NacosReactiveDiscoveryClient - [lambda$getServices$3,94] - get services from nacos server fail,
com.alibaba.nacos.api.exception.NacosException: Client not connected, current status:UNHEALTHY
	at com.alibaba.nacos.common.remote.client.RpcClient.request(RpcClient.java:639)
	at com.alibaba.nacos.common.remote.client.RpcClient.request(RpcClient.java:619)
	at com.alibaba.nacos.client.naming.remote.gprc.NamingGrpcClientProxy.requestToServer(NamingGrpcClientProxy.java:356)
	at com.alibaba.nacos.client.naming.remote.gprc.NamingGrpcClientProxy.getServiceList(NamingGrpcClientProxy.java:282)
	at com.alibaba.nacos.client.naming.remote.NamingClientProxyDelegate.getServiceList(NamingClientProxyDelegate.java:162)
	at com.alibaba.nacos.client.naming.NacosNamingService.getServicesOfServer(NacosNamingService.java:461)
	at com.alibaba.nacos.client.naming.NacosNamingService.getServicesOfServer(NacosNamingService.java:449)
	at com.alibaba.cloud.nacos.discovery.NacosServiceDiscovery.getServices(NacosServiceDiscovery.java:70)
	at com.alibaba.cloud.nacos.discovery.reactive.NacosReactiveDiscoveryClient.lambda$getServices$3(NacosReactiveDiscoveryClient.java:87)
	at reactor.core.publisher.FluxDefer.subscribe(FluxDefer.java:46)
	at reactor.core.publisher.FluxSubscribeOn$SubscribeOnSubscriber.run(FluxSubscribeOn.java:194)
	at reactor.core.scheduler.WorkerTask.call(WorkerTask.java:84)
	at reactor.core.scheduler.WorkerTask.call(WorkerTask.java:37)
	at java.util.concurrent.FutureTask.run$$$capture(FutureTask.java:266)
	at java.util.concurrent.FutureTask.run(FutureTask.java)
	at java.util.concurrent.ScheduledThreadPoolExecutor$ScheduledFutureTask.access$201(ScheduledThreadPoolExecutor.java:180)
	at java.util.concurrent.ScheduledThreadPoolExecutor$ScheduledFutureTask.run(ScheduledThreadPoolExecutor.java:293)
	at java.util.concurrent.ThreadPoolExecutor.runWorker(ThreadPoolExecutor.java:1149)
	at java.util.concurrent.ThreadPoolExecutor$Worker.run(ThreadPoolExecutor.java:624)
	at java.lang.Thread.run(Thread.java:748)
20:00:54.955 [boundedElastic-267] ERROR c.a.c.n.d.r.NacosReactiveDiscoveryClient - [lambda$getServices$3,94] - get services from nacos server fail,
com.alibaba.nacos.api.exception.NacosException: Client not connected, current status:UNHEALTHY
	at com.alibaba.nacos.common.remote.client.RpcClient.request(RpcClient.java:639)
	at com.alibaba.nacos.common.remote.client.RpcClient.request(RpcClient.java:619)
	at com.alibaba.nacos.client.naming.remote.gprc.NamingGrpcClientProxy.requestToServer(NamingGrpcClientProxy.java:356)
	at com.alibaba.nacos.client.naming.remote.gprc.NamingGrpcClientProxy.getServiceList(NamingGrpcClientProxy.java:282)
	at com.alibaba.nacos.client.naming.remote.NamingClientProxyDelegate.getServiceList(NamingClientProxyDelegate.java:162)
	at com.alibaba.nacos.client.naming.NacosNamingService.getServicesOfServer(NacosNamingService.java:461)
	at com.alibaba.nacos.client.naming.NacosNamingService.getServicesOfServer(NacosNamingService.java:449)
	at com.alibaba.cloud.nacos.discovery.NacosServiceDiscovery.getServices(NacosServiceDiscovery.java:70)
	at com.alibaba.cloud.nacos.discovery.reactive.NacosReactiveDiscoveryClient.lambda$getServices$3(NacosReactiveDiscoveryClient.java:87)
	at reactor.core.publisher.FluxDefer.subscribe(FluxDefer.java:46)
	at reactor.core.publisher.FluxSubscribeOn$SubscribeOnSubscriber.run(FluxSubscribeOn.java:194)
	at reactor.core.scheduler.WorkerTask.call(WorkerTask.java:84)
	at reactor.core.scheduler.WorkerTask.call(WorkerTask.java:37)
	at java.util.concurrent.FutureTask.run$$$capture(FutureTask.java:266)
	at java.util.concurrent.FutureTask.run(FutureTask.java)
	at java.util.concurrent.ScheduledThreadPoolExecutor$ScheduledFutureTask.access$201(ScheduledThreadPoolExecutor.java:180)
	at java.util.concurrent.ScheduledThreadPoolExecutor$ScheduledFutureTask.run(ScheduledThreadPoolExecutor.java:293)
	at java.util.concurrent.ThreadPoolExecutor.runWorker(ThreadPoolExecutor.java:1149)
	at java.util.concurrent.ThreadPoolExecutor$Worker.run(ThreadPoolExecutor.java:624)
	at java.lang.Thread.run(Thread.java:748)
20:00:54.959 [boundedElastic-256] ERROR c.a.c.n.d.r.NacosReactiveDiscoveryClient - [lambda$getServices$3,94] - get services from nacos server fail,
com.alibaba.nacos.api.exception.NacosException: Client not connected, current status:UNHEALTHY
	at com.alibaba.nacos.common.remote.client.RpcClient.request(RpcClient.java:639)
	at com.alibaba.nacos.common.remote.client.RpcClient.request(RpcClient.java:619)
	at com.alibaba.nacos.client.naming.remote.gprc.NamingGrpcClientProxy.requestToServer(NamingGrpcClientProxy.java:356)
	at com.alibaba.nacos.client.naming.remote.gprc.NamingGrpcClientProxy.getServiceList(NamingGrpcClientProxy.java:282)
	at com.alibaba.nacos.client.naming.remote.NamingClientProxyDelegate.getServiceList(NamingClientProxyDelegate.java:162)
	at com.alibaba.nacos.client.naming.NacosNamingService.getServicesOfServer(NacosNamingService.java:461)
	at com.alibaba.nacos.client.naming.NacosNamingService.getServicesOfServer(NacosNamingService.java:449)
	at com.alibaba.cloud.nacos.discovery.NacosServiceDiscovery.getServices(NacosServiceDiscovery.java:70)
	at com.alibaba.cloud.nacos.discovery.reactive.NacosReactiveDiscoveryClient.lambda$getServices$3(NacosReactiveDiscoveryClient.java:87)
	at reactor.core.publisher.FluxDefer.subscribe(FluxDefer.java:46)
	at reactor.core.publisher.FluxSubscribeOn$SubscribeOnSubscriber.run(FluxSubscribeOn.java:194)
	at reactor.core.scheduler.WorkerTask.call(WorkerTask.java:84)
	at reactor.core.scheduler.WorkerTask.call(WorkerTask.java:37)
	at java.util.concurrent.FutureTask.run$$$capture(FutureTask.java:266)
	at java.util.concurrent.FutureTask.run(FutureTask.java)
	at java.util.concurrent.ScheduledThreadPoolExecutor$ScheduledFutureTask.access$201(ScheduledThreadPoolExecutor.java:180)
	at java.util.concurrent.ScheduledThreadPoolExecutor$ScheduledFutureTask.run(ScheduledThreadPoolExecutor.java:293)
	at java.util.concurrent.ThreadPoolExecutor.runWorker(ThreadPoolExecutor.java:1149)
	at java.util.concurrent.ThreadPoolExecutor$Worker.run(ThreadPoolExecutor.java:624)
	at java.lang.Thread.run(Thread.java:748)
20:01:24.954 [boundedElastic-256] ERROR c.a.c.n.d.r.NacosReactiveDiscoveryClient - [lambda$getServices$3,94] - get services from nacos server fail,
com.alibaba.nacos.api.exception.NacosException: Client not connected, current status:UNHEALTHY
	at com.alibaba.nacos.common.remote.client.RpcClient.request(RpcClient.java:639)
	at com.alibaba.nacos.common.remote.client.RpcClient.request(RpcClient.java:619)
	at com.alibaba.nacos.client.naming.remote.gprc.NamingGrpcClientProxy.requestToServer(NamingGrpcClientProxy.java:356)
	at com.alibaba.nacos.client.naming.remote.gprc.NamingGrpcClientProxy.getServiceList(NamingGrpcClientProxy.java:282)
	at com.alibaba.nacos.client.naming.remote.NamingClientProxyDelegate.getServiceList(NamingClientProxyDelegate.java:162)
	at com.alibaba.nacos.client.naming.NacosNamingService.getServicesOfServer(NacosNamingService.java:461)
	at com.alibaba.nacos.client.naming.NacosNamingService.getServicesOfServer(NacosNamingService.java:449)
	at com.alibaba.cloud.nacos.discovery.NacosServiceDiscovery.getServices(NacosServiceDiscovery.java:70)
	at com.alibaba.cloud.nacos.discovery.reactive.NacosReactiveDiscoveryClient.lambda$getServices$3(NacosReactiveDiscoveryClient.java:87)
	at reactor.core.publisher.FluxDefer.subscribe(FluxDefer.java:46)
	at reactor.core.publisher.FluxSubscribeOn$SubscribeOnSubscriber.run(FluxSubscribeOn.java:194)
	at reactor.core.scheduler.WorkerTask.call(WorkerTask.java:84)
	at reactor.core.scheduler.WorkerTask.call(WorkerTask.java:37)
	at java.util.concurrent.FutureTask.run$$$capture(FutureTask.java:266)
	at java.util.concurrent.FutureTask.run(FutureTask.java)
	at java.util.concurrent.ScheduledThreadPoolExecutor$ScheduledFutureTask.access$201(ScheduledThreadPoolExecutor.java:180)
	at java.util.concurrent.ScheduledThreadPoolExecutor$ScheduledFutureTask.run(ScheduledThreadPoolExecutor.java:293)
	at java.util.concurrent.ThreadPoolExecutor.runWorker(ThreadPoolExecutor.java:1149)
	at java.util.concurrent.ThreadPoolExecutor$Worker.run(ThreadPoolExecutor.java:624)
	at java.lang.Thread.run(Thread.java:748)
20:01:24.959 [boundedElastic-267] ERROR c.a.c.n.d.r.NacosReactiveDiscoveryClient - [lambda$getServices$3,94] - get services from nacos server fail,
com.alibaba.nacos.api.exception.NacosException: Client not connected, current status:UNHEALTHY
	at com.alibaba.nacos.common.remote.client.RpcClient.request(RpcClient.java:639)
	at com.alibaba.nacos.common.remote.client.RpcClient.request(RpcClient.java:619)
	at com.alibaba.nacos.client.naming.remote.gprc.NamingGrpcClientProxy.requestToServer(NamingGrpcClientProxy.java:356)
	at com.alibaba.nacos.client.naming.remote.gprc.NamingGrpcClientProxy.getServiceList(NamingGrpcClientProxy.java:282)
	at com.alibaba.nacos.client.naming.remote.NamingClientProxyDelegate.getServiceList(NamingClientProxyDelegate.java:162)
	at com.alibaba.nacos.client.naming.NacosNamingService.getServicesOfServer(NacosNamingService.java:461)
	at com.alibaba.nacos.client.naming.NacosNamingService.getServicesOfServer(NacosNamingService.java:449)
	at com.alibaba.cloud.nacos.discovery.NacosServiceDiscovery.getServices(NacosServiceDiscovery.java:70)
	at com.alibaba.cloud.nacos.discovery.reactive.NacosReactiveDiscoveryClient.lambda$getServices$3(NacosReactiveDiscoveryClient.java:87)
	at reactor.core.publisher.FluxDefer.subscribe(FluxDefer.java:46)
	at reactor.core.publisher.FluxSubscribeOn$SubscribeOnSubscriber.run(FluxSubscribeOn.java:194)
	at reactor.core.scheduler.WorkerTask.call(WorkerTask.java:84)
	at reactor.core.scheduler.WorkerTask.call(WorkerTask.java:37)
	at java.util.concurrent.FutureTask.run$$$capture(FutureTask.java:266)
	at java.util.concurrent.FutureTask.run(FutureTask.java)
	at java.util.concurrent.ScheduledThreadPoolExecutor$ScheduledFutureTask.access$201(ScheduledThreadPoolExecutor.java:180)
	at java.util.concurrent.ScheduledThreadPoolExecutor$ScheduledFutureTask.run(ScheduledThreadPoolExecutor.java:293)
	at java.util.concurrent.ThreadPoolExecutor.runWorker(ThreadPoolExecutor.java:1149)
	at java.util.concurrent.ThreadPoolExecutor$Worker.run(ThreadPoolExecutor.java:624)
	at java.lang.Thread.run(Thread.java:748)
20:01:54.956 [boundedElastic-267] ERROR c.a.c.n.d.r.NacosReactiveDiscoveryClient - [lambda$getServices$3,94] - get services from nacos server fail,
com.alibaba.nacos.api.exception.NacosException: Client not connected, current status:UNHEALTHY
	at com.alibaba.nacos.common.remote.client.RpcClient.request(RpcClient.java:639)
	at com.alibaba.nacos.common.remote.client.RpcClient.request(RpcClient.java:619)
	at com.alibaba.nacos.client.naming.remote.gprc.NamingGrpcClientProxy.requestToServer(NamingGrpcClientProxy.java:356)
	at com.alibaba.nacos.client.naming.remote.gprc.NamingGrpcClientProxy.getServiceList(NamingGrpcClientProxy.java:282)
	at com.alibaba.nacos.client.naming.remote.NamingClientProxyDelegate.getServiceList(NamingClientProxyDelegate.java:162)
	at com.alibaba.nacos.client.naming.NacosNamingService.getServicesOfServer(NacosNamingService.java:461)
	at com.alibaba.nacos.client.naming.NacosNamingService.getServicesOfServer(NacosNamingService.java:449)
	at com.alibaba.cloud.nacos.discovery.NacosServiceDiscovery.getServices(NacosServiceDiscovery.java:70)
	at com.alibaba.cloud.nacos.discovery.reactive.NacosReactiveDiscoveryClient.lambda$getServices$3(NacosReactiveDiscoveryClient.java:87)
	at reactor.core.publisher.FluxDefer.subscribe(FluxDefer.java:46)
	at reactor.core.publisher.FluxSubscribeOn$SubscribeOnSubscriber.run(FluxSubscribeOn.java:194)
	at reactor.core.scheduler.WorkerTask.call(WorkerTask.java:84)
	at reactor.core.scheduler.WorkerTask.call(WorkerTask.java:37)
	at java.util.concurrent.FutureTask.run$$$capture(FutureTask.java:266)
	at java.util.concurrent.FutureTask.run(FutureTask.java)
	at java.util.concurrent.ScheduledThreadPoolExecutor$ScheduledFutureTask.access$201(ScheduledThreadPoolExecutor.java:180)
	at java.util.concurrent.ScheduledThreadPoolExecutor$ScheduledFutureTask.run(ScheduledThreadPoolExecutor.java:293)
	at java.util.concurrent.ThreadPoolExecutor.runWorker(ThreadPoolExecutor.java:1149)
	at java.util.concurrent.ThreadPoolExecutor$Worker.run(ThreadPoolExecutor.java:624)
	at java.lang.Thread.run(Thread.java:748)
20:01:54.960 [boundedElastic-256] ERROR c.a.c.n.d.r.NacosReactiveDiscoveryClient - [lambda$getServices$3,94] - get services from nacos server fail,
com.alibaba.nacos.api.exception.NacosException: Client not connected, current status:UNHEALTHY
	at com.alibaba.nacos.common.remote.client.RpcClient.request(RpcClient.java:639)
	at com.alibaba.nacos.common.remote.client.RpcClient.request(RpcClient.java:619)
	at com.alibaba.nacos.client.naming.remote.gprc.NamingGrpcClientProxy.requestToServer(NamingGrpcClientProxy.java:356)
	at com.alibaba.nacos.client.naming.remote.gprc.NamingGrpcClientProxy.getServiceList(NamingGrpcClientProxy.java:282)
	at com.alibaba.nacos.client.naming.remote.NamingClientProxyDelegate.getServiceList(NamingClientProxyDelegate.java:162)
	at com.alibaba.nacos.client.naming.NacosNamingService.getServicesOfServer(NacosNamingService.java:461)
	at com.alibaba.nacos.client.naming.NacosNamingService.getServicesOfServer(NacosNamingService.java:449)
	at com.alibaba.cloud.nacos.discovery.NacosServiceDiscovery.getServices(NacosServiceDiscovery.java:70)
	at com.alibaba.cloud.nacos.discovery.reactive.NacosReactiveDiscoveryClient.lambda$getServices$3(NacosReactiveDiscoveryClient.java:87)
	at reactor.core.publisher.FluxDefer.subscribe(FluxDefer.java:46)
	at reactor.core.publisher.FluxSubscribeOn$SubscribeOnSubscriber.run(FluxSubscribeOn.java:194)
	at reactor.core.scheduler.WorkerTask.call(WorkerTask.java:84)
	at reactor.core.scheduler.WorkerTask.call(WorkerTask.java:37)
	at java.util.concurrent.FutureTask.run$$$capture(FutureTask.java:266)
	at java.util.concurrent.FutureTask.run(FutureTask.java)
	at java.util.concurrent.ScheduledThreadPoolExecutor$ScheduledFutureTask.access$201(ScheduledThreadPoolExecutor.java:180)
	at java.util.concurrent.ScheduledThreadPoolExecutor$ScheduledFutureTask.run(ScheduledThreadPoolExecutor.java:293)
	at java.util.concurrent.ThreadPoolExecutor.runWorker(ThreadPoolExecutor.java:1149)
	at java.util.concurrent.ThreadPoolExecutor$Worker.run(ThreadPoolExecutor.java:624)
	at java.lang.Thread.run(Thread.java:748)
20:02:24.956 [boundedElastic-267] ERROR c.a.c.n.d.r.NacosReactiveDiscoveryClient - [lambda$getServices$3,94] - get services from nacos server fail,
com.alibaba.nacos.api.exception.NacosException: Client not connected, current status:UNHEALTHY
	at com.alibaba.nacos.common.remote.client.RpcClient.request(RpcClient.java:639)
	at com.alibaba.nacos.common.remote.client.RpcClient.request(RpcClient.java:619)
	at com.alibaba.nacos.client.naming.remote.gprc.NamingGrpcClientProxy.requestToServer(NamingGrpcClientProxy.java:356)
	at com.alibaba.nacos.client.naming.remote.gprc.NamingGrpcClientProxy.getServiceList(NamingGrpcClientProxy.java:282)
	at com.alibaba.nacos.client.naming.remote.NamingClientProxyDelegate.getServiceList(NamingClientProxyDelegate.java:162)
	at com.alibaba.nacos.client.naming.NacosNamingService.getServicesOfServer(NacosNamingService.java:461)
	at com.alibaba.nacos.client.naming.NacosNamingService.getServicesOfServer(NacosNamingService.java:449)
	at com.alibaba.cloud.nacos.discovery.NacosServiceDiscovery.getServices(NacosServiceDiscovery.java:70)
	at com.alibaba.cloud.nacos.discovery.reactive.NacosReactiveDiscoveryClient.lambda$getServices$3(NacosReactiveDiscoveryClient.java:87)
	at reactor.core.publisher.FluxDefer.subscribe(FluxDefer.java:46)
	at reactor.core.publisher.FluxSubscribeOn$SubscribeOnSubscriber.run(FluxSubscribeOn.java:194)
	at reactor.core.scheduler.WorkerTask.call(WorkerTask.java:84)
	at reactor.core.scheduler.WorkerTask.call(WorkerTask.java:37)
	at java.util.concurrent.FutureTask.run$$$capture(FutureTask.java:266)
	at java.util.concurrent.FutureTask.run(FutureTask.java)
	at java.util.concurrent.ScheduledThreadPoolExecutor$ScheduledFutureTask.access$201(ScheduledThreadPoolExecutor.java:180)
	at java.util.concurrent.ScheduledThreadPoolExecutor$ScheduledFutureTask.run(ScheduledThreadPoolExecutor.java:293)
	at java.util.concurrent.ThreadPoolExecutor.runWorker(ThreadPoolExecutor.java:1149)
	at java.util.concurrent.ThreadPoolExecutor$Worker.run(ThreadPoolExecutor.java:624)
	at java.lang.Thread.run(Thread.java:748)
20:02:24.961 [boundedElastic-256] ERROR c.a.c.n.d.r.NacosReactiveDiscoveryClient - [lambda$getServices$3,94] - get services from nacos server fail,
com.alibaba.nacos.api.exception.NacosException: Client not connected, current status:UNHEALTHY
	at com.alibaba.nacos.common.remote.client.RpcClient.request(RpcClient.java:639)
	at com.alibaba.nacos.common.remote.client.RpcClient.request(RpcClient.java:619)
	at com.alibaba.nacos.client.naming.remote.gprc.NamingGrpcClientProxy.requestToServer(NamingGrpcClientProxy.java:356)
	at com.alibaba.nacos.client.naming.remote.gprc.NamingGrpcClientProxy.getServiceList(NamingGrpcClientProxy.java:282)
	at com.alibaba.nacos.client.naming.remote.NamingClientProxyDelegate.getServiceList(NamingClientProxyDelegate.java:162)
	at com.alibaba.nacos.client.naming.NacosNamingService.getServicesOfServer(NacosNamingService.java:461)
	at com.alibaba.nacos.client.naming.NacosNamingService.getServicesOfServer(NacosNamingService.java:449)
	at com.alibaba.cloud.nacos.discovery.NacosServiceDiscovery.getServices(NacosServiceDiscovery.java:70)
	at com.alibaba.cloud.nacos.discovery.reactive.NacosReactiveDiscoveryClient.lambda$getServices$3(NacosReactiveDiscoveryClient.java:87)
	at reactor.core.publisher.FluxDefer.subscribe(FluxDefer.java:46)
	at reactor.core.publisher.FluxSubscribeOn$SubscribeOnSubscriber.run(FluxSubscribeOn.java:194)
	at reactor.core.scheduler.WorkerTask.call(WorkerTask.java:84)
	at reactor.core.scheduler.WorkerTask.call(WorkerTask.java:37)
	at java.util.concurrent.FutureTask.run$$$capture(FutureTask.java:266)
	at java.util.concurrent.FutureTask.run(FutureTask.java)
	at java.util.concurrent.ScheduledThreadPoolExecutor$ScheduledFutureTask.access$201(ScheduledThreadPoolExecutor.java:180)
	at java.util.concurrent.ScheduledThreadPoolExecutor$ScheduledFutureTask.run(ScheduledThreadPoolExecutor.java:293)
	at java.util.concurrent.ThreadPoolExecutor.runWorker(ThreadPoolExecutor.java:1149)
	at java.util.concurrent.ThreadPoolExecutor$Worker.run(ThreadPoolExecutor.java:624)
	at java.lang.Thread.run(Thread.java:748)
20:02:54.960 [boundedElastic-256] ERROR c.a.c.n.d.r.NacosReactiveDiscoveryClient - [lambda$getServices$3,94] - get services from nacos server fail,
com.alibaba.nacos.api.exception.NacosException: Client not connected, current status:UNHEALTHY
	at com.alibaba.nacos.common.remote.client.RpcClient.request(RpcClient.java:639)
	at com.alibaba.nacos.common.remote.client.RpcClient.request(RpcClient.java:619)
	at com.alibaba.nacos.client.naming.remote.gprc.NamingGrpcClientProxy.requestToServer(NamingGrpcClientProxy.java:356)
	at com.alibaba.nacos.client.naming.remote.gprc.NamingGrpcClientProxy.getServiceList(NamingGrpcClientProxy.java:282)
	at com.alibaba.nacos.client.naming.remote.NamingClientProxyDelegate.getServiceList(NamingClientProxyDelegate.java:162)
	at com.alibaba.nacos.client.naming.NacosNamingService.getServicesOfServer(NacosNamingService.java:461)
	at com.alibaba.nacos.client.naming.NacosNamingService.getServicesOfServer(NacosNamingService.java:449)
	at com.alibaba.cloud.nacos.discovery.NacosServiceDiscovery.getServices(NacosServiceDiscovery.java:70)
	at com.alibaba.cloud.nacos.discovery.reactive.NacosReactiveDiscoveryClient.lambda$getServices$3(NacosReactiveDiscoveryClient.java:87)
	at reactor.core.publisher.FluxDefer.subscribe(FluxDefer.java:46)
	at reactor.core.publisher.FluxSubscribeOn$SubscribeOnSubscriber.run(FluxSubscribeOn.java:194)
	at reactor.core.scheduler.WorkerTask.call(WorkerTask.java:84)
	at reactor.core.scheduler.WorkerTask.call(WorkerTask.java:37)
	at java.util.concurrent.FutureTask.run$$$capture(FutureTask.java:266)
	at java.util.concurrent.FutureTask.run(FutureTask.java)
	at java.util.concurrent.ScheduledThreadPoolExecutor$ScheduledFutureTask.access$201(ScheduledThreadPoolExecutor.java:180)
	at java.util.concurrent.ScheduledThreadPoolExecutor$ScheduledFutureTask.run(ScheduledThreadPoolExecutor.java:293)
	at java.util.concurrent.ThreadPoolExecutor.runWorker(ThreadPoolExecutor.java:1149)
	at java.util.concurrent.ThreadPoolExecutor$Worker.run(ThreadPoolExecutor.java:624)
	at java.lang.Thread.run(Thread.java:748)
20:02:54.961 [boundedElastic-267] ERROR c.a.c.n.d.r.NacosReactiveDiscoveryClient - [lambda$getServices$3,94] - get services from nacos server fail,
com.alibaba.nacos.api.exception.NacosException: Client not connected, current status:UNHEALTHY
	at com.alibaba.nacos.common.remote.client.RpcClient.request(RpcClient.java:639)
	at com.alibaba.nacos.common.remote.client.RpcClient.request(RpcClient.java:619)
	at com.alibaba.nacos.client.naming.remote.gprc.NamingGrpcClientProxy.requestToServer(NamingGrpcClientProxy.java:356)
	at com.alibaba.nacos.client.naming.remote.gprc.NamingGrpcClientProxy.getServiceList(NamingGrpcClientProxy.java:282)
	at com.alibaba.nacos.client.naming.remote.NamingClientProxyDelegate.getServiceList(NamingClientProxyDelegate.java:162)
	at com.alibaba.nacos.client.naming.NacosNamingService.getServicesOfServer(NacosNamingService.java:461)
	at com.alibaba.nacos.client.naming.NacosNamingService.getServicesOfServer(NacosNamingService.java:449)
	at com.alibaba.cloud.nacos.discovery.NacosServiceDiscovery.getServices(NacosServiceDiscovery.java:70)
	at com.alibaba.cloud.nacos.discovery.reactive.NacosReactiveDiscoveryClient.lambda$getServices$3(NacosReactiveDiscoveryClient.java:87)
	at reactor.core.publisher.FluxDefer.subscribe(FluxDefer.java:46)
	at reactor.core.publisher.FluxSubscribeOn$SubscribeOnSubscriber.run(FluxSubscribeOn.java:194)
	at reactor.core.scheduler.WorkerTask.call(WorkerTask.java:84)
	at reactor.core.scheduler.WorkerTask.call(WorkerTask.java:37)
	at java.util.concurrent.FutureTask.run$$$capture(FutureTask.java:266)
	at java.util.concurrent.FutureTask.run(FutureTask.java)
	at java.util.concurrent.ScheduledThreadPoolExecutor$ScheduledFutureTask.access$201(ScheduledThreadPoolExecutor.java:180)
	at java.util.concurrent.ScheduledThreadPoolExecutor$ScheduledFutureTask.run(ScheduledThreadPoolExecutor.java:293)
	at java.util.concurrent.ThreadPoolExecutor.runWorker(ThreadPoolExecutor.java:1149)
	at java.util.concurrent.ThreadPoolExecutor$Worker.run(ThreadPoolExecutor.java:624)
	at java.lang.Thread.run(Thread.java:748)
20:03:24.963 [boundedElastic-256] ERROR c.a.c.n.d.r.NacosReactiveDiscoveryClient - [lambda$getServices$3,94] - get services from nacos server fail,
com.alibaba.nacos.api.exception.NacosException: Client not connected, current status:UNHEALTHY
	at com.alibaba.nacos.common.remote.client.RpcClient.request(RpcClient.java:639)
	at com.alibaba.nacos.common.remote.client.RpcClient.request(RpcClient.java:619)
	at com.alibaba.nacos.client.naming.remote.gprc.NamingGrpcClientProxy.requestToServer(NamingGrpcClientProxy.java:356)
	at com.alibaba.nacos.client.naming.remote.gprc.NamingGrpcClientProxy.getServiceList(NamingGrpcClientProxy.java:282)
	at com.alibaba.nacos.client.naming.remote.NamingClientProxyDelegate.getServiceList(NamingClientProxyDelegate.java:162)
	at com.alibaba.nacos.client.naming.NacosNamingService.getServicesOfServer(NacosNamingService.java:461)
	at com.alibaba.nacos.client.naming.NacosNamingService.getServicesOfServer(NacosNamingService.java:449)
	at com.alibaba.cloud.nacos.discovery.NacosServiceDiscovery.getServices(NacosServiceDiscovery.java:70)
	at com.alibaba.cloud.nacos.discovery.reactive.NacosReactiveDiscoveryClient.lambda$getServices$3(NacosReactiveDiscoveryClient.java:87)
	at reactor.core.publisher.FluxDefer.subscribe(FluxDefer.java:46)
	at reactor.core.publisher.FluxSubscribeOn$SubscribeOnSubscriber.run(FluxSubscribeOn.java:194)
	at reactor.core.scheduler.WorkerTask.call(WorkerTask.java:84)
	at reactor.core.scheduler.WorkerTask.call(WorkerTask.java:37)
	at java.util.concurrent.FutureTask.run$$$capture(FutureTask.java:266)
	at java.util.concurrent.FutureTask.run(FutureTask.java)
	at java.util.concurrent.ScheduledThreadPoolExecutor$ScheduledFutureTask.access$201(ScheduledThreadPoolExecutor.java:180)
	at java.util.concurrent.ScheduledThreadPoolExecutor$ScheduledFutureTask.run(ScheduledThreadPoolExecutor.java:293)
	at java.util.concurrent.ThreadPoolExecutor.runWorker(ThreadPoolExecutor.java:1149)
	at java.util.concurrent.ThreadPoolExecutor$Worker.run(ThreadPoolExecutor.java:624)
	at java.lang.Thread.run(Thread.java:748)
20:03:24.968 [boundedElastic-267] ERROR c.a.c.n.d.r.NacosReactiveDiscoveryClient - [lambda$getServices$3,94] - get services from nacos server fail,
com.alibaba.nacos.api.exception.NacosException: Client not connected, current status:UNHEALTHY
	at com.alibaba.nacos.common.remote.client.RpcClient.request(RpcClient.java:639)
	at com.alibaba.nacos.common.remote.client.RpcClient.request(RpcClient.java:619)
	at com.alibaba.nacos.client.naming.remote.gprc.NamingGrpcClientProxy.requestToServer(NamingGrpcClientProxy.java:356)
	at com.alibaba.nacos.client.naming.remote.gprc.NamingGrpcClientProxy.getServiceList(NamingGrpcClientProxy.java:282)
	at com.alibaba.nacos.client.naming.remote.NamingClientProxyDelegate.getServiceList(NamingClientProxyDelegate.java:162)
	at com.alibaba.nacos.client.naming.NacosNamingService.getServicesOfServer(NacosNamingService.java:461)
	at com.alibaba.nacos.client.naming.NacosNamingService.getServicesOfServer(NacosNamingService.java:449)
	at com.alibaba.cloud.nacos.discovery.NacosServiceDiscovery.getServices(NacosServiceDiscovery.java:70)
	at com.alibaba.cloud.nacos.discovery.reactive.NacosReactiveDiscoveryClient.lambda$getServices$3(NacosReactiveDiscoveryClient.java:87)
	at reactor.core.publisher.FluxDefer.subscribe(FluxDefer.java:46)
	at reactor.core.publisher.FluxSubscribeOn$SubscribeOnSubscriber.run(FluxSubscribeOn.java:194)
	at reactor.core.scheduler.WorkerTask.call(WorkerTask.java:84)
	at reactor.core.scheduler.WorkerTask.call(WorkerTask.java:37)
	at java.util.concurrent.FutureTask.run$$$capture(FutureTask.java:266)
	at java.util.concurrent.FutureTask.run(FutureTask.java)
	at java.util.concurrent.ScheduledThreadPoolExecutor$ScheduledFutureTask.access$201(ScheduledThreadPoolExecutor.java:180)
	at java.util.concurrent.ScheduledThreadPoolExecutor$ScheduledFutureTask.run(ScheduledThreadPoolExecutor.java:293)
	at java.util.concurrent.ThreadPoolExecutor.runWorker(ThreadPoolExecutor.java:1149)
	at java.util.concurrent.ThreadPoolExecutor$Worker.run(ThreadPoolExecutor.java:624)
	at java.lang.Thread.run(Thread.java:748)
20:03:54.965 [boundedElastic-256] ERROR c.a.c.n.d.r.NacosReactiveDiscoveryClient - [lambda$getServices$3,94] - get services from nacos server fail,
com.alibaba.nacos.api.exception.NacosException: Client not connected, current status:UNHEALTHY
	at com.alibaba.nacos.common.remote.client.RpcClient.request(RpcClient.java:639)
	at com.alibaba.nacos.common.remote.client.RpcClient.request(RpcClient.java:619)
	at com.alibaba.nacos.client.naming.remote.gprc.NamingGrpcClientProxy.requestToServer(NamingGrpcClientProxy.java:356)
	at com.alibaba.nacos.client.naming.remote.gprc.NamingGrpcClientProxy.getServiceList(NamingGrpcClientProxy.java:282)
	at com.alibaba.nacos.client.naming.remote.NamingClientProxyDelegate.getServiceList(NamingClientProxyDelegate.java:162)
	at com.alibaba.nacos.client.naming.NacosNamingService.getServicesOfServer(NacosNamingService.java:461)
	at com.alibaba.nacos.client.naming.NacosNamingService.getServicesOfServer(NacosNamingService.java:449)
	at com.alibaba.cloud.nacos.discovery.NacosServiceDiscovery.getServices(NacosServiceDiscovery.java:70)
	at com.alibaba.cloud.nacos.discovery.reactive.NacosReactiveDiscoveryClient.lambda$getServices$3(NacosReactiveDiscoveryClient.java:87)
	at reactor.core.publisher.FluxDefer.subscribe(FluxDefer.java:46)
	at reactor.core.publisher.FluxSubscribeOn$SubscribeOnSubscriber.run(FluxSubscribeOn.java:194)
	at reactor.core.scheduler.WorkerTask.call(WorkerTask.java:84)
	at reactor.core.scheduler.WorkerTask.call(WorkerTask.java:37)
	at java.util.concurrent.FutureTask.run$$$capture(FutureTask.java:266)
	at java.util.concurrent.FutureTask.run(FutureTask.java)
	at java.util.concurrent.ScheduledThreadPoolExecutor$ScheduledFutureTask.access$201(ScheduledThreadPoolExecutor.java:180)
	at java.util.concurrent.ScheduledThreadPoolExecutor$ScheduledFutureTask.run(ScheduledThreadPoolExecutor.java:293)
	at java.util.concurrent.ThreadPoolExecutor.runWorker(ThreadPoolExecutor.java:1149)
	at java.util.concurrent.ThreadPoolExecutor$Worker.run(ThreadPoolExecutor.java:624)
	at java.lang.Thread.run(Thread.java:748)
20:03:54.966 [boundedElastic-267] ERROR c.a.c.n.d.r.NacosReactiveDiscoveryClient - [lambda$getServices$3,94] - get services from nacos server fail,
com.alibaba.nacos.api.exception.NacosException: Client not connected, current status:UNHEALTHY
	at com.alibaba.nacos.common.remote.client.RpcClient.request(RpcClient.java:639)
	at com.alibaba.nacos.common.remote.client.RpcClient.request(RpcClient.java:619)
	at com.alibaba.nacos.client.naming.remote.gprc.NamingGrpcClientProxy.requestToServer(NamingGrpcClientProxy.java:356)
	at com.alibaba.nacos.client.naming.remote.gprc.NamingGrpcClientProxy.getServiceList(NamingGrpcClientProxy.java:282)
	at com.alibaba.nacos.client.naming.remote.NamingClientProxyDelegate.getServiceList(NamingClientProxyDelegate.java:162)
	at com.alibaba.nacos.client.naming.NacosNamingService.getServicesOfServer(NacosNamingService.java:461)
	at com.alibaba.nacos.client.naming.NacosNamingService.getServicesOfServer(NacosNamingService.java:449)
	at com.alibaba.cloud.nacos.discovery.NacosServiceDiscovery.getServices(NacosServiceDiscovery.java:70)
	at com.alibaba.cloud.nacos.discovery.reactive.NacosReactiveDiscoveryClient.lambda$getServices$3(NacosReactiveDiscoveryClient.java:87)
	at reactor.core.publisher.FluxDefer.subscribe(FluxDefer.java:46)
	at reactor.core.publisher.FluxSubscribeOn$SubscribeOnSubscriber.run(FluxSubscribeOn.java:194)
	at reactor.core.scheduler.WorkerTask.call(WorkerTask.java:84)
	at reactor.core.scheduler.WorkerTask.call(WorkerTask.java:37)
	at java.util.concurrent.FutureTask.run$$$capture(FutureTask.java:266)
	at java.util.concurrent.FutureTask.run(FutureTask.java)
	at java.util.concurrent.ScheduledThreadPoolExecutor$ScheduledFutureTask.access$201(ScheduledThreadPoolExecutor.java:180)
	at java.util.concurrent.ScheduledThreadPoolExecutor$ScheduledFutureTask.run(ScheduledThreadPoolExecutor.java:293)
	at java.util.concurrent.ThreadPoolExecutor.runWorker(ThreadPoolExecutor.java:1149)
	at java.util.concurrent.ThreadPoolExecutor$Worker.run(ThreadPoolExecutor.java:624)
	at java.lang.Thread.run(Thread.java:748)
20:04:24.964 [boundedElastic-267] ERROR c.a.c.n.d.r.NacosReactiveDiscoveryClient - [lambda$getServices$3,94] - get services from nacos server fail,
com.alibaba.nacos.api.exception.NacosException: Client not connected, current status:UNHEALTHY
	at com.alibaba.nacos.common.remote.client.RpcClient.request(RpcClient.java:639)
	at com.alibaba.nacos.common.remote.client.RpcClient.request(RpcClient.java:619)
	at com.alibaba.nacos.client.naming.remote.gprc.NamingGrpcClientProxy.requestToServer(NamingGrpcClientProxy.java:356)
	at com.alibaba.nacos.client.naming.remote.gprc.NamingGrpcClientProxy.getServiceList(NamingGrpcClientProxy.java:282)
	at com.alibaba.nacos.client.naming.remote.NamingClientProxyDelegate.getServiceList(NamingClientProxyDelegate.java:162)
	at com.alibaba.nacos.client.naming.NacosNamingService.getServicesOfServer(NacosNamingService.java:461)
	at com.alibaba.nacos.client.naming.NacosNamingService.getServicesOfServer(NacosNamingService.java:449)
	at com.alibaba.cloud.nacos.discovery.NacosServiceDiscovery.getServices(NacosServiceDiscovery.java:70)
	at com.alibaba.cloud.nacos.discovery.reactive.NacosReactiveDiscoveryClient.lambda$getServices$3(NacosReactiveDiscoveryClient.java:87)
	at reactor.core.publisher.FluxDefer.subscribe(FluxDefer.java:46)
	at reactor.core.publisher.FluxSubscribeOn$SubscribeOnSubscriber.run(FluxSubscribeOn.java:194)
	at reactor.core.scheduler.WorkerTask.call(WorkerTask.java:84)
	at reactor.core.scheduler.WorkerTask.call(WorkerTask.java:37)
	at java.util.concurrent.FutureTask.run$$$capture(FutureTask.java:266)
	at java.util.concurrent.FutureTask.run(FutureTask.java)
	at java.util.concurrent.ScheduledThreadPoolExecutor$ScheduledFutureTask.access$201(ScheduledThreadPoolExecutor.java:180)
	at java.util.concurrent.ScheduledThreadPoolExecutor$ScheduledFutureTask.run(ScheduledThreadPoolExecutor.java:293)
	at java.util.concurrent.ThreadPoolExecutor.runWorker(ThreadPoolExecutor.java:1149)
	at java.util.concurrent.ThreadPoolExecutor$Worker.run(ThreadPoolExecutor.java:624)
	at java.lang.Thread.run(Thread.java:748)
20:04:24.968 [boundedElastic-256] ERROR c.a.c.n.d.r.NacosReactiveDiscoveryClient - [lambda$getServices$3,94] - get services from nacos server fail,
com.alibaba.nacos.api.exception.NacosException: Client not connected, current status:UNHEALTHY
	at com.alibaba.nacos.common.remote.client.RpcClient.request(RpcClient.java:639)
	at com.alibaba.nacos.common.remote.client.RpcClient.request(RpcClient.java:619)
	at com.alibaba.nacos.client.naming.remote.gprc.NamingGrpcClientProxy.requestToServer(NamingGrpcClientProxy.java:356)
	at com.alibaba.nacos.client.naming.remote.gprc.NamingGrpcClientProxy.getServiceList(NamingGrpcClientProxy.java:282)
	at com.alibaba.nacos.client.naming.remote.NamingClientProxyDelegate.getServiceList(NamingClientProxyDelegate.java:162)
	at com.alibaba.nacos.client.naming.NacosNamingService.getServicesOfServer(NacosNamingService.java:461)
	at com.alibaba.nacos.client.naming.NacosNamingService.getServicesOfServer(NacosNamingService.java:449)
	at com.alibaba.cloud.nacos.discovery.NacosServiceDiscovery.getServices(NacosServiceDiscovery.java:70)
	at com.alibaba.cloud.nacos.discovery.reactive.NacosReactiveDiscoveryClient.lambda$getServices$3(NacosReactiveDiscoveryClient.java:87)
	at reactor.core.publisher.FluxDefer.subscribe(FluxDefer.java:46)
	at reactor.core.publisher.FluxSubscribeOn$SubscribeOnSubscriber.run(FluxSubscribeOn.java:194)
	at reactor.core.scheduler.WorkerTask.call(WorkerTask.java:84)
	at reactor.core.scheduler.WorkerTask.call(WorkerTask.java:37)
	at java.util.concurrent.FutureTask.run$$$capture(FutureTask.java:266)
	at java.util.concurrent.FutureTask.run(FutureTask.java)
	at java.util.concurrent.ScheduledThreadPoolExecutor$ScheduledFutureTask.access$201(ScheduledThreadPoolExecutor.java:180)
	at java.util.concurrent.ScheduledThreadPoolExecutor$ScheduledFutureTask.run(ScheduledThreadPoolExecutor.java:293)
	at java.util.concurrent.ThreadPoolExecutor.runWorker(ThreadPoolExecutor.java:1149)
	at java.util.concurrent.ThreadPoolExecutor$Worker.run(ThreadPoolExecutor.java:624)
	at java.lang.Thread.run(Thread.java:748)
20:04:54.968 [boundedElastic-267] ERROR c.a.c.n.d.r.NacosReactiveDiscoveryClient - [lambda$getServices$3,94] - get services from nacos server fail,
com.alibaba.nacos.api.exception.NacosException: Client not connected, current status:UNHEALTHY
	at com.alibaba.nacos.common.remote.client.RpcClient.request(RpcClient.java:639)
	at com.alibaba.nacos.common.remote.client.RpcClient.request(RpcClient.java:619)
	at com.alibaba.nacos.client.naming.remote.gprc.NamingGrpcClientProxy.requestToServer(NamingGrpcClientProxy.java:356)
	at com.alibaba.nacos.client.naming.remote.gprc.NamingGrpcClientProxy.getServiceList(NamingGrpcClientProxy.java:282)
	at com.alibaba.nacos.client.naming.remote.NamingClientProxyDelegate.getServiceList(NamingClientProxyDelegate.java:162)
	at com.alibaba.nacos.client.naming.NacosNamingService.getServicesOfServer(NacosNamingService.java:461)
	at com.alibaba.nacos.client.naming.NacosNamingService.getServicesOfServer(NacosNamingService.java:449)
	at com.alibaba.cloud.nacos.discovery.NacosServiceDiscovery.getServices(NacosServiceDiscovery.java:70)
	at com.alibaba.cloud.nacos.discovery.reactive.NacosReactiveDiscoveryClient.lambda$getServices$3(NacosReactiveDiscoveryClient.java:87)
	at reactor.core.publisher.FluxDefer.subscribe(FluxDefer.java:46)
	at reactor.core.publisher.FluxSubscribeOn$SubscribeOnSubscriber.run(FluxSubscribeOn.java:194)
	at reactor.core.scheduler.WorkerTask.call(WorkerTask.java:84)
	at reactor.core.scheduler.WorkerTask.call(WorkerTask.java:37)
	at java.util.concurrent.FutureTask.run$$$capture(FutureTask.java:266)
	at java.util.concurrent.FutureTask.run(FutureTask.java)
	at java.util.concurrent.ScheduledThreadPoolExecutor$ScheduledFutureTask.access$201(ScheduledThreadPoolExecutor.java:180)
	at java.util.concurrent.ScheduledThreadPoolExecutor$ScheduledFutureTask.run(ScheduledThreadPoolExecutor.java:293)
	at java.util.concurrent.ThreadPoolExecutor.runWorker(ThreadPoolExecutor.java:1149)
	at java.util.concurrent.ThreadPoolExecutor$Worker.run(ThreadPoolExecutor.java:624)
	at java.lang.Thread.run(Thread.java:748)
20:04:54.973 [boundedElastic-256] ERROR c.a.c.n.d.r.NacosReactiveDiscoveryClient - [lambda$getServices$3,94] - get services from nacos server fail,
com.alibaba.nacos.api.exception.NacosException: Client not connected, current status:UNHEALTHY
	at com.alibaba.nacos.common.remote.client.RpcClient.request(RpcClient.java:639)
	at com.alibaba.nacos.common.remote.client.RpcClient.request(RpcClient.java:619)
	at com.alibaba.nacos.client.naming.remote.gprc.NamingGrpcClientProxy.requestToServer(NamingGrpcClientProxy.java:356)
	at com.alibaba.nacos.client.naming.remote.gprc.NamingGrpcClientProxy.getServiceList(NamingGrpcClientProxy.java:282)
	at com.alibaba.nacos.client.naming.remote.NamingClientProxyDelegate.getServiceList(NamingClientProxyDelegate.java:162)
	at com.alibaba.nacos.client.naming.NacosNamingService.getServicesOfServer(NacosNamingService.java:461)
	at com.alibaba.nacos.client.naming.NacosNamingService.getServicesOfServer(NacosNamingService.java:449)
	at com.alibaba.cloud.nacos.discovery.NacosServiceDiscovery.getServices(NacosServiceDiscovery.java:70)
	at com.alibaba.cloud.nacos.discovery.reactive.NacosReactiveDiscoveryClient.lambda$getServices$3(NacosReactiveDiscoveryClient.java:87)
	at reactor.core.publisher.FluxDefer.subscribe(FluxDefer.java:46)
	at reactor.core.publisher.FluxSubscribeOn$SubscribeOnSubscriber.run(FluxSubscribeOn.java:194)
	at reactor.core.scheduler.WorkerTask.call(WorkerTask.java:84)
	at reactor.core.scheduler.WorkerTask.call(WorkerTask.java:37)
	at java.util.concurrent.FutureTask.run$$$capture(FutureTask.java:266)
	at java.util.concurrent.FutureTask.run(FutureTask.java)
	at java.util.concurrent.ScheduledThreadPoolExecutor$ScheduledFutureTask.access$201(ScheduledThreadPoolExecutor.java:180)
	at java.util.concurrent.ScheduledThreadPoolExecutor$ScheduledFutureTask.run(ScheduledThreadPoolExecutor.java:293)
	at java.util.concurrent.ThreadPoolExecutor.runWorker(ThreadPoolExecutor.java:1149)
	at java.util.concurrent.ThreadPoolExecutor$Worker.run(ThreadPoolExecutor.java:624)
	at java.lang.Thread.run(Thread.java:748)
20:05:24.976 [boundedElastic-256] ERROR c.a.c.n.d.r.NacosReactiveDiscoveryClient - [lambda$getServices$3,94] - get services from nacos server fail,
com.alibaba.nacos.api.exception.NacosException: Client not connected, current status:UNHEALTHY
	at com.alibaba.nacos.common.remote.client.RpcClient.request(RpcClient.java:639)
	at com.alibaba.nacos.common.remote.client.RpcClient.request(RpcClient.java:619)
	at com.alibaba.nacos.client.naming.remote.gprc.NamingGrpcClientProxy.requestToServer(NamingGrpcClientProxy.java:356)
	at com.alibaba.nacos.client.naming.remote.gprc.NamingGrpcClientProxy.getServiceList(NamingGrpcClientProxy.java:282)
	at com.alibaba.nacos.client.naming.remote.NamingClientProxyDelegate.getServiceList(NamingClientProxyDelegate.java:162)
	at com.alibaba.nacos.client.naming.NacosNamingService.getServicesOfServer(NacosNamingService.java:461)
	at com.alibaba.nacos.client.naming.NacosNamingService.getServicesOfServer(NacosNamingService.java:449)
	at com.alibaba.cloud.nacos.discovery.NacosServiceDiscovery.getServices(NacosServiceDiscovery.java:70)
	at com.alibaba.cloud.nacos.discovery.reactive.NacosReactiveDiscoveryClient.lambda$getServices$3(NacosReactiveDiscoveryClient.java:87)
	at reactor.core.publisher.FluxDefer.subscribe(FluxDefer.java:46)
	at reactor.core.publisher.FluxSubscribeOn$SubscribeOnSubscriber.run(FluxSubscribeOn.java:194)
	at reactor.core.scheduler.WorkerTask.call(WorkerTask.java:84)
	at reactor.core.scheduler.WorkerTask.call(WorkerTask.java:37)
	at java.util.concurrent.FutureTask.run$$$capture(FutureTask.java:266)
	at java.util.concurrent.FutureTask.run(FutureTask.java)
	at java.util.concurrent.ScheduledThreadPoolExecutor$ScheduledFutureTask.access$201(ScheduledThreadPoolExecutor.java:180)
	at java.util.concurrent.ScheduledThreadPoolExecutor$ScheduledFutureTask.run(ScheduledThreadPoolExecutor.java:293)
	at java.util.concurrent.ThreadPoolExecutor.runWorker(ThreadPoolExecutor.java:1149)
	at java.util.concurrent.ThreadPoolExecutor$Worker.run(ThreadPoolExecutor.java:624)
	at java.lang.Thread.run(Thread.java:748)
20:05:24.976 [boundedElastic-267] ERROR c.a.c.n.d.r.NacosReactiveDiscoveryClient - [lambda$getServices$3,94] - get services from nacos server fail,
com.alibaba.nacos.api.exception.NacosException: Client not connected, current status:UNHEALTHY
	at com.alibaba.nacos.common.remote.client.RpcClient.request(RpcClient.java:639)
	at com.alibaba.nacos.common.remote.client.RpcClient.request(RpcClient.java:619)
	at com.alibaba.nacos.client.naming.remote.gprc.NamingGrpcClientProxy.requestToServer(NamingGrpcClientProxy.java:356)
	at com.alibaba.nacos.client.naming.remote.gprc.NamingGrpcClientProxy.getServiceList(NamingGrpcClientProxy.java:282)
	at com.alibaba.nacos.client.naming.remote.NamingClientProxyDelegate.getServiceList(NamingClientProxyDelegate.java:162)
	at com.alibaba.nacos.client.naming.NacosNamingService.getServicesOfServer(NacosNamingService.java:461)
	at com.alibaba.nacos.client.naming.NacosNamingService.getServicesOfServer(NacosNamingService.java:449)
	at com.alibaba.cloud.nacos.discovery.NacosServiceDiscovery.getServices(NacosServiceDiscovery.java:70)
	at com.alibaba.cloud.nacos.discovery.reactive.NacosReactiveDiscoveryClient.lambda$getServices$3(NacosReactiveDiscoveryClient.java:87)
	at reactor.core.publisher.FluxDefer.subscribe(FluxDefer.java:46)
	at reactor.core.publisher.FluxSubscribeOn$SubscribeOnSubscriber.run(FluxSubscribeOn.java:194)
	at reactor.core.scheduler.WorkerTask.call(WorkerTask.java:84)
	at reactor.core.scheduler.WorkerTask.call(WorkerTask.java:37)
	at java.util.concurrent.FutureTask.run$$$capture(FutureTask.java:266)
	at java.util.concurrent.FutureTask.run(FutureTask.java)
	at java.util.concurrent.ScheduledThreadPoolExecutor$ScheduledFutureTask.access$201(ScheduledThreadPoolExecutor.java:180)
	at java.util.concurrent.ScheduledThreadPoolExecutor$ScheduledFutureTask.run(ScheduledThreadPoolExecutor.java:293)
	at java.util.concurrent.ThreadPoolExecutor.runWorker(ThreadPoolExecutor.java:1149)
	at java.util.concurrent.ThreadPoolExecutor$Worker.run(ThreadPoolExecutor.java:624)
	at java.lang.Thread.run(Thread.java:748)
20:05:54.976 [boundedElastic-256] ERROR c.a.c.n.d.r.NacosReactiveDiscoveryClient - [lambda$getServices$3,94] - get services from nacos server fail,
com.alibaba.nacos.api.exception.NacosException: Client not connected, current status:UNHEALTHY
	at com.alibaba.nacos.common.remote.client.RpcClient.request(RpcClient.java:639)
	at com.alibaba.nacos.common.remote.client.RpcClient.request(RpcClient.java:619)
	at com.alibaba.nacos.client.naming.remote.gprc.NamingGrpcClientProxy.requestToServer(NamingGrpcClientProxy.java:356)
	at com.alibaba.nacos.client.naming.remote.gprc.NamingGrpcClientProxy.getServiceList(NamingGrpcClientProxy.java:282)
	at com.alibaba.nacos.client.naming.remote.NamingClientProxyDelegate.getServiceList(NamingClientProxyDelegate.java:162)
	at com.alibaba.nacos.client.naming.NacosNamingService.getServicesOfServer(NacosNamingService.java:461)
	at com.alibaba.nacos.client.naming.NacosNamingService.getServicesOfServer(NacosNamingService.java:449)
	at com.alibaba.cloud.nacos.discovery.NacosServiceDiscovery.getServices(NacosServiceDiscovery.java:70)
	at com.alibaba.cloud.nacos.discovery.reactive.NacosReactiveDiscoveryClient.lambda$getServices$3(NacosReactiveDiscoveryClient.java:87)
	at reactor.core.publisher.FluxDefer.subscribe(FluxDefer.java:46)
	at reactor.core.publisher.FluxSubscribeOn$SubscribeOnSubscriber.run(FluxSubscribeOn.java:194)
	at reactor.core.scheduler.WorkerTask.call(WorkerTask.java:84)
	at reactor.core.scheduler.WorkerTask.call(WorkerTask.java:37)
	at java.util.concurrent.FutureTask.run$$$capture(FutureTask.java:266)
	at java.util.concurrent.FutureTask.run(FutureTask.java)
	at java.util.concurrent.ScheduledThreadPoolExecutor$ScheduledFutureTask.access$201(ScheduledThreadPoolExecutor.java:180)
	at java.util.concurrent.ScheduledThreadPoolExecutor$ScheduledFutureTask.run(ScheduledThreadPoolExecutor.java:293)
	at java.util.concurrent.ThreadPoolExecutor.runWorker(ThreadPoolExecutor.java:1149)
	at java.util.concurrent.ThreadPoolExecutor$Worker.run(ThreadPoolExecutor.java:624)
	at java.lang.Thread.run(Thread.java:748)
20:05:54.976 [boundedElastic-267] ERROR c.a.c.n.d.r.NacosReactiveDiscoveryClient - [lambda$getServices$3,94] - get services from nacos server fail,
com.alibaba.nacos.api.exception.NacosException: Client not connected, current status:UNHEALTHY
	at com.alibaba.nacos.common.remote.client.RpcClient.request(RpcClient.java:639)
	at com.alibaba.nacos.common.remote.client.RpcClient.request(RpcClient.java:619)
	at com.alibaba.nacos.client.naming.remote.gprc.NamingGrpcClientProxy.requestToServer(NamingGrpcClientProxy.java:356)
	at com.alibaba.nacos.client.naming.remote.gprc.NamingGrpcClientProxy.getServiceList(NamingGrpcClientProxy.java:282)
	at com.alibaba.nacos.client.naming.remote.NamingClientProxyDelegate.getServiceList(NamingClientProxyDelegate.java:162)
	at com.alibaba.nacos.client.naming.NacosNamingService.getServicesOfServer(NacosNamingService.java:461)
	at com.alibaba.nacos.client.naming.NacosNamingService.getServicesOfServer(NacosNamingService.java:449)
	at com.alibaba.cloud.nacos.discovery.NacosServiceDiscovery.getServices(NacosServiceDiscovery.java:70)
	at com.alibaba.cloud.nacos.discovery.reactive.NacosReactiveDiscoveryClient.lambda$getServices$3(NacosReactiveDiscoveryClient.java:87)
	at reactor.core.publisher.FluxDefer.subscribe(FluxDefer.java:46)
	at reactor.core.publisher.FluxSubscribeOn$SubscribeOnSubscriber.run(FluxSubscribeOn.java:194)
	at reactor.core.scheduler.WorkerTask.call(WorkerTask.java:84)
	at reactor.core.scheduler.WorkerTask.call(WorkerTask.java:37)
	at java.util.concurrent.FutureTask.run$$$capture(FutureTask.java:266)
	at java.util.concurrent.FutureTask.run(FutureTask.java)
	at java.util.concurrent.ScheduledThreadPoolExecutor$ScheduledFutureTask.access$201(ScheduledThreadPoolExecutor.java:180)
	at java.util.concurrent.ScheduledThreadPoolExecutor$ScheduledFutureTask.run(ScheduledThreadPoolExecutor.java:293)
	at java.util.concurrent.ThreadPoolExecutor.runWorker(ThreadPoolExecutor.java:1149)
	at java.util.concurrent.ThreadPoolExecutor$Worker.run(ThreadPoolExecutor.java:624)
	at java.lang.Thread.run(Thread.java:748)
20:06:24.977 [boundedElastic-256] ERROR c.a.c.n.d.r.NacosReactiveDiscoveryClient - [lambda$getServices$3,94] - get services from nacos server fail,
com.alibaba.nacos.api.exception.NacosException: Client not connected, current status:UNHEALTHY
	at com.alibaba.nacos.common.remote.client.RpcClient.request(RpcClient.java:639)
	at com.alibaba.nacos.common.remote.client.RpcClient.request(RpcClient.java:619)
	at com.alibaba.nacos.client.naming.remote.gprc.NamingGrpcClientProxy.requestToServer(NamingGrpcClientProxy.java:356)
	at com.alibaba.nacos.client.naming.remote.gprc.NamingGrpcClientProxy.getServiceList(NamingGrpcClientProxy.java:282)
	at com.alibaba.nacos.client.naming.remote.NamingClientProxyDelegate.getServiceList(NamingClientProxyDelegate.java:162)
	at com.alibaba.nacos.client.naming.NacosNamingService.getServicesOfServer(NacosNamingService.java:461)
	at com.alibaba.nacos.client.naming.NacosNamingService.getServicesOfServer(NacosNamingService.java:449)
	at com.alibaba.cloud.nacos.discovery.NacosServiceDiscovery.getServices(NacosServiceDiscovery.java:70)
	at com.alibaba.cloud.nacos.discovery.reactive.NacosReactiveDiscoveryClient.lambda$getServices$3(NacosReactiveDiscoveryClient.java:87)
	at reactor.core.publisher.FluxDefer.subscribe(FluxDefer.java:46)
	at reactor.core.publisher.FluxSubscribeOn$SubscribeOnSubscriber.run(FluxSubscribeOn.java:194)
	at reactor.core.scheduler.WorkerTask.call(WorkerTask.java:84)
	at reactor.core.scheduler.WorkerTask.call(WorkerTask.java:37)
	at java.util.concurrent.FutureTask.run$$$capture(FutureTask.java:266)
	at java.util.concurrent.FutureTask.run(FutureTask.java)
	at java.util.concurrent.ScheduledThreadPoolExecutor$ScheduledFutureTask.access$201(ScheduledThreadPoolExecutor.java:180)
	at java.util.concurrent.ScheduledThreadPoolExecutor$ScheduledFutureTask.run(ScheduledThreadPoolExecutor.java:293)
	at java.util.concurrent.ThreadPoolExecutor.runWorker(ThreadPoolExecutor.java:1149)
	at java.util.concurrent.ThreadPoolExecutor$Worker.run(ThreadPoolExecutor.java:624)
	at java.lang.Thread.run(Thread.java:748)
20:06:24.977 [boundedElastic-267] ERROR c.a.c.n.d.r.NacosReactiveDiscoveryClient - [lambda$getServices$3,94] - get services from nacos server fail,
com.alibaba.nacos.api.exception.NacosException: Client not connected, current status:UNHEALTHY
	at com.alibaba.nacos.common.remote.client.RpcClient.request(RpcClient.java:639)
	at com.alibaba.nacos.common.remote.client.RpcClient.request(RpcClient.java:619)
	at com.alibaba.nacos.client.naming.remote.gprc.NamingGrpcClientProxy.requestToServer(NamingGrpcClientProxy.java:356)
	at com.alibaba.nacos.client.naming.remote.gprc.NamingGrpcClientProxy.getServiceList(NamingGrpcClientProxy.java:282)
	at com.alibaba.nacos.client.naming.remote.NamingClientProxyDelegate.getServiceList(NamingClientProxyDelegate.java:162)
	at com.alibaba.nacos.client.naming.NacosNamingService.getServicesOfServer(NacosNamingService.java:461)
	at com.alibaba.nacos.client.naming.NacosNamingService.getServicesOfServer(NacosNamingService.java:449)
	at com.alibaba.cloud.nacos.discovery.NacosServiceDiscovery.getServices(NacosServiceDiscovery.java:70)
	at com.alibaba.cloud.nacos.discovery.reactive.NacosReactiveDiscoveryClient.lambda$getServices$3(NacosReactiveDiscoveryClient.java:87)
	at reactor.core.publisher.FluxDefer.subscribe(FluxDefer.java:46)
	at reactor.core.publisher.FluxSubscribeOn$SubscribeOnSubscriber.run(FluxSubscribeOn.java:194)
	at reactor.core.scheduler.WorkerTask.call(WorkerTask.java:84)
	at reactor.core.scheduler.WorkerTask.call(WorkerTask.java:37)
	at java.util.concurrent.FutureTask.run$$$capture(FutureTask.java:266)
	at java.util.concurrent.FutureTask.run(FutureTask.java)
	at java.util.concurrent.ScheduledThreadPoolExecutor$ScheduledFutureTask.access$201(ScheduledThreadPoolExecutor.java:180)
	at java.util.concurrent.ScheduledThreadPoolExecutor$ScheduledFutureTask.run(ScheduledThreadPoolExecutor.java:293)
	at java.util.concurrent.ThreadPoolExecutor.runWorker(ThreadPoolExecutor.java:1149)
	at java.util.concurrent.ThreadPoolExecutor$Worker.run(ThreadPoolExecutor.java:624)
	at java.lang.Thread.run(Thread.java:748)
20:06:54.979 [boundedElastic-267] ERROR c.a.c.n.d.r.NacosReactiveDiscoveryClient - [lambda$getServices$3,94] - get services from nacos server fail,
com.alibaba.nacos.api.exception.NacosException: Client not connected, current status:UNHEALTHY
	at com.alibaba.nacos.common.remote.client.RpcClient.request(RpcClient.java:639)
	at com.alibaba.nacos.common.remote.client.RpcClient.request(RpcClient.java:619)
	at com.alibaba.nacos.client.naming.remote.gprc.NamingGrpcClientProxy.requestToServer(NamingGrpcClientProxy.java:356)
	at com.alibaba.nacos.client.naming.remote.gprc.NamingGrpcClientProxy.getServiceList(NamingGrpcClientProxy.java:282)
	at com.alibaba.nacos.client.naming.remote.NamingClientProxyDelegate.getServiceList(NamingClientProxyDelegate.java:162)
	at com.alibaba.nacos.client.naming.NacosNamingService.getServicesOfServer(NacosNamingService.java:461)
	at com.alibaba.nacos.client.naming.NacosNamingService.getServicesOfServer(NacosNamingService.java:449)
	at com.alibaba.cloud.nacos.discovery.NacosServiceDiscovery.getServices(NacosServiceDiscovery.java:70)
	at com.alibaba.cloud.nacos.discovery.reactive.NacosReactiveDiscoveryClient.lambda$getServices$3(NacosReactiveDiscoveryClient.java:87)
	at reactor.core.publisher.FluxDefer.subscribe(FluxDefer.java:46)
	at reactor.core.publisher.FluxSubscribeOn$SubscribeOnSubscriber.run(FluxSubscribeOn.java:194)
	at reactor.core.scheduler.WorkerTask.call(WorkerTask.java:84)
	at reactor.core.scheduler.WorkerTask.call(WorkerTask.java:37)
	at java.util.concurrent.FutureTask.run$$$capture(FutureTask.java:266)
	at java.util.concurrent.FutureTask.run(FutureTask.java)
	at java.util.concurrent.ScheduledThreadPoolExecutor$ScheduledFutureTask.access$201(ScheduledThreadPoolExecutor.java:180)
	at java.util.concurrent.ScheduledThreadPoolExecutor$ScheduledFutureTask.run(ScheduledThreadPoolExecutor.java:293)
	at java.util.concurrent.ThreadPoolExecutor.runWorker(ThreadPoolExecutor.java:1149)
	at java.util.concurrent.ThreadPoolExecutor$Worker.run(ThreadPoolExecutor.java:624)
	at java.lang.Thread.run(Thread.java:748)
20:06:54.979 [boundedElastic-256] ERROR c.a.c.n.d.r.NacosReactiveDiscoveryClient - [lambda$getServices$3,94] - get services from nacos server fail,
com.alibaba.nacos.api.exception.NacosException: Client not connected, current status:UNHEALTHY
	at com.alibaba.nacos.common.remote.client.RpcClient.request(RpcClient.java:639)
	at com.alibaba.nacos.common.remote.client.RpcClient.request(RpcClient.java:619)
	at com.alibaba.nacos.client.naming.remote.gprc.NamingGrpcClientProxy.requestToServer(NamingGrpcClientProxy.java:356)
	at com.alibaba.nacos.client.naming.remote.gprc.NamingGrpcClientProxy.getServiceList(NamingGrpcClientProxy.java:282)
	at com.alibaba.nacos.client.naming.remote.NamingClientProxyDelegate.getServiceList(NamingClientProxyDelegate.java:162)
	at com.alibaba.nacos.client.naming.NacosNamingService.getServicesOfServer(NacosNamingService.java:461)
	at com.alibaba.nacos.client.naming.NacosNamingService.getServicesOfServer(NacosNamingService.java:449)
	at com.alibaba.cloud.nacos.discovery.NacosServiceDiscovery.getServices(NacosServiceDiscovery.java:70)
	at com.alibaba.cloud.nacos.discovery.reactive.NacosReactiveDiscoveryClient.lambda$getServices$3(NacosReactiveDiscoveryClient.java:87)
	at reactor.core.publisher.FluxDefer.subscribe(FluxDefer.java:46)
	at reactor.core.publisher.FluxSubscribeOn$SubscribeOnSubscriber.run(FluxSubscribeOn.java:194)
	at reactor.core.scheduler.WorkerTask.call(WorkerTask.java:84)
	at reactor.core.scheduler.WorkerTask.call(WorkerTask.java:37)
	at java.util.concurrent.FutureTask.run$$$capture(FutureTask.java:266)
	at java.util.concurrent.FutureTask.run(FutureTask.java)
	at java.util.concurrent.ScheduledThreadPoolExecutor$ScheduledFutureTask.access$201(ScheduledThreadPoolExecutor.java:180)
	at java.util.concurrent.ScheduledThreadPoolExecutor$ScheduledFutureTask.run(ScheduledThreadPoolExecutor.java:293)
	at java.util.concurrent.ThreadPoolExecutor.runWorker(ThreadPoolExecutor.java:1149)
	at java.util.concurrent.ThreadPoolExecutor$Worker.run(ThreadPoolExecutor.java:624)
	at java.lang.Thread.run(Thread.java:748)
20:07:24.981 [boundedElastic-256] ERROR c.a.c.n.d.r.NacosReactiveDiscoveryClient - [lambda$getServices$3,94] - get services from nacos server fail,
com.alibaba.nacos.api.exception.NacosException: Client not connected, current status:UNHEALTHY
	at com.alibaba.nacos.common.remote.client.RpcClient.request(RpcClient.java:639)
	at com.alibaba.nacos.common.remote.client.RpcClient.request(RpcClient.java:619)
	at com.alibaba.nacos.client.naming.remote.gprc.NamingGrpcClientProxy.requestToServer(NamingGrpcClientProxy.java:356)
	at com.alibaba.nacos.client.naming.remote.gprc.NamingGrpcClientProxy.getServiceList(NamingGrpcClientProxy.java:282)
	at com.alibaba.nacos.client.naming.remote.NamingClientProxyDelegate.getServiceList(NamingClientProxyDelegate.java:162)
	at com.alibaba.nacos.client.naming.NacosNamingService.getServicesOfServer(NacosNamingService.java:461)
	at com.alibaba.nacos.client.naming.NacosNamingService.getServicesOfServer(NacosNamingService.java:449)
	at com.alibaba.cloud.nacos.discovery.NacosServiceDiscovery.getServices(NacosServiceDiscovery.java:70)
	at com.alibaba.cloud.nacos.discovery.reactive.NacosReactiveDiscoveryClient.lambda$getServices$3(NacosReactiveDiscoveryClient.java:87)
	at reactor.core.publisher.FluxDefer.subscribe(FluxDefer.java:46)
	at reactor.core.publisher.FluxSubscribeOn$SubscribeOnSubscriber.run(FluxSubscribeOn.java:194)
	at reactor.core.scheduler.WorkerTask.call(WorkerTask.java:84)
	at reactor.core.scheduler.WorkerTask.call(WorkerTask.java:37)
	at java.util.concurrent.FutureTask.run$$$capture(FutureTask.java:266)
	at java.util.concurrent.FutureTask.run(FutureTask.java)
	at java.util.concurrent.ScheduledThreadPoolExecutor$ScheduledFutureTask.access$201(ScheduledThreadPoolExecutor.java:180)
	at java.util.concurrent.ScheduledThreadPoolExecutor$ScheduledFutureTask.run(ScheduledThreadPoolExecutor.java:293)
	at java.util.concurrent.ThreadPoolExecutor.runWorker(ThreadPoolExecutor.java:1149)
	at java.util.concurrent.ThreadPoolExecutor$Worker.run(ThreadPoolExecutor.java:624)
	at java.lang.Thread.run(Thread.java:748)
20:07:24.981 [boundedElastic-267] ERROR c.a.c.n.d.r.NacosReactiveDiscoveryClient - [lambda$getServices$3,94] - get services from nacos server fail,
com.alibaba.nacos.api.exception.NacosException: Client not connected, current status:UNHEALTHY
	at com.alibaba.nacos.common.remote.client.RpcClient.request(RpcClient.java:639)
	at com.alibaba.nacos.common.remote.client.RpcClient.request(RpcClient.java:619)
	at com.alibaba.nacos.client.naming.remote.gprc.NamingGrpcClientProxy.requestToServer(NamingGrpcClientProxy.java:356)
	at com.alibaba.nacos.client.naming.remote.gprc.NamingGrpcClientProxy.getServiceList(NamingGrpcClientProxy.java:282)
	at com.alibaba.nacos.client.naming.remote.NamingClientProxyDelegate.getServiceList(NamingClientProxyDelegate.java:162)
	at com.alibaba.nacos.client.naming.NacosNamingService.getServicesOfServer(NacosNamingService.java:461)
	at com.alibaba.nacos.client.naming.NacosNamingService.getServicesOfServer(NacosNamingService.java:449)
	at com.alibaba.cloud.nacos.discovery.NacosServiceDiscovery.getServices(NacosServiceDiscovery.java:70)
	at com.alibaba.cloud.nacos.discovery.reactive.NacosReactiveDiscoveryClient.lambda$getServices$3(NacosReactiveDiscoveryClient.java:87)
	at reactor.core.publisher.FluxDefer.subscribe(FluxDefer.java:46)
	at reactor.core.publisher.FluxSubscribeOn$SubscribeOnSubscriber.run(FluxSubscribeOn.java:194)
	at reactor.core.scheduler.WorkerTask.call(WorkerTask.java:84)
	at reactor.core.scheduler.WorkerTask.call(WorkerTask.java:37)
	at java.util.concurrent.FutureTask.run$$$capture(FutureTask.java:266)
	at java.util.concurrent.FutureTask.run(FutureTask.java)
	at java.util.concurrent.ScheduledThreadPoolExecutor$ScheduledFutureTask.access$201(ScheduledThreadPoolExecutor.java:180)
	at java.util.concurrent.ScheduledThreadPoolExecutor$ScheduledFutureTask.run(ScheduledThreadPoolExecutor.java:293)
	at java.util.concurrent.ThreadPoolExecutor.runWorker(ThreadPoolExecutor.java:1149)
	at java.util.concurrent.ThreadPoolExecutor$Worker.run(ThreadPoolExecutor.java:624)
	at java.lang.Thread.run(Thread.java:748)
20:07:54.986 [boundedElastic-256] ERROR c.a.c.n.d.r.NacosReactiveDiscoveryClient - [lambda$getServices$3,94] - get services from nacos server fail,
com.alibaba.nacos.api.exception.NacosException: Client not connected, current status:UNHEALTHY
	at com.alibaba.nacos.common.remote.client.RpcClient.request(RpcClient.java:639)
	at com.alibaba.nacos.common.remote.client.RpcClient.request(RpcClient.java:619)
	at com.alibaba.nacos.client.naming.remote.gprc.NamingGrpcClientProxy.requestToServer(NamingGrpcClientProxy.java:356)
	at com.alibaba.nacos.client.naming.remote.gprc.NamingGrpcClientProxy.getServiceList(NamingGrpcClientProxy.java:282)
	at com.alibaba.nacos.client.naming.remote.NamingClientProxyDelegate.getServiceList(NamingClientProxyDelegate.java:162)
	at com.alibaba.nacos.client.naming.NacosNamingService.getServicesOfServer(NacosNamingService.java:461)
	at com.alibaba.nacos.client.naming.NacosNamingService.getServicesOfServer(NacosNamingService.java:449)
	at com.alibaba.cloud.nacos.discovery.NacosServiceDiscovery.getServices(NacosServiceDiscovery.java:70)
	at com.alibaba.cloud.nacos.discovery.reactive.NacosReactiveDiscoveryClient.lambda$getServices$3(NacosReactiveDiscoveryClient.java:87)
	at reactor.core.publisher.FluxDefer.subscribe(FluxDefer.java:46)
	at reactor.core.publisher.FluxSubscribeOn$SubscribeOnSubscriber.run(FluxSubscribeOn.java:194)
	at reactor.core.scheduler.WorkerTask.call(WorkerTask.java:84)
	at reactor.core.scheduler.WorkerTask.call(WorkerTask.java:37)
	at java.util.concurrent.FutureTask.run$$$capture(FutureTask.java:266)
	at java.util.concurrent.FutureTask.run(FutureTask.java)
	at java.util.concurrent.ScheduledThreadPoolExecutor$ScheduledFutureTask.access$201(ScheduledThreadPoolExecutor.java:180)
	at java.util.concurrent.ScheduledThreadPoolExecutor$ScheduledFutureTask.run(ScheduledThreadPoolExecutor.java:293)
	at java.util.concurrent.ThreadPoolExecutor.runWorker(ThreadPoolExecutor.java:1149)
	at java.util.concurrent.ThreadPoolExecutor$Worker.run(ThreadPoolExecutor.java:624)
	at java.lang.Thread.run(Thread.java:748)
20:07:54.986 [boundedElastic-267] ERROR c.a.c.n.d.r.NacosReactiveDiscoveryClient - [lambda$getServices$3,94] - get services from nacos server fail,
com.alibaba.nacos.api.exception.NacosException: Client not connected, current status:UNHEALTHY
	at com.alibaba.nacos.common.remote.client.RpcClient.request(RpcClient.java:639)
	at com.alibaba.nacos.common.remote.client.RpcClient.request(RpcClient.java:619)
	at com.alibaba.nacos.client.naming.remote.gprc.NamingGrpcClientProxy.requestToServer(NamingGrpcClientProxy.java:356)
	at com.alibaba.nacos.client.naming.remote.gprc.NamingGrpcClientProxy.getServiceList(NamingGrpcClientProxy.java:282)
	at com.alibaba.nacos.client.naming.remote.NamingClientProxyDelegate.getServiceList(NamingClientProxyDelegate.java:162)
	at com.alibaba.nacos.client.naming.NacosNamingService.getServicesOfServer(NacosNamingService.java:461)
	at com.alibaba.nacos.client.naming.NacosNamingService.getServicesOfServer(NacosNamingService.java:449)
	at com.alibaba.cloud.nacos.discovery.NacosServiceDiscovery.getServices(NacosServiceDiscovery.java:70)
	at com.alibaba.cloud.nacos.discovery.reactive.NacosReactiveDiscoveryClient.lambda$getServices$3(NacosReactiveDiscoveryClient.java:87)
	at reactor.core.publisher.FluxDefer.subscribe(FluxDefer.java:46)
	at reactor.core.publisher.FluxSubscribeOn$SubscribeOnSubscriber.run(FluxSubscribeOn.java:194)
	at reactor.core.scheduler.WorkerTask.call(WorkerTask.java:84)
	at reactor.core.scheduler.WorkerTask.call(WorkerTask.java:37)
	at java.util.concurrent.FutureTask.run$$$capture(FutureTask.java:266)
	at java.util.concurrent.FutureTask.run(FutureTask.java)
	at java.util.concurrent.ScheduledThreadPoolExecutor$ScheduledFutureTask.access$201(ScheduledThreadPoolExecutor.java:180)
	at java.util.concurrent.ScheduledThreadPoolExecutor$ScheduledFutureTask.run(ScheduledThreadPoolExecutor.java:293)
	at java.util.concurrent.ThreadPoolExecutor.runWorker(ThreadPoolExecutor.java:1149)
	at java.util.concurrent.ThreadPoolExecutor$Worker.run(ThreadPoolExecutor.java:624)
	at java.lang.Thread.run(Thread.java:748)
20:08:24.986 [boundedElastic-267] ERROR c.a.c.n.d.r.NacosReactiveDiscoveryClient - [lambda$getServices$3,94] - get services from nacos server fail,
com.alibaba.nacos.api.exception.NacosException: Client not connected, current status:UNHEALTHY
	at com.alibaba.nacos.common.remote.client.RpcClient.request(RpcClient.java:639)
	at com.alibaba.nacos.common.remote.client.RpcClient.request(RpcClient.java:619)
	at com.alibaba.nacos.client.naming.remote.gprc.NamingGrpcClientProxy.requestToServer(NamingGrpcClientProxy.java:356)
	at com.alibaba.nacos.client.naming.remote.gprc.NamingGrpcClientProxy.getServiceList(NamingGrpcClientProxy.java:282)
	at com.alibaba.nacos.client.naming.remote.NamingClientProxyDelegate.getServiceList(NamingClientProxyDelegate.java:162)
	at com.alibaba.nacos.client.naming.NacosNamingService.getServicesOfServer(NacosNamingService.java:461)
	at com.alibaba.nacos.client.naming.NacosNamingService.getServicesOfServer(NacosNamingService.java:449)
	at com.alibaba.cloud.nacos.discovery.NacosServiceDiscovery.getServices(NacosServiceDiscovery.java:70)
	at com.alibaba.cloud.nacos.discovery.reactive.NacosReactiveDiscoveryClient.lambda$getServices$3(NacosReactiveDiscoveryClient.java:87)
	at reactor.core.publisher.FluxDefer.subscribe(FluxDefer.java:46)
	at reactor.core.publisher.FluxSubscribeOn$SubscribeOnSubscriber.run(FluxSubscribeOn.java:194)
	at reactor.core.scheduler.WorkerTask.call(WorkerTask.java:84)
	at reactor.core.scheduler.WorkerTask.call(WorkerTask.java:37)
	at java.util.concurrent.FutureTask.run$$$capture(FutureTask.java:266)
	at java.util.concurrent.FutureTask.run(FutureTask.java)
	at java.util.concurrent.ScheduledThreadPoolExecutor$ScheduledFutureTask.access$201(ScheduledThreadPoolExecutor.java:180)
	at java.util.concurrent.ScheduledThreadPoolExecutor$ScheduledFutureTask.run(ScheduledThreadPoolExecutor.java:293)
	at java.util.concurrent.ThreadPoolExecutor.runWorker(ThreadPoolExecutor.java:1149)
	at java.util.concurrent.ThreadPoolExecutor$Worker.run(ThreadPoolExecutor.java:624)
	at java.lang.Thread.run(Thread.java:748)
20:08:24.986 [boundedElastic-256] ERROR c.a.c.n.d.r.NacosReactiveDiscoveryClient - [lambda$getServices$3,94] - get services from nacos server fail,
com.alibaba.nacos.api.exception.NacosException: Client not connected, current status:UNHEALTHY
	at com.alibaba.nacos.common.remote.client.RpcClient.request(RpcClient.java:639)
	at com.alibaba.nacos.common.remote.client.RpcClient.request(RpcClient.java:619)
	at com.alibaba.nacos.client.naming.remote.gprc.NamingGrpcClientProxy.requestToServer(NamingGrpcClientProxy.java:356)
	at com.alibaba.nacos.client.naming.remote.gprc.NamingGrpcClientProxy.getServiceList(NamingGrpcClientProxy.java:282)
	at com.alibaba.nacos.client.naming.remote.NamingClientProxyDelegate.getServiceList(NamingClientProxyDelegate.java:162)
	at com.alibaba.nacos.client.naming.NacosNamingService.getServicesOfServer(NacosNamingService.java:461)
	at com.alibaba.nacos.client.naming.NacosNamingService.getServicesOfServer(NacosNamingService.java:449)
	at com.alibaba.cloud.nacos.discovery.NacosServiceDiscovery.getServices(NacosServiceDiscovery.java:70)
	at com.alibaba.cloud.nacos.discovery.reactive.NacosReactiveDiscoveryClient.lambda$getServices$3(NacosReactiveDiscoveryClient.java:87)
	at reactor.core.publisher.FluxDefer.subscribe(FluxDefer.java:46)
	at reactor.core.publisher.FluxSubscribeOn$SubscribeOnSubscriber.run(FluxSubscribeOn.java:194)
	at reactor.core.scheduler.WorkerTask.call(WorkerTask.java:84)
	at reactor.core.scheduler.WorkerTask.call(WorkerTask.java:37)
	at java.util.concurrent.FutureTask.run$$$capture(FutureTask.java:266)
	at java.util.concurrent.FutureTask.run(FutureTask.java)
	at java.util.concurrent.ScheduledThreadPoolExecutor$ScheduledFutureTask.access$201(ScheduledThreadPoolExecutor.java:180)
	at java.util.concurrent.ScheduledThreadPoolExecutor$ScheduledFutureTask.run(ScheduledThreadPoolExecutor.java:293)
	at java.util.concurrent.ThreadPoolExecutor.runWorker(ThreadPoolExecutor.java:1149)
	at java.util.concurrent.ThreadPoolExecutor$Worker.run(ThreadPoolExecutor.java:624)
	at java.lang.Thread.run(Thread.java:748)
20:08:54.990 [boundedElastic-267] ERROR c.a.c.n.d.r.NacosReactiveDiscoveryClient - [lambda$getServices$3,94] - get services from nacos server fail,
com.alibaba.nacos.api.exception.NacosException: Client not connected, current status:UNHEALTHY
	at com.alibaba.nacos.common.remote.client.RpcClient.request(RpcClient.java:639)
	at com.alibaba.nacos.common.remote.client.RpcClient.request(RpcClient.java:619)
	at com.alibaba.nacos.client.naming.remote.gprc.NamingGrpcClientProxy.requestToServer(NamingGrpcClientProxy.java:356)
	at com.alibaba.nacos.client.naming.remote.gprc.NamingGrpcClientProxy.getServiceList(NamingGrpcClientProxy.java:282)
	at com.alibaba.nacos.client.naming.remote.NamingClientProxyDelegate.getServiceList(NamingClientProxyDelegate.java:162)
	at com.alibaba.nacos.client.naming.NacosNamingService.getServicesOfServer(NacosNamingService.java:461)
	at com.alibaba.nacos.client.naming.NacosNamingService.getServicesOfServer(NacosNamingService.java:449)
	at com.alibaba.cloud.nacos.discovery.NacosServiceDiscovery.getServices(NacosServiceDiscovery.java:70)
	at com.alibaba.cloud.nacos.discovery.reactive.NacosReactiveDiscoveryClient.lambda$getServices$3(NacosReactiveDiscoveryClient.java:87)
	at reactor.core.publisher.FluxDefer.subscribe(FluxDefer.java:46)
	at reactor.core.publisher.FluxSubscribeOn$SubscribeOnSubscriber.run(FluxSubscribeOn.java:194)
	at reactor.core.scheduler.WorkerTask.call(WorkerTask.java:84)
	at reactor.core.scheduler.WorkerTask.call(WorkerTask.java:37)
	at java.util.concurrent.FutureTask.run$$$capture(FutureTask.java:266)
	at java.util.concurrent.FutureTask.run(FutureTask.java)
	at java.util.concurrent.ScheduledThreadPoolExecutor$ScheduledFutureTask.access$201(ScheduledThreadPoolExecutor.java:180)
	at java.util.concurrent.ScheduledThreadPoolExecutor$ScheduledFutureTask.run(ScheduledThreadPoolExecutor.java:293)
	at java.util.concurrent.ThreadPoolExecutor.runWorker(ThreadPoolExecutor.java:1149)
	at java.util.concurrent.ThreadPoolExecutor$Worker.run(ThreadPoolExecutor.java:624)
	at java.lang.Thread.run(Thread.java:748)
20:08:54.990 [boundedElastic-256] ERROR c.a.c.n.d.r.NacosReactiveDiscoveryClient - [lambda$getServices$3,94] - get services from nacos server fail,
com.alibaba.nacos.api.exception.NacosException: Client not connected, current status:UNHEALTHY
	at com.alibaba.nacos.common.remote.client.RpcClient.request(RpcClient.java:639)
	at com.alibaba.nacos.common.remote.client.RpcClient.request(RpcClient.java:619)
	at com.alibaba.nacos.client.naming.remote.gprc.NamingGrpcClientProxy.requestToServer(NamingGrpcClientProxy.java:356)
	at com.alibaba.nacos.client.naming.remote.gprc.NamingGrpcClientProxy.getServiceList(NamingGrpcClientProxy.java:282)
	at com.alibaba.nacos.client.naming.remote.NamingClientProxyDelegate.getServiceList(NamingClientProxyDelegate.java:162)
	at com.alibaba.nacos.client.naming.NacosNamingService.getServicesOfServer(NacosNamingService.java:461)
	at com.alibaba.nacos.client.naming.NacosNamingService.getServicesOfServer(NacosNamingService.java:449)
	at com.alibaba.cloud.nacos.discovery.NacosServiceDiscovery.getServices(NacosServiceDiscovery.java:70)
	at com.alibaba.cloud.nacos.discovery.reactive.NacosReactiveDiscoveryClient.lambda$getServices$3(NacosReactiveDiscoveryClient.java:87)
	at reactor.core.publisher.FluxDefer.subscribe(FluxDefer.java:46)
	at reactor.core.publisher.FluxSubscribeOn$SubscribeOnSubscriber.run(FluxSubscribeOn.java:194)
	at reactor.core.scheduler.WorkerTask.call(WorkerTask.java:84)
	at reactor.core.scheduler.WorkerTask.call(WorkerTask.java:37)
	at java.util.concurrent.FutureTask.run$$$capture(FutureTask.java:266)
	at java.util.concurrent.FutureTask.run(FutureTask.java)
	at java.util.concurrent.ScheduledThreadPoolExecutor$ScheduledFutureTask.access$201(ScheduledThreadPoolExecutor.java:180)
	at java.util.concurrent.ScheduledThreadPoolExecutor$ScheduledFutureTask.run(ScheduledThreadPoolExecutor.java:293)
	at java.util.concurrent.ThreadPoolExecutor.runWorker(ThreadPoolExecutor.java:1149)
	at java.util.concurrent.ThreadPoolExecutor$Worker.run(ThreadPoolExecutor.java:624)
	at java.lang.Thread.run(Thread.java:748)
20:09:24.992 [boundedElastic-256] ERROR c.a.c.n.d.r.NacosReactiveDiscoveryClient - [lambda$getServices$3,94] - get services from nacos server fail,
com.alibaba.nacos.api.exception.NacosException: Client not connected, current status:UNHEALTHY
	at com.alibaba.nacos.common.remote.client.RpcClient.request(RpcClient.java:639)
	at com.alibaba.nacos.common.remote.client.RpcClient.request(RpcClient.java:619)
	at com.alibaba.nacos.client.naming.remote.gprc.NamingGrpcClientProxy.requestToServer(NamingGrpcClientProxy.java:356)
	at com.alibaba.nacos.client.naming.remote.gprc.NamingGrpcClientProxy.getServiceList(NamingGrpcClientProxy.java:282)
	at com.alibaba.nacos.client.naming.remote.NamingClientProxyDelegate.getServiceList(NamingClientProxyDelegate.java:162)
	at com.alibaba.nacos.client.naming.NacosNamingService.getServicesOfServer(NacosNamingService.java:461)
	at com.alibaba.nacos.client.naming.NacosNamingService.getServicesOfServer(NacosNamingService.java:449)
	at com.alibaba.cloud.nacos.discovery.NacosServiceDiscovery.getServices(NacosServiceDiscovery.java:70)
	at com.alibaba.cloud.nacos.discovery.reactive.NacosReactiveDiscoveryClient.lambda$getServices$3(NacosReactiveDiscoveryClient.java:87)
	at reactor.core.publisher.FluxDefer.subscribe(FluxDefer.java:46)
	at reactor.core.publisher.FluxSubscribeOn$SubscribeOnSubscriber.run(FluxSubscribeOn.java:194)
	at reactor.core.scheduler.WorkerTask.call(WorkerTask.java:84)
	at reactor.core.scheduler.WorkerTask.call(WorkerTask.java:37)
	at java.util.concurrent.FutureTask.run$$$capture(FutureTask.java:266)
	at java.util.concurrent.FutureTask.run(FutureTask.java)
	at java.util.concurrent.ScheduledThreadPoolExecutor$ScheduledFutureTask.access$201(ScheduledThreadPoolExecutor.java:180)
	at java.util.concurrent.ScheduledThreadPoolExecutor$ScheduledFutureTask.run(ScheduledThreadPoolExecutor.java:293)
	at java.util.concurrent.ThreadPoolExecutor.runWorker(ThreadPoolExecutor.java:1149)
	at java.util.concurrent.ThreadPoolExecutor$Worker.run(ThreadPoolExecutor.java:624)
	at java.lang.Thread.run(Thread.java:748)
20:09:24.992 [boundedElastic-267] ERROR c.a.c.n.d.r.NacosReactiveDiscoveryClient - [lambda$getServices$3,94] - get services from nacos server fail,
com.alibaba.nacos.api.exception.NacosException: Client not connected, current status:UNHEALTHY
	at com.alibaba.nacos.common.remote.client.RpcClient.request(RpcClient.java:639)
	at com.alibaba.nacos.common.remote.client.RpcClient.request(RpcClient.java:619)
	at com.alibaba.nacos.client.naming.remote.gprc.NamingGrpcClientProxy.requestToServer(NamingGrpcClientProxy.java:356)
	at com.alibaba.nacos.client.naming.remote.gprc.NamingGrpcClientProxy.getServiceList(NamingGrpcClientProxy.java:282)
	at com.alibaba.nacos.client.naming.remote.NamingClientProxyDelegate.getServiceList(NamingClientProxyDelegate.java:162)
	at com.alibaba.nacos.client.naming.NacosNamingService.getServicesOfServer(NacosNamingService.java:461)
	at com.alibaba.nacos.client.naming.NacosNamingService.getServicesOfServer(NacosNamingService.java:449)
	at com.alibaba.cloud.nacos.discovery.NacosServiceDiscovery.getServices(NacosServiceDiscovery.java:70)
	at com.alibaba.cloud.nacos.discovery.reactive.NacosReactiveDiscoveryClient.lambda$getServices$3(NacosReactiveDiscoveryClient.java:87)
	at reactor.core.publisher.FluxDefer.subscribe(FluxDefer.java:46)
	at reactor.core.publisher.FluxSubscribeOn$SubscribeOnSubscriber.run(FluxSubscribeOn.java:194)
	at reactor.core.scheduler.WorkerTask.call(WorkerTask.java:84)
	at reactor.core.scheduler.WorkerTask.call(WorkerTask.java:37)
	at java.util.concurrent.FutureTask.run$$$capture(FutureTask.java:266)
	at java.util.concurrent.FutureTask.run(FutureTask.java)
	at java.util.concurrent.ScheduledThreadPoolExecutor$ScheduledFutureTask.access$201(ScheduledThreadPoolExecutor.java:180)
	at java.util.concurrent.ScheduledThreadPoolExecutor$ScheduledFutureTask.run(ScheduledThreadPoolExecutor.java:293)
	at java.util.concurrent.ThreadPoolExecutor.runWorker(ThreadPoolExecutor.java:1149)
	at java.util.concurrent.ThreadPoolExecutor$Worker.run(ThreadPoolExecutor.java:624)
	at java.lang.Thread.run(Thread.java:748)
20:09:54.992 [boundedElastic-267] ERROR c.a.c.n.d.r.NacosReactiveDiscoveryClient - [lambda$getServices$3,94] - get services from nacos server fail,
com.alibaba.nacos.api.exception.NacosException: Client not connected, current status:UNHEALTHY
	at com.alibaba.nacos.common.remote.client.RpcClient.request(RpcClient.java:639)
	at com.alibaba.nacos.common.remote.client.RpcClient.request(RpcClient.java:619)
	at com.alibaba.nacos.client.naming.remote.gprc.NamingGrpcClientProxy.requestToServer(NamingGrpcClientProxy.java:356)
	at com.alibaba.nacos.client.naming.remote.gprc.NamingGrpcClientProxy.getServiceList(NamingGrpcClientProxy.java:282)
	at com.alibaba.nacos.client.naming.remote.NamingClientProxyDelegate.getServiceList(NamingClientProxyDelegate.java:162)
	at com.alibaba.nacos.client.naming.NacosNamingService.getServicesOfServer(NacosNamingService.java:461)
	at com.alibaba.nacos.client.naming.NacosNamingService.getServicesOfServer(NacosNamingService.java:449)
	at com.alibaba.cloud.nacos.discovery.NacosServiceDiscovery.getServices(NacosServiceDiscovery.java:70)
	at com.alibaba.cloud.nacos.discovery.reactive.NacosReactiveDiscoveryClient.lambda$getServices$3(NacosReactiveDiscoveryClient.java:87)
	at reactor.core.publisher.FluxDefer.subscribe(FluxDefer.java:46)
	at reactor.core.publisher.FluxSubscribeOn$SubscribeOnSubscriber.run(FluxSubscribeOn.java:194)
	at reactor.core.scheduler.WorkerTask.call(WorkerTask.java:84)
	at reactor.core.scheduler.WorkerTask.call(WorkerTask.java:37)
	at java.util.concurrent.FutureTask.run$$$capture(FutureTask.java:266)
	at java.util.concurrent.FutureTask.run(FutureTask.java)
	at java.util.concurrent.ScheduledThreadPoolExecutor$ScheduledFutureTask.access$201(ScheduledThreadPoolExecutor.java:180)
	at java.util.concurrent.ScheduledThreadPoolExecutor$ScheduledFutureTask.run(ScheduledThreadPoolExecutor.java:293)
	at java.util.concurrent.ThreadPoolExecutor.runWorker(ThreadPoolExecutor.java:1149)
	at java.util.concurrent.ThreadPoolExecutor$Worker.run(ThreadPoolExecutor.java:624)
	at java.lang.Thread.run(Thread.java:748)
20:09:54.992 [boundedElastic-256] ERROR c.a.c.n.d.r.NacosReactiveDiscoveryClient - [lambda$getServices$3,94] - get services from nacos server fail,
com.alibaba.nacos.api.exception.NacosException: Client not connected, current status:UNHEALTHY
	at com.alibaba.nacos.common.remote.client.RpcClient.request(RpcClient.java:639)
	at com.alibaba.nacos.common.remote.client.RpcClient.request(RpcClient.java:619)
	at com.alibaba.nacos.client.naming.remote.gprc.NamingGrpcClientProxy.requestToServer(NamingGrpcClientProxy.java:356)
	at com.alibaba.nacos.client.naming.remote.gprc.NamingGrpcClientProxy.getServiceList(NamingGrpcClientProxy.java:282)
	at com.alibaba.nacos.client.naming.remote.NamingClientProxyDelegate.getServiceList(NamingClientProxyDelegate.java:162)
	at com.alibaba.nacos.client.naming.NacosNamingService.getServicesOfServer(NacosNamingService.java:461)
	at com.alibaba.nacos.client.naming.NacosNamingService.getServicesOfServer(NacosNamingService.java:449)
	at com.alibaba.cloud.nacos.discovery.NacosServiceDiscovery.getServices(NacosServiceDiscovery.java:70)
	at com.alibaba.cloud.nacos.discovery.reactive.NacosReactiveDiscoveryClient.lambda$getServices$3(NacosReactiveDiscoveryClient.java:87)
	at reactor.core.publisher.FluxDefer.subscribe(FluxDefer.java:46)
	at reactor.core.publisher.FluxSubscribeOn$SubscribeOnSubscriber.run(FluxSubscribeOn.java:194)
	at reactor.core.scheduler.WorkerTask.call(WorkerTask.java:84)
	at reactor.core.scheduler.WorkerTask.call(WorkerTask.java:37)
	at java.util.concurrent.FutureTask.run$$$capture(FutureTask.java:266)
	at java.util.concurrent.FutureTask.run(FutureTask.java)
	at java.util.concurrent.ScheduledThreadPoolExecutor$ScheduledFutureTask.access$201(ScheduledThreadPoolExecutor.java:180)
	at java.util.concurrent.ScheduledThreadPoolExecutor$ScheduledFutureTask.run(ScheduledThreadPoolExecutor.java:293)
	at java.util.concurrent.ThreadPoolExecutor.runWorker(ThreadPoolExecutor.java:1149)
	at java.util.concurrent.ThreadPoolExecutor$Worker.run(ThreadPoolExecutor.java:624)
	at java.lang.Thread.run(Thread.java:748)
20:10:24.988 [boundedElastic-267] ERROR c.a.c.n.d.r.NacosReactiveDiscoveryClient - [lambda$getServices$3,94] - get services from nacos server fail,
com.alibaba.nacos.api.exception.NacosException: Client not connected, current status:UNHEALTHY
	at com.alibaba.nacos.common.remote.client.RpcClient.request(RpcClient.java:639)
	at com.alibaba.nacos.common.remote.client.RpcClient.request(RpcClient.java:619)
	at com.alibaba.nacos.client.naming.remote.gprc.NamingGrpcClientProxy.requestToServer(NamingGrpcClientProxy.java:356)
	at com.alibaba.nacos.client.naming.remote.gprc.NamingGrpcClientProxy.getServiceList(NamingGrpcClientProxy.java:282)
	at com.alibaba.nacos.client.naming.remote.NamingClientProxyDelegate.getServiceList(NamingClientProxyDelegate.java:162)
	at com.alibaba.nacos.client.naming.NacosNamingService.getServicesOfServer(NacosNamingService.java:461)
	at com.alibaba.nacos.client.naming.NacosNamingService.getServicesOfServer(NacosNamingService.java:449)
	at com.alibaba.cloud.nacos.discovery.NacosServiceDiscovery.getServices(NacosServiceDiscovery.java:70)
	at com.alibaba.cloud.nacos.discovery.reactive.NacosReactiveDiscoveryClient.lambda$getServices$3(NacosReactiveDiscoveryClient.java:87)
	at reactor.core.publisher.FluxDefer.subscribe(FluxDefer.java:46)
	at reactor.core.publisher.FluxSubscribeOn$SubscribeOnSubscriber.run(FluxSubscribeOn.java:194)
	at reactor.core.scheduler.WorkerTask.call(WorkerTask.java:84)
	at reactor.core.scheduler.WorkerTask.call(WorkerTask.java:37)
	at java.util.concurrent.FutureTask.run$$$capture(FutureTask.java:266)
	at java.util.concurrent.FutureTask.run(FutureTask.java)
	at java.util.concurrent.ScheduledThreadPoolExecutor$ScheduledFutureTask.access$201(ScheduledThreadPoolExecutor.java:180)
	at java.util.concurrent.ScheduledThreadPoolExecutor$ScheduledFutureTask.run(ScheduledThreadPoolExecutor.java:293)
	at java.util.concurrent.ThreadPoolExecutor.runWorker(ThreadPoolExecutor.java:1149)
	at java.util.concurrent.ThreadPoolExecutor$Worker.run(ThreadPoolExecutor.java:624)
	at java.lang.Thread.run(Thread.java:748)
20:10:24.994 [boundedElastic-256] ERROR c.a.c.n.d.r.NacosReactiveDiscoveryClient - [lambda$getServices$3,94] - get services from nacos server fail,
com.alibaba.nacos.api.exception.NacosException: Client not connected, current status:UNHEALTHY
	at com.alibaba.nacos.common.remote.client.RpcClient.request(RpcClient.java:639)
	at com.alibaba.nacos.common.remote.client.RpcClient.request(RpcClient.java:619)
	at com.alibaba.nacos.client.naming.remote.gprc.NamingGrpcClientProxy.requestToServer(NamingGrpcClientProxy.java:356)
	at com.alibaba.nacos.client.naming.remote.gprc.NamingGrpcClientProxy.getServiceList(NamingGrpcClientProxy.java:282)
	at com.alibaba.nacos.client.naming.remote.NamingClientProxyDelegate.getServiceList(NamingClientProxyDelegate.java:162)
	at com.alibaba.nacos.client.naming.NacosNamingService.getServicesOfServer(NacosNamingService.java:461)
	at com.alibaba.nacos.client.naming.NacosNamingService.getServicesOfServer(NacosNamingService.java:449)
	at com.alibaba.cloud.nacos.discovery.NacosServiceDiscovery.getServices(NacosServiceDiscovery.java:70)
	at com.alibaba.cloud.nacos.discovery.reactive.NacosReactiveDiscoveryClient.lambda$getServices$3(NacosReactiveDiscoveryClient.java:87)
	at reactor.core.publisher.FluxDefer.subscribe(FluxDefer.java:46)
	at reactor.core.publisher.FluxSubscribeOn$SubscribeOnSubscriber.run(FluxSubscribeOn.java:194)
	at reactor.core.scheduler.WorkerTask.call(WorkerTask.java:84)
	at reactor.core.scheduler.WorkerTask.call(WorkerTask.java:37)
	at java.util.concurrent.FutureTask.run$$$capture(FutureTask.java:266)
	at java.util.concurrent.FutureTask.run(FutureTask.java)
	at java.util.concurrent.ScheduledThreadPoolExecutor$ScheduledFutureTask.access$201(ScheduledThreadPoolExecutor.java:180)
	at java.util.concurrent.ScheduledThreadPoolExecutor$ScheduledFutureTask.run(ScheduledThreadPoolExecutor.java:293)
	at java.util.concurrent.ThreadPoolExecutor.runWorker(ThreadPoolExecutor.java:1149)
	at java.util.concurrent.ThreadPoolExecutor$Worker.run(ThreadPoolExecutor.java:624)
	at java.lang.Thread.run(Thread.java:748)
20:10:54.994 [boundedElastic-267] ERROR c.a.c.n.d.r.NacosReactiveDiscoveryClient - [lambda$getServices$3,94] - get services from nacos server fail,
com.alibaba.nacos.api.exception.NacosException: Client not connected, current status:UNHEALTHY
	at com.alibaba.nacos.common.remote.client.RpcClient.request(RpcClient.java:639)
	at com.alibaba.nacos.common.remote.client.RpcClient.request(RpcClient.java:619)
	at com.alibaba.nacos.client.naming.remote.gprc.NamingGrpcClientProxy.requestToServer(NamingGrpcClientProxy.java:356)
	at com.alibaba.nacos.client.naming.remote.gprc.NamingGrpcClientProxy.getServiceList(NamingGrpcClientProxy.java:282)
	at com.alibaba.nacos.client.naming.remote.NamingClientProxyDelegate.getServiceList(NamingClientProxyDelegate.java:162)
	at com.alibaba.nacos.client.naming.NacosNamingService.getServicesOfServer(NacosNamingService.java:461)
	at com.alibaba.nacos.client.naming.NacosNamingService.getServicesOfServer(NacosNamingService.java:449)
	at com.alibaba.cloud.nacos.discovery.NacosServiceDiscovery.getServices(NacosServiceDiscovery.java:70)
	at com.alibaba.cloud.nacos.discovery.reactive.NacosReactiveDiscoveryClient.lambda$getServices$3(NacosReactiveDiscoveryClient.java:87)
	at reactor.core.publisher.FluxDefer.subscribe(FluxDefer.java:46)
	at reactor.core.publisher.FluxSubscribeOn$SubscribeOnSubscriber.run(FluxSubscribeOn.java:194)
	at reactor.core.scheduler.WorkerTask.call(WorkerTask.java:84)
	at reactor.core.scheduler.WorkerTask.call(WorkerTask.java:37)
	at java.util.concurrent.FutureTask.run$$$capture(FutureTask.java:266)
	at java.util.concurrent.FutureTask.run(FutureTask.java)
	at java.util.concurrent.ScheduledThreadPoolExecutor$ScheduledFutureTask.access$201(ScheduledThreadPoolExecutor.java:180)
	at java.util.concurrent.ScheduledThreadPoolExecutor$ScheduledFutureTask.run(ScheduledThreadPoolExecutor.java:293)
	at java.util.concurrent.ThreadPoolExecutor.runWorker(ThreadPoolExecutor.java:1149)
	at java.util.concurrent.ThreadPoolExecutor$Worker.run(ThreadPoolExecutor.java:624)
	at java.lang.Thread.run(Thread.java:748)
20:10:54.999 [boundedElastic-256] ERROR c.a.c.n.d.r.NacosReactiveDiscoveryClient - [lambda$getServices$3,94] - get services from nacos server fail,
com.alibaba.nacos.api.exception.NacosException: Client not connected, current status:UNHEALTHY
	at com.alibaba.nacos.common.remote.client.RpcClient.request(RpcClient.java:639)
	at com.alibaba.nacos.common.remote.client.RpcClient.request(RpcClient.java:619)
	at com.alibaba.nacos.client.naming.remote.gprc.NamingGrpcClientProxy.requestToServer(NamingGrpcClientProxy.java:356)
	at com.alibaba.nacos.client.naming.remote.gprc.NamingGrpcClientProxy.getServiceList(NamingGrpcClientProxy.java:282)
	at com.alibaba.nacos.client.naming.remote.NamingClientProxyDelegate.getServiceList(NamingClientProxyDelegate.java:162)
	at com.alibaba.nacos.client.naming.NacosNamingService.getServicesOfServer(NacosNamingService.java:461)
	at com.alibaba.nacos.client.naming.NacosNamingService.getServicesOfServer(NacosNamingService.java:449)
	at com.alibaba.cloud.nacos.discovery.NacosServiceDiscovery.getServices(NacosServiceDiscovery.java:70)
	at com.alibaba.cloud.nacos.discovery.reactive.NacosReactiveDiscoveryClient.lambda$getServices$3(NacosReactiveDiscoveryClient.java:87)
	at reactor.core.publisher.FluxDefer.subscribe(FluxDefer.java:46)
	at reactor.core.publisher.FluxSubscribeOn$SubscribeOnSubscriber.run(FluxSubscribeOn.java:194)
	at reactor.core.scheduler.WorkerTask.call(WorkerTask.java:84)
	at reactor.core.scheduler.WorkerTask.call(WorkerTask.java:37)
	at java.util.concurrent.FutureTask.run$$$capture(FutureTask.java:266)
	at java.util.concurrent.FutureTask.run(FutureTask.java)
	at java.util.concurrent.ScheduledThreadPoolExecutor$ScheduledFutureTask.access$201(ScheduledThreadPoolExecutor.java:180)
	at java.util.concurrent.ScheduledThreadPoolExecutor$ScheduledFutureTask.run(ScheduledThreadPoolExecutor.java:293)
	at java.util.concurrent.ThreadPoolExecutor.runWorker(ThreadPoolExecutor.java:1149)
	at java.util.concurrent.ThreadPoolExecutor$Worker.run(ThreadPoolExecutor.java:624)
	at java.lang.Thread.run(Thread.java:748)
20:11:24.999 [boundedElastic-256] ERROR c.a.c.n.d.r.NacosReactiveDiscoveryClient - [lambda$getServices$3,94] - get services from nacos server fail,
com.alibaba.nacos.api.exception.NacosException: Client not connected, current status:UNHEALTHY
	at com.alibaba.nacos.common.remote.client.RpcClient.request(RpcClient.java:639)
	at com.alibaba.nacos.common.remote.client.RpcClient.request(RpcClient.java:619)
	at com.alibaba.nacos.client.naming.remote.gprc.NamingGrpcClientProxy.requestToServer(NamingGrpcClientProxy.java:356)
	at com.alibaba.nacos.client.naming.remote.gprc.NamingGrpcClientProxy.getServiceList(NamingGrpcClientProxy.java:282)
	at com.alibaba.nacos.client.naming.remote.NamingClientProxyDelegate.getServiceList(NamingClientProxyDelegate.java:162)
	at com.alibaba.nacos.client.naming.NacosNamingService.getServicesOfServer(NacosNamingService.java:461)
	at com.alibaba.nacos.client.naming.NacosNamingService.getServicesOfServer(NacosNamingService.java:449)
	at com.alibaba.cloud.nacos.discovery.NacosServiceDiscovery.getServices(NacosServiceDiscovery.java:70)
	at com.alibaba.cloud.nacos.discovery.reactive.NacosReactiveDiscoveryClient.lambda$getServices$3(NacosReactiveDiscoveryClient.java:87)
	at reactor.core.publisher.FluxDefer.subscribe(FluxDefer.java:46)
	at reactor.core.publisher.FluxSubscribeOn$SubscribeOnSubscriber.run(FluxSubscribeOn.java:194)
	at reactor.core.scheduler.WorkerTask.call(WorkerTask.java:84)
	at reactor.core.scheduler.WorkerTask.call(WorkerTask.java:37)
	at java.util.concurrent.FutureTask.run$$$capture(FutureTask.java:266)
	at java.util.concurrent.FutureTask.run(FutureTask.java)
	at java.util.concurrent.ScheduledThreadPoolExecutor$ScheduledFutureTask.access$201(ScheduledThreadPoolExecutor.java:180)
	at java.util.concurrent.ScheduledThreadPoolExecutor$ScheduledFutureTask.run(ScheduledThreadPoolExecutor.java:293)
	at java.util.concurrent.ThreadPoolExecutor.runWorker(ThreadPoolExecutor.java:1149)
	at java.util.concurrent.ThreadPoolExecutor$Worker.run(ThreadPoolExecutor.java:624)
	at java.lang.Thread.run(Thread.java:748)
20:11:25.000 [boundedElastic-267] ERROR c.a.c.n.d.r.NacosReactiveDiscoveryClient - [lambda$getServices$3,94] - get services from nacos server fail,
com.alibaba.nacos.api.exception.NacosException: Client not connected, current status:UNHEALTHY
	at com.alibaba.nacos.common.remote.client.RpcClient.request(RpcClient.java:639)
	at com.alibaba.nacos.common.remote.client.RpcClient.request(RpcClient.java:619)
	at com.alibaba.nacos.client.naming.remote.gprc.NamingGrpcClientProxy.requestToServer(NamingGrpcClientProxy.java:356)
	at com.alibaba.nacos.client.naming.remote.gprc.NamingGrpcClientProxy.getServiceList(NamingGrpcClientProxy.java:282)
	at com.alibaba.nacos.client.naming.remote.NamingClientProxyDelegate.getServiceList(NamingClientProxyDelegate.java:162)
	at com.alibaba.nacos.client.naming.NacosNamingService.getServicesOfServer(NacosNamingService.java:461)
	at com.alibaba.nacos.client.naming.NacosNamingService.getServicesOfServer(NacosNamingService.java:449)
	at com.alibaba.cloud.nacos.discovery.NacosServiceDiscovery.getServices(NacosServiceDiscovery.java:70)
	at com.alibaba.cloud.nacos.discovery.reactive.NacosReactiveDiscoveryClient.lambda$getServices$3(NacosReactiveDiscoveryClient.java:87)
	at reactor.core.publisher.FluxDefer.subscribe(FluxDefer.java:46)
	at reactor.core.publisher.FluxSubscribeOn$SubscribeOnSubscriber.run(FluxSubscribeOn.java:194)
	at reactor.core.scheduler.WorkerTask.call(WorkerTask.java:84)
	at reactor.core.scheduler.WorkerTask.call(WorkerTask.java:37)
	at java.util.concurrent.FutureTask.run$$$capture(FutureTask.java:266)
	at java.util.concurrent.FutureTask.run(FutureTask.java)
	at java.util.concurrent.ScheduledThreadPoolExecutor$ScheduledFutureTask.access$201(ScheduledThreadPoolExecutor.java:180)
	at java.util.concurrent.ScheduledThreadPoolExecutor$ScheduledFutureTask.run(ScheduledThreadPoolExecutor.java:293)
	at java.util.concurrent.ThreadPoolExecutor.runWorker(ThreadPoolExecutor.java:1149)
	at java.util.concurrent.ThreadPoolExecutor$Worker.run(ThreadPoolExecutor.java:624)
	at java.lang.Thread.run(Thread.java:748)
20:11:55.003 [boundedElastic-267] ERROR c.a.c.n.d.r.NacosReactiveDiscoveryClient - [lambda$getServices$3,94] - get services from nacos server fail,
com.alibaba.nacos.api.exception.NacosException: Client not connected, current status:UNHEALTHY
	at com.alibaba.nacos.common.remote.client.RpcClient.request(RpcClient.java:639)
	at com.alibaba.nacos.common.remote.client.RpcClient.request(RpcClient.java:619)
	at com.alibaba.nacos.client.naming.remote.gprc.NamingGrpcClientProxy.requestToServer(NamingGrpcClientProxy.java:356)
	at com.alibaba.nacos.client.naming.remote.gprc.NamingGrpcClientProxy.getServiceList(NamingGrpcClientProxy.java:282)
	at com.alibaba.nacos.client.naming.remote.NamingClientProxyDelegate.getServiceList(NamingClientProxyDelegate.java:162)
	at com.alibaba.nacos.client.naming.NacosNamingService.getServicesOfServer(NacosNamingService.java:461)
	at com.alibaba.nacos.client.naming.NacosNamingService.getServicesOfServer(NacosNamingService.java:449)
	at com.alibaba.cloud.nacos.discovery.NacosServiceDiscovery.getServices(NacosServiceDiscovery.java:70)
	at com.alibaba.cloud.nacos.discovery.reactive.NacosReactiveDiscoveryClient.lambda$getServices$3(NacosReactiveDiscoveryClient.java:87)
	at reactor.core.publisher.FluxDefer.subscribe(FluxDefer.java:46)
	at reactor.core.publisher.FluxSubscribeOn$SubscribeOnSubscriber.run(FluxSubscribeOn.java:194)
	at reactor.core.scheduler.WorkerTask.call(WorkerTask.java:84)
	at reactor.core.scheduler.WorkerTask.call(WorkerTask.java:37)
	at java.util.concurrent.FutureTask.run$$$capture(FutureTask.java:266)
	at java.util.concurrent.FutureTask.run(FutureTask.java)
	at java.util.concurrent.ScheduledThreadPoolExecutor$ScheduledFutureTask.access$201(ScheduledThreadPoolExecutor.java:180)
	at java.util.concurrent.ScheduledThreadPoolExecutor$ScheduledFutureTask.run(ScheduledThreadPoolExecutor.java:293)
	at java.util.concurrent.ThreadPoolExecutor.runWorker(ThreadPoolExecutor.java:1149)
	at java.util.concurrent.ThreadPoolExecutor$Worker.run(ThreadPoolExecutor.java:624)
	at java.lang.Thread.run(Thread.java:748)
20:11:55.003 [boundedElastic-256] ERROR c.a.c.n.d.r.NacosReactiveDiscoveryClient - [lambda$getServices$3,94] - get services from nacos server fail,
com.alibaba.nacos.api.exception.NacosException: Client not connected, current status:UNHEALTHY
	at com.alibaba.nacos.common.remote.client.RpcClient.request(RpcClient.java:639)
	at com.alibaba.nacos.common.remote.client.RpcClient.request(RpcClient.java:619)
	at com.alibaba.nacos.client.naming.remote.gprc.NamingGrpcClientProxy.requestToServer(NamingGrpcClientProxy.java:356)
	at com.alibaba.nacos.client.naming.remote.gprc.NamingGrpcClientProxy.getServiceList(NamingGrpcClientProxy.java:282)
	at com.alibaba.nacos.client.naming.remote.NamingClientProxyDelegate.getServiceList(NamingClientProxyDelegate.java:162)
	at com.alibaba.nacos.client.naming.NacosNamingService.getServicesOfServer(NacosNamingService.java:461)
	at com.alibaba.nacos.client.naming.NacosNamingService.getServicesOfServer(NacosNamingService.java:449)
	at com.alibaba.cloud.nacos.discovery.NacosServiceDiscovery.getServices(NacosServiceDiscovery.java:70)
	at com.alibaba.cloud.nacos.discovery.reactive.NacosReactiveDiscoveryClient.lambda$getServices$3(NacosReactiveDiscoveryClient.java:87)
	at reactor.core.publisher.FluxDefer.subscribe(FluxDefer.java:46)
	at reactor.core.publisher.FluxSubscribeOn$SubscribeOnSubscriber.run(FluxSubscribeOn.java:194)
	at reactor.core.scheduler.WorkerTask.call(WorkerTask.java:84)
	at reactor.core.scheduler.WorkerTask.call(WorkerTask.java:37)
	at java.util.concurrent.FutureTask.run$$$capture(FutureTask.java:266)
	at java.util.concurrent.FutureTask.run(FutureTask.java)
	at java.util.concurrent.ScheduledThreadPoolExecutor$ScheduledFutureTask.access$201(ScheduledThreadPoolExecutor.java:180)
	at java.util.concurrent.ScheduledThreadPoolExecutor$ScheduledFutureTask.run(ScheduledThreadPoolExecutor.java:293)
	at java.util.concurrent.ThreadPoolExecutor.runWorker(ThreadPoolExecutor.java:1149)
	at java.util.concurrent.ThreadPoolExecutor$Worker.run(ThreadPoolExecutor.java:624)
	at java.lang.Thread.run(Thread.java:748)
20:12:25.005 [boundedElastic-267] ERROR c.a.c.n.d.r.NacosReactiveDiscoveryClient - [lambda$getServices$3,94] - get services from nacos server fail,
com.alibaba.nacos.api.exception.NacosException: Client not connected, current status:UNHEALTHY
	at com.alibaba.nacos.common.remote.client.RpcClient.request(RpcClient.java:639)
	at com.alibaba.nacos.common.remote.client.RpcClient.request(RpcClient.java:619)
	at com.alibaba.nacos.client.naming.remote.gprc.NamingGrpcClientProxy.requestToServer(NamingGrpcClientProxy.java:356)
	at com.alibaba.nacos.client.naming.remote.gprc.NamingGrpcClientProxy.getServiceList(NamingGrpcClientProxy.java:282)
	at com.alibaba.nacos.client.naming.remote.NamingClientProxyDelegate.getServiceList(NamingClientProxyDelegate.java:162)
	at com.alibaba.nacos.client.naming.NacosNamingService.getServicesOfServer(NacosNamingService.java:461)
	at com.alibaba.nacos.client.naming.NacosNamingService.getServicesOfServer(NacosNamingService.java:449)
	at com.alibaba.cloud.nacos.discovery.NacosServiceDiscovery.getServices(NacosServiceDiscovery.java:70)
	at com.alibaba.cloud.nacos.discovery.reactive.NacosReactiveDiscoveryClient.lambda$getServices$3(NacosReactiveDiscoveryClient.java:87)
	at reactor.core.publisher.FluxDefer.subscribe(FluxDefer.java:46)
	at reactor.core.publisher.FluxSubscribeOn$SubscribeOnSubscriber.run(FluxSubscribeOn.java:194)
	at reactor.core.scheduler.WorkerTask.call(WorkerTask.java:84)
	at reactor.core.scheduler.WorkerTask.call(WorkerTask.java:37)
	at java.util.concurrent.FutureTask.run$$$capture(FutureTask.java:266)
	at java.util.concurrent.FutureTask.run(FutureTask.java)
	at java.util.concurrent.ScheduledThreadPoolExecutor$ScheduledFutureTask.access$201(ScheduledThreadPoolExecutor.java:180)
	at java.util.concurrent.ScheduledThreadPoolExecutor$ScheduledFutureTask.run(ScheduledThreadPoolExecutor.java:293)
	at java.util.concurrent.ThreadPoolExecutor.runWorker(ThreadPoolExecutor.java:1149)
	at java.util.concurrent.ThreadPoolExecutor$Worker.run(ThreadPoolExecutor.java:624)
	at java.lang.Thread.run(Thread.java:748)
20:12:25.006 [boundedElastic-256] ERROR c.a.c.n.d.r.NacosReactiveDiscoveryClient - [lambda$getServices$3,94] - get services from nacos server fail,
com.alibaba.nacos.api.exception.NacosException: Client not connected, current status:UNHEALTHY
	at com.alibaba.nacos.common.remote.client.RpcClient.request(RpcClient.java:639)
	at com.alibaba.nacos.common.remote.client.RpcClient.request(RpcClient.java:619)
	at com.alibaba.nacos.client.naming.remote.gprc.NamingGrpcClientProxy.requestToServer(NamingGrpcClientProxy.java:356)
	at com.alibaba.nacos.client.naming.remote.gprc.NamingGrpcClientProxy.getServiceList(NamingGrpcClientProxy.java:282)
	at com.alibaba.nacos.client.naming.remote.NamingClientProxyDelegate.getServiceList(NamingClientProxyDelegate.java:162)
	at com.alibaba.nacos.client.naming.NacosNamingService.getServicesOfServer(NacosNamingService.java:461)
	at com.alibaba.nacos.client.naming.NacosNamingService.getServicesOfServer(NacosNamingService.java:449)
	at com.alibaba.cloud.nacos.discovery.NacosServiceDiscovery.getServices(NacosServiceDiscovery.java:70)
	at com.alibaba.cloud.nacos.discovery.reactive.NacosReactiveDiscoveryClient.lambda$getServices$3(NacosReactiveDiscoveryClient.java:87)
	at reactor.core.publisher.FluxDefer.subscribe(FluxDefer.java:46)
	at reactor.core.publisher.FluxSubscribeOn$SubscribeOnSubscriber.run(FluxSubscribeOn.java:194)
	at reactor.core.scheduler.WorkerTask.call(WorkerTask.java:84)
	at reactor.core.scheduler.WorkerTask.call(WorkerTask.java:37)
	at java.util.concurrent.FutureTask.run$$$capture(FutureTask.java:266)
	at java.util.concurrent.FutureTask.run(FutureTask.java)
	at java.util.concurrent.ScheduledThreadPoolExecutor$ScheduledFutureTask.access$201(ScheduledThreadPoolExecutor.java:180)
	at java.util.concurrent.ScheduledThreadPoolExecutor$ScheduledFutureTask.run(ScheduledThreadPoolExecutor.java:293)
	at java.util.concurrent.ThreadPoolExecutor.runWorker(ThreadPoolExecutor.java:1149)
	at java.util.concurrent.ThreadPoolExecutor$Worker.run(ThreadPoolExecutor.java:624)
	at java.lang.Thread.run(Thread.java:748)
20:12:55.006 [boundedElastic-267] ERROR c.a.c.n.d.r.NacosReactiveDiscoveryClient - [lambda$getServices$3,94] - get services from nacos server fail,
com.alibaba.nacos.api.exception.NacosException: Client not connected, current status:UNHEALTHY
	at com.alibaba.nacos.common.remote.client.RpcClient.request(RpcClient.java:639)
	at com.alibaba.nacos.common.remote.client.RpcClient.request(RpcClient.java:619)
	at com.alibaba.nacos.client.naming.remote.gprc.NamingGrpcClientProxy.requestToServer(NamingGrpcClientProxy.java:356)
	at com.alibaba.nacos.client.naming.remote.gprc.NamingGrpcClientProxy.getServiceList(NamingGrpcClientProxy.java:282)
	at com.alibaba.nacos.client.naming.remote.NamingClientProxyDelegate.getServiceList(NamingClientProxyDelegate.java:162)
	at com.alibaba.nacos.client.naming.NacosNamingService.getServicesOfServer(NacosNamingService.java:461)
	at com.alibaba.nacos.client.naming.NacosNamingService.getServicesOfServer(NacosNamingService.java:449)
	at com.alibaba.cloud.nacos.discovery.NacosServiceDiscovery.getServices(NacosServiceDiscovery.java:70)
	at com.alibaba.cloud.nacos.discovery.reactive.NacosReactiveDiscoveryClient.lambda$getServices$3(NacosReactiveDiscoveryClient.java:87)
	at reactor.core.publisher.FluxDefer.subscribe(FluxDefer.java:46)
	at reactor.core.publisher.FluxSubscribeOn$SubscribeOnSubscriber.run(FluxSubscribeOn.java:194)
	at reactor.core.scheduler.WorkerTask.call(WorkerTask.java:84)
	at reactor.core.scheduler.WorkerTask.call(WorkerTask.java:37)
	at java.util.concurrent.FutureTask.run$$$capture(FutureTask.java:266)
	at java.util.concurrent.FutureTask.run(FutureTask.java)
	at java.util.concurrent.ScheduledThreadPoolExecutor$ScheduledFutureTask.access$201(ScheduledThreadPoolExecutor.java:180)
	at java.util.concurrent.ScheduledThreadPoolExecutor$ScheduledFutureTask.run(ScheduledThreadPoolExecutor.java:293)
	at java.util.concurrent.ThreadPoolExecutor.runWorker(ThreadPoolExecutor.java:1149)
	at java.util.concurrent.ThreadPoolExecutor$Worker.run(ThreadPoolExecutor.java:624)
	at java.lang.Thread.run(Thread.java:748)
20:12:55.010 [boundedElastic-256] ERROR c.a.c.n.d.r.NacosReactiveDiscoveryClient - [lambda$getServices$3,94] - get services from nacos server fail,
com.alibaba.nacos.api.exception.NacosException: Client not connected, current status:UNHEALTHY
	at com.alibaba.nacos.common.remote.client.RpcClient.request(RpcClient.java:639)
	at com.alibaba.nacos.common.remote.client.RpcClient.request(RpcClient.java:619)
	at com.alibaba.nacos.client.naming.remote.gprc.NamingGrpcClientProxy.requestToServer(NamingGrpcClientProxy.java:356)
	at com.alibaba.nacos.client.naming.remote.gprc.NamingGrpcClientProxy.getServiceList(NamingGrpcClientProxy.java:282)
	at com.alibaba.nacos.client.naming.remote.NamingClientProxyDelegate.getServiceList(NamingClientProxyDelegate.java:162)
	at com.alibaba.nacos.client.naming.NacosNamingService.getServicesOfServer(NacosNamingService.java:461)
	at com.alibaba.nacos.client.naming.NacosNamingService.getServicesOfServer(NacosNamingService.java:449)
	at com.alibaba.cloud.nacos.discovery.NacosServiceDiscovery.getServices(NacosServiceDiscovery.java:70)
	at com.alibaba.cloud.nacos.discovery.reactive.NacosReactiveDiscoveryClient.lambda$getServices$3(NacosReactiveDiscoveryClient.java:87)
	at reactor.core.publisher.FluxDefer.subscribe(FluxDefer.java:46)
	at reactor.core.publisher.FluxSubscribeOn$SubscribeOnSubscriber.run(FluxSubscribeOn.java:194)
	at reactor.core.scheduler.WorkerTask.call(WorkerTask.java:84)
	at reactor.core.scheduler.WorkerTask.call(WorkerTask.java:37)
	at java.util.concurrent.FutureTask.run$$$capture(FutureTask.java:266)
	at java.util.concurrent.FutureTask.run(FutureTask.java)
	at java.util.concurrent.ScheduledThreadPoolExecutor$ScheduledFutureTask.access$201(ScheduledThreadPoolExecutor.java:180)
	at java.util.concurrent.ScheduledThreadPoolExecutor$ScheduledFutureTask.run(ScheduledThreadPoolExecutor.java:293)
	at java.util.concurrent.ThreadPoolExecutor.runWorker(ThreadPoolExecutor.java:1149)
	at java.util.concurrent.ThreadPoolExecutor$Worker.run(ThreadPoolExecutor.java:624)
	at java.lang.Thread.run(Thread.java:748)
20:13:25.007 [boundedElastic-256] ERROR c.a.c.n.d.r.NacosReactiveDiscoveryClient - [lambda$getServices$3,94] - get services from nacos server fail,
com.alibaba.nacos.api.exception.NacosException: Client not connected, current status:UNHEALTHY
	at com.alibaba.nacos.common.remote.client.RpcClient.request(RpcClient.java:639)
	at com.alibaba.nacos.common.remote.client.RpcClient.request(RpcClient.java:619)
	at com.alibaba.nacos.client.naming.remote.gprc.NamingGrpcClientProxy.requestToServer(NamingGrpcClientProxy.java:356)
	at com.alibaba.nacos.client.naming.remote.gprc.NamingGrpcClientProxy.getServiceList(NamingGrpcClientProxy.java:282)
	at com.alibaba.nacos.client.naming.remote.NamingClientProxyDelegate.getServiceList(NamingClientProxyDelegate.java:162)
	at com.alibaba.nacos.client.naming.NacosNamingService.getServicesOfServer(NacosNamingService.java:461)
	at com.alibaba.nacos.client.naming.NacosNamingService.getServicesOfServer(NacosNamingService.java:449)
	at com.alibaba.cloud.nacos.discovery.NacosServiceDiscovery.getServices(NacosServiceDiscovery.java:70)
	at com.alibaba.cloud.nacos.discovery.reactive.NacosReactiveDiscoveryClient.lambda$getServices$3(NacosReactiveDiscoveryClient.java:87)
	at reactor.core.publisher.FluxDefer.subscribe(FluxDefer.java:46)
	at reactor.core.publisher.FluxSubscribeOn$SubscribeOnSubscriber.run(FluxSubscribeOn.java:194)
	at reactor.core.scheduler.WorkerTask.call(WorkerTask.java:84)
	at reactor.core.scheduler.WorkerTask.call(WorkerTask.java:37)
	at java.util.concurrent.FutureTask.run$$$capture(FutureTask.java:266)
	at java.util.concurrent.FutureTask.run(FutureTask.java)
	at java.util.concurrent.ScheduledThreadPoolExecutor$ScheduledFutureTask.access$201(ScheduledThreadPoolExecutor.java:180)
	at java.util.concurrent.ScheduledThreadPoolExecutor$ScheduledFutureTask.run(ScheduledThreadPoolExecutor.java:293)
	at java.util.concurrent.ThreadPoolExecutor.runWorker(ThreadPoolExecutor.java:1149)
	at java.util.concurrent.ThreadPoolExecutor$Worker.run(ThreadPoolExecutor.java:624)
	at java.lang.Thread.run(Thread.java:748)
20:13:25.011 [boundedElastic-267] ERROR c.a.c.n.d.r.NacosReactiveDiscoveryClient - [lambda$getServices$3,94] - get services from nacos server fail,
com.alibaba.nacos.api.exception.NacosException: Client not connected, current status:UNHEALTHY
	at com.alibaba.nacos.common.remote.client.RpcClient.request(RpcClient.java:639)
	at com.alibaba.nacos.common.remote.client.RpcClient.request(RpcClient.java:619)
	at com.alibaba.nacos.client.naming.remote.gprc.NamingGrpcClientProxy.requestToServer(NamingGrpcClientProxy.java:356)
	at com.alibaba.nacos.client.naming.remote.gprc.NamingGrpcClientProxy.getServiceList(NamingGrpcClientProxy.java:282)
	at com.alibaba.nacos.client.naming.remote.NamingClientProxyDelegate.getServiceList(NamingClientProxyDelegate.java:162)
	at com.alibaba.nacos.client.naming.NacosNamingService.getServicesOfServer(NacosNamingService.java:461)
	at com.alibaba.nacos.client.naming.NacosNamingService.getServicesOfServer(NacosNamingService.java:449)
	at com.alibaba.cloud.nacos.discovery.NacosServiceDiscovery.getServices(NacosServiceDiscovery.java:70)
	at com.alibaba.cloud.nacos.discovery.reactive.NacosReactiveDiscoveryClient.lambda$getServices$3(NacosReactiveDiscoveryClient.java:87)
	at reactor.core.publisher.FluxDefer.subscribe(FluxDefer.java:46)
	at reactor.core.publisher.FluxSubscribeOn$SubscribeOnSubscriber.run(FluxSubscribeOn.java:194)
	at reactor.core.scheduler.WorkerTask.call(WorkerTask.java:84)
	at reactor.core.scheduler.WorkerTask.call(WorkerTask.java:37)
	at java.util.concurrent.FutureTask.run$$$capture(FutureTask.java:266)
	at java.util.concurrent.FutureTask.run(FutureTask.java)
	at java.util.concurrent.ScheduledThreadPoolExecutor$ScheduledFutureTask.access$201(ScheduledThreadPoolExecutor.java:180)
	at java.util.concurrent.ScheduledThreadPoolExecutor$ScheduledFutureTask.run(ScheduledThreadPoolExecutor.java:293)
	at java.util.concurrent.ThreadPoolExecutor.runWorker(ThreadPoolExecutor.java:1149)
	at java.util.concurrent.ThreadPoolExecutor$Worker.run(ThreadPoolExecutor.java:624)
	at java.lang.Thread.run(Thread.java:748)
20:13:55.012 [boundedElastic-256] ERROR c.a.c.n.d.r.NacosReactiveDiscoveryClient - [lambda$getServices$3,94] - get services from nacos server fail,
com.alibaba.nacos.api.exception.NacosException: Client not connected, current status:UNHEALTHY
	at com.alibaba.nacos.common.remote.client.RpcClient.request(RpcClient.java:639)
	at com.alibaba.nacos.common.remote.client.RpcClient.request(RpcClient.java:619)
	at com.alibaba.nacos.client.naming.remote.gprc.NamingGrpcClientProxy.requestToServer(NamingGrpcClientProxy.java:356)
	at com.alibaba.nacos.client.naming.remote.gprc.NamingGrpcClientProxy.getServiceList(NamingGrpcClientProxy.java:282)
	at com.alibaba.nacos.client.naming.remote.NamingClientProxyDelegate.getServiceList(NamingClientProxyDelegate.java:162)
	at com.alibaba.nacos.client.naming.NacosNamingService.getServicesOfServer(NacosNamingService.java:461)
	at com.alibaba.nacos.client.naming.NacosNamingService.getServicesOfServer(NacosNamingService.java:449)
	at com.alibaba.cloud.nacos.discovery.NacosServiceDiscovery.getServices(NacosServiceDiscovery.java:70)
	at com.alibaba.cloud.nacos.discovery.reactive.NacosReactiveDiscoveryClient.lambda$getServices$3(NacosReactiveDiscoveryClient.java:87)
	at reactor.core.publisher.FluxDefer.subscribe(FluxDefer.java:46)
	at reactor.core.publisher.FluxSubscribeOn$SubscribeOnSubscriber.run(FluxSubscribeOn.java:194)
	at reactor.core.scheduler.WorkerTask.call(WorkerTask.java:84)
	at reactor.core.scheduler.WorkerTask.call(WorkerTask.java:37)
	at java.util.concurrent.FutureTask.run$$$capture(FutureTask.java:266)
	at java.util.concurrent.FutureTask.run(FutureTask.java)
	at java.util.concurrent.ScheduledThreadPoolExecutor$ScheduledFutureTask.access$201(ScheduledThreadPoolExecutor.java:180)
	at java.util.concurrent.ScheduledThreadPoolExecutor$ScheduledFutureTask.run(ScheduledThreadPoolExecutor.java:293)
	at java.util.concurrent.ThreadPoolExecutor.runWorker(ThreadPoolExecutor.java:1149)
	at java.util.concurrent.ThreadPoolExecutor$Worker.run(ThreadPoolExecutor.java:624)
	at java.lang.Thread.run(Thread.java:748)
20:13:55.013 [boundedElastic-267] ERROR c.a.c.n.d.r.NacosReactiveDiscoveryClient - [lambda$getServices$3,94] - get services from nacos server fail,
com.alibaba.nacos.api.exception.NacosException: Client not connected, current status:UNHEALTHY
	at com.alibaba.nacos.common.remote.client.RpcClient.request(RpcClient.java:639)
	at com.alibaba.nacos.common.remote.client.RpcClient.request(RpcClient.java:619)
	at com.alibaba.nacos.client.naming.remote.gprc.NamingGrpcClientProxy.requestToServer(NamingGrpcClientProxy.java:356)
	at com.alibaba.nacos.client.naming.remote.gprc.NamingGrpcClientProxy.getServiceList(NamingGrpcClientProxy.java:282)
	at com.alibaba.nacos.client.naming.remote.NamingClientProxyDelegate.getServiceList(NamingClientProxyDelegate.java:162)
	at com.alibaba.nacos.client.naming.NacosNamingService.getServicesOfServer(NacosNamingService.java:461)
	at com.alibaba.nacos.client.naming.NacosNamingService.getServicesOfServer(NacosNamingService.java:449)
	at com.alibaba.cloud.nacos.discovery.NacosServiceDiscovery.getServices(NacosServiceDiscovery.java:70)
	at com.alibaba.cloud.nacos.discovery.reactive.NacosReactiveDiscoveryClient.lambda$getServices$3(NacosReactiveDiscoveryClient.java:87)
	at reactor.core.publisher.FluxDefer.subscribe(FluxDefer.java:46)
	at reactor.core.publisher.FluxSubscribeOn$SubscribeOnSubscriber.run(FluxSubscribeOn.java:194)
	at reactor.core.scheduler.WorkerTask.call(WorkerTask.java:84)
	at reactor.core.scheduler.WorkerTask.call(WorkerTask.java:37)
	at java.util.concurrent.FutureTask.run$$$capture(FutureTask.java:266)
	at java.util.concurrent.FutureTask.run(FutureTask.java)
	at java.util.concurrent.ScheduledThreadPoolExecutor$ScheduledFutureTask.access$201(ScheduledThreadPoolExecutor.java:180)
	at java.util.concurrent.ScheduledThreadPoolExecutor$ScheduledFutureTask.run(ScheduledThreadPoolExecutor.java:293)
	at java.util.concurrent.ThreadPoolExecutor.runWorker(ThreadPoolExecutor.java:1149)
	at java.util.concurrent.ThreadPoolExecutor$Worker.run(ThreadPoolExecutor.java:624)
	at java.lang.Thread.run(Thread.java:748)
20:14:25.008 [boundedElastic-267] ERROR c.a.c.n.d.r.NacosReactiveDiscoveryClient - [lambda$getServices$3,94] - get services from nacos server fail,
com.alibaba.nacos.api.exception.NacosException: Client not connected, current status:UNHEALTHY
	at com.alibaba.nacos.common.remote.client.RpcClient.request(RpcClient.java:639)
	at com.alibaba.nacos.common.remote.client.RpcClient.request(RpcClient.java:619)
	at com.alibaba.nacos.client.naming.remote.gprc.NamingGrpcClientProxy.requestToServer(NamingGrpcClientProxy.java:356)
	at com.alibaba.nacos.client.naming.remote.gprc.NamingGrpcClientProxy.getServiceList(NamingGrpcClientProxy.java:282)
	at com.alibaba.nacos.client.naming.remote.NamingClientProxyDelegate.getServiceList(NamingClientProxyDelegate.java:162)
	at com.alibaba.nacos.client.naming.NacosNamingService.getServicesOfServer(NacosNamingService.java:461)
	at com.alibaba.nacos.client.naming.NacosNamingService.getServicesOfServer(NacosNamingService.java:449)
	at com.alibaba.cloud.nacos.discovery.NacosServiceDiscovery.getServices(NacosServiceDiscovery.java:70)
	at com.alibaba.cloud.nacos.discovery.reactive.NacosReactiveDiscoveryClient.lambda$getServices$3(NacosReactiveDiscoveryClient.java:87)
	at reactor.core.publisher.FluxDefer.subscribe(FluxDefer.java:46)
	at reactor.core.publisher.FluxSubscribeOn$SubscribeOnSubscriber.run(FluxSubscribeOn.java:194)
	at reactor.core.scheduler.WorkerTask.call(WorkerTask.java:84)
	at reactor.core.scheduler.WorkerTask.call(WorkerTask.java:37)
	at java.util.concurrent.FutureTask.run$$$capture(FutureTask.java:266)
	at java.util.concurrent.FutureTask.run(FutureTask.java)
	at java.util.concurrent.ScheduledThreadPoolExecutor$ScheduledFutureTask.access$201(ScheduledThreadPoolExecutor.java:180)
	at java.util.concurrent.ScheduledThreadPoolExecutor$ScheduledFutureTask.run(ScheduledThreadPoolExecutor.java:293)
	at java.util.concurrent.ThreadPoolExecutor.runWorker(ThreadPoolExecutor.java:1149)
	at java.util.concurrent.ThreadPoolExecutor$Worker.run(ThreadPoolExecutor.java:624)
	at java.lang.Thread.run(Thread.java:748)
20:14:25.013 [boundedElastic-256] ERROR c.a.c.n.d.r.NacosReactiveDiscoveryClient - [lambda$getServices$3,94] - get services from nacos server fail,
com.alibaba.nacos.api.exception.NacosException: Client not connected, current status:UNHEALTHY
	at com.alibaba.nacos.common.remote.client.RpcClient.request(RpcClient.java:639)
	at com.alibaba.nacos.common.remote.client.RpcClient.request(RpcClient.java:619)
	at com.alibaba.nacos.client.naming.remote.gprc.NamingGrpcClientProxy.requestToServer(NamingGrpcClientProxy.java:356)
	at com.alibaba.nacos.client.naming.remote.gprc.NamingGrpcClientProxy.getServiceList(NamingGrpcClientProxy.java:282)
	at com.alibaba.nacos.client.naming.remote.NamingClientProxyDelegate.getServiceList(NamingClientProxyDelegate.java:162)
	at com.alibaba.nacos.client.naming.NacosNamingService.getServicesOfServer(NacosNamingService.java:461)
	at com.alibaba.nacos.client.naming.NacosNamingService.getServicesOfServer(NacosNamingService.java:449)
	at com.alibaba.cloud.nacos.discovery.NacosServiceDiscovery.getServices(NacosServiceDiscovery.java:70)
	at com.alibaba.cloud.nacos.discovery.reactive.NacosReactiveDiscoveryClient.lambda$getServices$3(NacosReactiveDiscoveryClient.java:87)
	at reactor.core.publisher.FluxDefer.subscribe(FluxDefer.java:46)
	at reactor.core.publisher.FluxSubscribeOn$SubscribeOnSubscriber.run(FluxSubscribeOn.java:194)
	at reactor.core.scheduler.WorkerTask.call(WorkerTask.java:84)
	at reactor.core.scheduler.WorkerTask.call(WorkerTask.java:37)
	at java.util.concurrent.FutureTask.run$$$capture(FutureTask.java:266)
	at java.util.concurrent.FutureTask.run(FutureTask.java)
	at java.util.concurrent.ScheduledThreadPoolExecutor$ScheduledFutureTask.access$201(ScheduledThreadPoolExecutor.java:180)
	at java.util.concurrent.ScheduledThreadPoolExecutor$ScheduledFutureTask.run(ScheduledThreadPoolExecutor.java:293)
	at java.util.concurrent.ThreadPoolExecutor.runWorker(ThreadPoolExecutor.java:1149)
	at java.util.concurrent.ThreadPoolExecutor$Worker.run(ThreadPoolExecutor.java:624)
	at java.lang.Thread.run(Thread.java:748)
20:14:55.014 [boundedElastic-256] ERROR c.a.c.n.d.r.NacosReactiveDiscoveryClient - [lambda$getServices$3,94] - get services from nacos server fail,
com.alibaba.nacos.api.exception.NacosException: Client not connected, current status:UNHEALTHY
	at com.alibaba.nacos.common.remote.client.RpcClient.request(RpcClient.java:639)
	at com.alibaba.nacos.common.remote.client.RpcClient.request(RpcClient.java:619)
	at com.alibaba.nacos.client.naming.remote.gprc.NamingGrpcClientProxy.requestToServer(NamingGrpcClientProxy.java:356)
	at com.alibaba.nacos.client.naming.remote.gprc.NamingGrpcClientProxy.getServiceList(NamingGrpcClientProxy.java:282)
	at com.alibaba.nacos.client.naming.remote.NamingClientProxyDelegate.getServiceList(NamingClientProxyDelegate.java:162)
	at com.alibaba.nacos.client.naming.NacosNamingService.getServicesOfServer(NacosNamingService.java:461)
	at com.alibaba.nacos.client.naming.NacosNamingService.getServicesOfServer(NacosNamingService.java:449)
	at com.alibaba.cloud.nacos.discovery.NacosServiceDiscovery.getServices(NacosServiceDiscovery.java:70)
	at com.alibaba.cloud.nacos.discovery.reactive.NacosReactiveDiscoveryClient.lambda$getServices$3(NacosReactiveDiscoveryClient.java:87)
	at reactor.core.publisher.FluxDefer.subscribe(FluxDefer.java:46)
	at reactor.core.publisher.FluxSubscribeOn$SubscribeOnSubscriber.run(FluxSubscribeOn.java:194)
	at reactor.core.scheduler.WorkerTask.call(WorkerTask.java:84)
	at reactor.core.scheduler.WorkerTask.call(WorkerTask.java:37)
	at java.util.concurrent.FutureTask.run$$$capture(FutureTask.java:266)
	at java.util.concurrent.FutureTask.run(FutureTask.java)
	at java.util.concurrent.ScheduledThreadPoolExecutor$ScheduledFutureTask.access$201(ScheduledThreadPoolExecutor.java:180)
	at java.util.concurrent.ScheduledThreadPoolExecutor$ScheduledFutureTask.run(ScheduledThreadPoolExecutor.java:293)
	at java.util.concurrent.ThreadPoolExecutor.runWorker(ThreadPoolExecutor.java:1149)
	at java.util.concurrent.ThreadPoolExecutor$Worker.run(ThreadPoolExecutor.java:624)
	at java.lang.Thread.run(Thread.java:748)
20:14:55.017 [boundedElastic-267] ERROR c.a.c.n.d.r.NacosReactiveDiscoveryClient - [lambda$getServices$3,94] - get services from nacos server fail,
com.alibaba.nacos.api.exception.NacosException: Client not connected, current status:UNHEALTHY
	at com.alibaba.nacos.common.remote.client.RpcClient.request(RpcClient.java:639)
	at com.alibaba.nacos.common.remote.client.RpcClient.request(RpcClient.java:619)
	at com.alibaba.nacos.client.naming.remote.gprc.NamingGrpcClientProxy.requestToServer(NamingGrpcClientProxy.java:356)
	at com.alibaba.nacos.client.naming.remote.gprc.NamingGrpcClientProxy.getServiceList(NamingGrpcClientProxy.java:282)
	at com.alibaba.nacos.client.naming.remote.NamingClientProxyDelegate.getServiceList(NamingClientProxyDelegate.java:162)
	at com.alibaba.nacos.client.naming.NacosNamingService.getServicesOfServer(NacosNamingService.java:461)
	at com.alibaba.nacos.client.naming.NacosNamingService.getServicesOfServer(NacosNamingService.java:449)
	at com.alibaba.cloud.nacos.discovery.NacosServiceDiscovery.getServices(NacosServiceDiscovery.java:70)
	at com.alibaba.cloud.nacos.discovery.reactive.NacosReactiveDiscoveryClient.lambda$getServices$3(NacosReactiveDiscoveryClient.java:87)
	at reactor.core.publisher.FluxDefer.subscribe(FluxDefer.java:46)
	at reactor.core.publisher.FluxSubscribeOn$SubscribeOnSubscriber.run(FluxSubscribeOn.java:194)
	at reactor.core.scheduler.WorkerTask.call(WorkerTask.java:84)
	at reactor.core.scheduler.WorkerTask.call(WorkerTask.java:37)
	at java.util.concurrent.FutureTask.run$$$capture(FutureTask.java:266)
	at java.util.concurrent.FutureTask.run(FutureTask.java)
	at java.util.concurrent.ScheduledThreadPoolExecutor$ScheduledFutureTask.access$201(ScheduledThreadPoolExecutor.java:180)
	at java.util.concurrent.ScheduledThreadPoolExecutor$ScheduledFutureTask.run(ScheduledThreadPoolExecutor.java:293)
	at java.util.concurrent.ThreadPoolExecutor.runWorker(ThreadPoolExecutor.java:1149)
	at java.util.concurrent.ThreadPoolExecutor$Worker.run(ThreadPoolExecutor.java:624)
	at java.lang.Thread.run(Thread.java:748)
20:15:25.016 [boundedElastic-256] ERROR c.a.c.n.d.r.NacosReactiveDiscoveryClient - [lambda$getServices$3,94] - get services from nacos server fail,
com.alibaba.nacos.api.exception.NacosException: Client not connected, current status:UNHEALTHY
	at com.alibaba.nacos.common.remote.client.RpcClient.request(RpcClient.java:639)
	at com.alibaba.nacos.common.remote.client.RpcClient.request(RpcClient.java:619)
	at com.alibaba.nacos.client.naming.remote.gprc.NamingGrpcClientProxy.requestToServer(NamingGrpcClientProxy.java:356)
	at com.alibaba.nacos.client.naming.remote.gprc.NamingGrpcClientProxy.getServiceList(NamingGrpcClientProxy.java:282)
	at com.alibaba.nacos.client.naming.remote.NamingClientProxyDelegate.getServiceList(NamingClientProxyDelegate.java:162)
	at com.alibaba.nacos.client.naming.NacosNamingService.getServicesOfServer(NacosNamingService.java:461)
	at com.alibaba.nacos.client.naming.NacosNamingService.getServicesOfServer(NacosNamingService.java:449)
	at com.alibaba.cloud.nacos.discovery.NacosServiceDiscovery.getServices(NacosServiceDiscovery.java:70)
	at com.alibaba.cloud.nacos.discovery.reactive.NacosReactiveDiscoveryClient.lambda$getServices$3(NacosReactiveDiscoveryClient.java:87)
	at reactor.core.publisher.FluxDefer.subscribe(FluxDefer.java:46)
	at reactor.core.publisher.FluxSubscribeOn$SubscribeOnSubscriber.run(FluxSubscribeOn.java:194)
	at reactor.core.scheduler.WorkerTask.call(WorkerTask.java:84)
	at reactor.core.scheduler.WorkerTask.call(WorkerTask.java:37)
	at java.util.concurrent.FutureTask.run$$$capture(FutureTask.java:266)
	at java.util.concurrent.FutureTask.run(FutureTask.java)
	at java.util.concurrent.ScheduledThreadPoolExecutor$ScheduledFutureTask.access$201(ScheduledThreadPoolExecutor.java:180)
	at java.util.concurrent.ScheduledThreadPoolExecutor$ScheduledFutureTask.run(ScheduledThreadPoolExecutor.java:293)
	at java.util.concurrent.ThreadPoolExecutor.runWorker(ThreadPoolExecutor.java:1149)
	at java.util.concurrent.ThreadPoolExecutor$Worker.run(ThreadPoolExecutor.java:624)
	at java.lang.Thread.run(Thread.java:748)
20:15:25.016 [boundedElastic-267] ERROR c.a.c.n.d.r.NacosReactiveDiscoveryClient - [lambda$getServices$3,94] - get services from nacos server fail,
com.alibaba.nacos.api.exception.NacosException: Client not connected, current status:UNHEALTHY
	at com.alibaba.nacos.common.remote.client.RpcClient.request(RpcClient.java:639)
	at com.alibaba.nacos.common.remote.client.RpcClient.request(RpcClient.java:619)
	at com.alibaba.nacos.client.naming.remote.gprc.NamingGrpcClientProxy.requestToServer(NamingGrpcClientProxy.java:356)
	at com.alibaba.nacos.client.naming.remote.gprc.NamingGrpcClientProxy.getServiceList(NamingGrpcClientProxy.java:282)
	at com.alibaba.nacos.client.naming.remote.NamingClientProxyDelegate.getServiceList(NamingClientProxyDelegate.java:162)
	at com.alibaba.nacos.client.naming.NacosNamingService.getServicesOfServer(NacosNamingService.java:461)
	at com.alibaba.nacos.client.naming.NacosNamingService.getServicesOfServer(NacosNamingService.java:449)
	at com.alibaba.cloud.nacos.discovery.NacosServiceDiscovery.getServices(NacosServiceDiscovery.java:70)
	at com.alibaba.cloud.nacos.discovery.reactive.NacosReactiveDiscoveryClient.lambda$getServices$3(NacosReactiveDiscoveryClient.java:87)
	at reactor.core.publisher.FluxDefer.subscribe(FluxDefer.java:46)
	at reactor.core.publisher.FluxSubscribeOn$SubscribeOnSubscriber.run(FluxSubscribeOn.java:194)
	at reactor.core.scheduler.WorkerTask.call(WorkerTask.java:84)
	at reactor.core.scheduler.WorkerTask.call(WorkerTask.java:37)
	at java.util.concurrent.FutureTask.run$$$capture(FutureTask.java:266)
	at java.util.concurrent.FutureTask.run(FutureTask.java)
	at java.util.concurrent.ScheduledThreadPoolExecutor$ScheduledFutureTask.access$201(ScheduledThreadPoolExecutor.java:180)
	at java.util.concurrent.ScheduledThreadPoolExecutor$ScheduledFutureTask.run(ScheduledThreadPoolExecutor.java:293)
	at java.util.concurrent.ThreadPoolExecutor.runWorker(ThreadPoolExecutor.java:1149)
	at java.util.concurrent.ThreadPoolExecutor$Worker.run(ThreadPoolExecutor.java:624)
	at java.lang.Thread.run(Thread.java:748)
20:15:55.017 [boundedElastic-267] ERROR c.a.c.n.d.r.NacosReactiveDiscoveryClient - [lambda$getServices$3,94] - get services from nacos server fail,
com.alibaba.nacos.api.exception.NacosException: Client not connected, current status:UNHEALTHY
	at com.alibaba.nacos.common.remote.client.RpcClient.request(RpcClient.java:639)
	at com.alibaba.nacos.common.remote.client.RpcClient.request(RpcClient.java:619)
	at com.alibaba.nacos.client.naming.remote.gprc.NamingGrpcClientProxy.requestToServer(NamingGrpcClientProxy.java:356)
	at com.alibaba.nacos.client.naming.remote.gprc.NamingGrpcClientProxy.getServiceList(NamingGrpcClientProxy.java:282)
	at com.alibaba.nacos.client.naming.remote.NamingClientProxyDelegate.getServiceList(NamingClientProxyDelegate.java:162)
	at com.alibaba.nacos.client.naming.NacosNamingService.getServicesOfServer(NacosNamingService.java:461)
	at com.alibaba.nacos.client.naming.NacosNamingService.getServicesOfServer(NacosNamingService.java:449)
	at com.alibaba.cloud.nacos.discovery.NacosServiceDiscovery.getServices(NacosServiceDiscovery.java:70)
	at com.alibaba.cloud.nacos.discovery.reactive.NacosReactiveDiscoveryClient.lambda$getServices$3(NacosReactiveDiscoveryClient.java:87)
	at reactor.core.publisher.FluxDefer.subscribe(FluxDefer.java:46)
	at reactor.core.publisher.FluxSubscribeOn$SubscribeOnSubscriber.run(FluxSubscribeOn.java:194)
	at reactor.core.scheduler.WorkerTask.call(WorkerTask.java:84)
	at reactor.core.scheduler.WorkerTask.call(WorkerTask.java:37)
	at java.util.concurrent.FutureTask.run$$$capture(FutureTask.java:266)
	at java.util.concurrent.FutureTask.run(FutureTask.java)
	at java.util.concurrent.ScheduledThreadPoolExecutor$ScheduledFutureTask.access$201(ScheduledThreadPoolExecutor.java:180)
	at java.util.concurrent.ScheduledThreadPoolExecutor$ScheduledFutureTask.run(ScheduledThreadPoolExecutor.java:293)
	at java.util.concurrent.ThreadPoolExecutor.runWorker(ThreadPoolExecutor.java:1149)
	at java.util.concurrent.ThreadPoolExecutor$Worker.run(ThreadPoolExecutor.java:624)
	at java.lang.Thread.run(Thread.java:748)
20:15:55.017 [boundedElastic-256] ERROR c.a.c.n.d.r.NacosReactiveDiscoveryClient - [lambda$getServices$3,94] - get services from nacos server fail,
com.alibaba.nacos.api.exception.NacosException: Client not connected, current status:UNHEALTHY
	at com.alibaba.nacos.common.remote.client.RpcClient.request(RpcClient.java:639)
	at com.alibaba.nacos.common.remote.client.RpcClient.request(RpcClient.java:619)
	at com.alibaba.nacos.client.naming.remote.gprc.NamingGrpcClientProxy.requestToServer(NamingGrpcClientProxy.java:356)
	at com.alibaba.nacos.client.naming.remote.gprc.NamingGrpcClientProxy.getServiceList(NamingGrpcClientProxy.java:282)
	at com.alibaba.nacos.client.naming.remote.NamingClientProxyDelegate.getServiceList(NamingClientProxyDelegate.java:162)
	at com.alibaba.nacos.client.naming.NacosNamingService.getServicesOfServer(NacosNamingService.java:461)
	at com.alibaba.nacos.client.naming.NacosNamingService.getServicesOfServer(NacosNamingService.java:449)
	at com.alibaba.cloud.nacos.discovery.NacosServiceDiscovery.getServices(NacosServiceDiscovery.java:70)
	at com.alibaba.cloud.nacos.discovery.reactive.NacosReactiveDiscoveryClient.lambda$getServices$3(NacosReactiveDiscoveryClient.java:87)
	at reactor.core.publisher.FluxDefer.subscribe(FluxDefer.java:46)
	at reactor.core.publisher.FluxSubscribeOn$SubscribeOnSubscriber.run(FluxSubscribeOn.java:194)
	at reactor.core.scheduler.WorkerTask.call(WorkerTask.java:84)
	at reactor.core.scheduler.WorkerTask.call(WorkerTask.java:37)
	at java.util.concurrent.FutureTask.run$$$capture(FutureTask.java:266)
	at java.util.concurrent.FutureTask.run(FutureTask.java)
	at java.util.concurrent.ScheduledThreadPoolExecutor$ScheduledFutureTask.access$201(ScheduledThreadPoolExecutor.java:180)
	at java.util.concurrent.ScheduledThreadPoolExecutor$ScheduledFutureTask.run(ScheduledThreadPoolExecutor.java:293)
	at java.util.concurrent.ThreadPoolExecutor.runWorker(ThreadPoolExecutor.java:1149)
	at java.util.concurrent.ThreadPoolExecutor$Worker.run(ThreadPoolExecutor.java:624)
	at java.lang.Thread.run(Thread.java:748)
20:16:25.018 [boundedElastic-267] ERROR c.a.c.n.d.r.NacosReactiveDiscoveryClient - [lambda$getServices$3,94] - get services from nacos server fail,
com.alibaba.nacos.api.exception.NacosException: Client not connected, current status:UNHEALTHY
	at com.alibaba.nacos.common.remote.client.RpcClient.request(RpcClient.java:639)
	at com.alibaba.nacos.common.remote.client.RpcClient.request(RpcClient.java:619)
	at com.alibaba.nacos.client.naming.remote.gprc.NamingGrpcClientProxy.requestToServer(NamingGrpcClientProxy.java:356)
	at com.alibaba.nacos.client.naming.remote.gprc.NamingGrpcClientProxy.getServiceList(NamingGrpcClientProxy.java:282)
	at com.alibaba.nacos.client.naming.remote.NamingClientProxyDelegate.getServiceList(NamingClientProxyDelegate.java:162)
	at com.alibaba.nacos.client.naming.NacosNamingService.getServicesOfServer(NacosNamingService.java:461)
	at com.alibaba.nacos.client.naming.NacosNamingService.getServicesOfServer(NacosNamingService.java:449)
	at com.alibaba.cloud.nacos.discovery.NacosServiceDiscovery.getServices(NacosServiceDiscovery.java:70)
	at com.alibaba.cloud.nacos.discovery.reactive.NacosReactiveDiscoveryClient.lambda$getServices$3(NacosReactiveDiscoveryClient.java:87)
	at reactor.core.publisher.FluxDefer.subscribe(FluxDefer.java:46)
	at reactor.core.publisher.FluxSubscribeOn$SubscribeOnSubscriber.run(FluxSubscribeOn.java:194)
	at reactor.core.scheduler.WorkerTask.call(WorkerTask.java:84)
	at reactor.core.scheduler.WorkerTask.call(WorkerTask.java:37)
	at java.util.concurrent.FutureTask.run$$$capture(FutureTask.java:266)
	at java.util.concurrent.FutureTask.run(FutureTask.java)
	at java.util.concurrent.ScheduledThreadPoolExecutor$ScheduledFutureTask.access$201(ScheduledThreadPoolExecutor.java:180)
	at java.util.concurrent.ScheduledThreadPoolExecutor$ScheduledFutureTask.run(ScheduledThreadPoolExecutor.java:293)
	at java.util.concurrent.ThreadPoolExecutor.runWorker(ThreadPoolExecutor.java:1149)
	at java.util.concurrent.ThreadPoolExecutor$Worker.run(ThreadPoolExecutor.java:624)
	at java.lang.Thread.run(Thread.java:748)
20:16:25.018 [boundedElastic-256] ERROR c.a.c.n.d.r.NacosReactiveDiscoveryClient - [lambda$getServices$3,94] - get services from nacos server fail,
com.alibaba.nacos.api.exception.NacosException: Client not connected, current status:UNHEALTHY
	at com.alibaba.nacos.common.remote.client.RpcClient.request(RpcClient.java:639)
	at com.alibaba.nacos.common.remote.client.RpcClient.request(RpcClient.java:619)
	at com.alibaba.nacos.client.naming.remote.gprc.NamingGrpcClientProxy.requestToServer(NamingGrpcClientProxy.java:356)
	at com.alibaba.nacos.client.naming.remote.gprc.NamingGrpcClientProxy.getServiceList(NamingGrpcClientProxy.java:282)
	at com.alibaba.nacos.client.naming.remote.NamingClientProxyDelegate.getServiceList(NamingClientProxyDelegate.java:162)
	at com.alibaba.nacos.client.naming.NacosNamingService.getServicesOfServer(NacosNamingService.java:461)
	at com.alibaba.nacos.client.naming.NacosNamingService.getServicesOfServer(NacosNamingService.java:449)
	at com.alibaba.cloud.nacos.discovery.NacosServiceDiscovery.getServices(NacosServiceDiscovery.java:70)
	at com.alibaba.cloud.nacos.discovery.reactive.NacosReactiveDiscoveryClient.lambda$getServices$3(NacosReactiveDiscoveryClient.java:87)
	at reactor.core.publisher.FluxDefer.subscribe(FluxDefer.java:46)
	at reactor.core.publisher.FluxSubscribeOn$SubscribeOnSubscriber.run(FluxSubscribeOn.java:194)
	at reactor.core.scheduler.WorkerTask.call(WorkerTask.java:84)
	at reactor.core.scheduler.WorkerTask.call(WorkerTask.java:37)
	at java.util.concurrent.FutureTask.run$$$capture(FutureTask.java:266)
	at java.util.concurrent.FutureTask.run(FutureTask.java)
	at java.util.concurrent.ScheduledThreadPoolExecutor$ScheduledFutureTask.access$201(ScheduledThreadPoolExecutor.java:180)
	at java.util.concurrent.ScheduledThreadPoolExecutor$ScheduledFutureTask.run(ScheduledThreadPoolExecutor.java:293)
	at java.util.concurrent.ThreadPoolExecutor.runWorker(ThreadPoolExecutor.java:1149)
	at java.util.concurrent.ThreadPoolExecutor$Worker.run(ThreadPoolExecutor.java:624)
	at java.lang.Thread.run(Thread.java:748)
20:16:55.025 [boundedElastic-256] ERROR c.a.c.n.d.r.NacosReactiveDiscoveryClient - [lambda$getServices$3,94] - get services from nacos server fail,
com.alibaba.nacos.api.exception.NacosException: Client not connected, current status:UNHEALTHY
	at com.alibaba.nacos.common.remote.client.RpcClient.request(RpcClient.java:639)
	at com.alibaba.nacos.common.remote.client.RpcClient.request(RpcClient.java:619)
	at com.alibaba.nacos.client.naming.remote.gprc.NamingGrpcClientProxy.requestToServer(NamingGrpcClientProxy.java:356)
	at com.alibaba.nacos.client.naming.remote.gprc.NamingGrpcClientProxy.getServiceList(NamingGrpcClientProxy.java:282)
	at com.alibaba.nacos.client.naming.remote.NamingClientProxyDelegate.getServiceList(NamingClientProxyDelegate.java:162)
	at com.alibaba.nacos.client.naming.NacosNamingService.getServicesOfServer(NacosNamingService.java:461)
	at com.alibaba.nacos.client.naming.NacosNamingService.getServicesOfServer(NacosNamingService.java:449)
	at com.alibaba.cloud.nacos.discovery.NacosServiceDiscovery.getServices(NacosServiceDiscovery.java:70)
	at com.alibaba.cloud.nacos.discovery.reactive.NacosReactiveDiscoveryClient.lambda$getServices$3(NacosReactiveDiscoveryClient.java:87)
	at reactor.core.publisher.FluxDefer.subscribe(FluxDefer.java:46)
	at reactor.core.publisher.FluxSubscribeOn$SubscribeOnSubscriber.run(FluxSubscribeOn.java:194)
	at reactor.core.scheduler.WorkerTask.call(WorkerTask.java:84)
	at reactor.core.scheduler.WorkerTask.call(WorkerTask.java:37)
	at java.util.concurrent.FutureTask.run$$$capture(FutureTask.java:266)
	at java.util.concurrent.FutureTask.run(FutureTask.java)
	at java.util.concurrent.ScheduledThreadPoolExecutor$ScheduledFutureTask.access$201(ScheduledThreadPoolExecutor.java:180)
	at java.util.concurrent.ScheduledThreadPoolExecutor$ScheduledFutureTask.run(ScheduledThreadPoolExecutor.java:293)
	at java.util.concurrent.ThreadPoolExecutor.runWorker(ThreadPoolExecutor.java:1149)
	at java.util.concurrent.ThreadPoolExecutor$Worker.run(ThreadPoolExecutor.java:624)
	at java.lang.Thread.run(Thread.java:748)
20:16:55.025 [boundedElastic-267] ERROR c.a.c.n.d.r.NacosReactiveDiscoveryClient - [lambda$getServices$3,94] - get services from nacos server fail,
com.alibaba.nacos.api.exception.NacosException: Client not connected, current status:UNHEALTHY
	at com.alibaba.nacos.common.remote.client.RpcClient.request(RpcClient.java:639)
	at com.alibaba.nacos.common.remote.client.RpcClient.request(RpcClient.java:619)
	at com.alibaba.nacos.client.naming.remote.gprc.NamingGrpcClientProxy.requestToServer(NamingGrpcClientProxy.java:356)
	at com.alibaba.nacos.client.naming.remote.gprc.NamingGrpcClientProxy.getServiceList(NamingGrpcClientProxy.java:282)
	at com.alibaba.nacos.client.naming.remote.NamingClientProxyDelegate.getServiceList(NamingClientProxyDelegate.java:162)
	at com.alibaba.nacos.client.naming.NacosNamingService.getServicesOfServer(NacosNamingService.java:461)
	at com.alibaba.nacos.client.naming.NacosNamingService.getServicesOfServer(NacosNamingService.java:449)
	at com.alibaba.cloud.nacos.discovery.NacosServiceDiscovery.getServices(NacosServiceDiscovery.java:70)
	at com.alibaba.cloud.nacos.discovery.reactive.NacosReactiveDiscoveryClient.lambda$getServices$3(NacosReactiveDiscoveryClient.java:87)
	at reactor.core.publisher.FluxDefer.subscribe(FluxDefer.java:46)
	at reactor.core.publisher.FluxSubscribeOn$SubscribeOnSubscriber.run(FluxSubscribeOn.java:194)
	at reactor.core.scheduler.WorkerTask.call(WorkerTask.java:84)
	at reactor.core.scheduler.WorkerTask.call(WorkerTask.java:37)
	at java.util.concurrent.FutureTask.run$$$capture(FutureTask.java:266)
	at java.util.concurrent.FutureTask.run(FutureTask.java)
	at java.util.concurrent.ScheduledThreadPoolExecutor$ScheduledFutureTask.access$201(ScheduledThreadPoolExecutor.java:180)
	at java.util.concurrent.ScheduledThreadPoolExecutor$ScheduledFutureTask.run(ScheduledThreadPoolExecutor.java:293)
	at java.util.concurrent.ThreadPoolExecutor.runWorker(ThreadPoolExecutor.java:1149)
	at java.util.concurrent.ThreadPoolExecutor$Worker.run(ThreadPoolExecutor.java:624)
	at java.lang.Thread.run(Thread.java:748)
20:17:25.027 [boundedElastic-256] ERROR c.a.c.n.d.r.NacosReactiveDiscoveryClient - [lambda$getServices$3,94] - get services from nacos server fail,
com.alibaba.nacos.api.exception.NacosException: Client not connected, current status:UNHEALTHY
	at com.alibaba.nacos.common.remote.client.RpcClient.request(RpcClient.java:639)
	at com.alibaba.nacos.common.remote.client.RpcClient.request(RpcClient.java:619)
	at com.alibaba.nacos.client.naming.remote.gprc.NamingGrpcClientProxy.requestToServer(NamingGrpcClientProxy.java:356)
	at com.alibaba.nacos.client.naming.remote.gprc.NamingGrpcClientProxy.getServiceList(NamingGrpcClientProxy.java:282)
	at com.alibaba.nacos.client.naming.remote.NamingClientProxyDelegate.getServiceList(NamingClientProxyDelegate.java:162)
	at com.alibaba.nacos.client.naming.NacosNamingService.getServicesOfServer(NacosNamingService.java:461)
	at com.alibaba.nacos.client.naming.NacosNamingService.getServicesOfServer(NacosNamingService.java:449)
	at com.alibaba.cloud.nacos.discovery.NacosServiceDiscovery.getServices(NacosServiceDiscovery.java:70)
	at com.alibaba.cloud.nacos.discovery.reactive.NacosReactiveDiscoveryClient.lambda$getServices$3(NacosReactiveDiscoveryClient.java:87)
	at reactor.core.publisher.FluxDefer.subscribe(FluxDefer.java:46)
	at reactor.core.publisher.FluxSubscribeOn$SubscribeOnSubscriber.run(FluxSubscribeOn.java:194)
	at reactor.core.scheduler.WorkerTask.call(WorkerTask.java:84)
	at reactor.core.scheduler.WorkerTask.call(WorkerTask.java:37)
	at java.util.concurrent.FutureTask.run$$$capture(FutureTask.java:266)
	at java.util.concurrent.FutureTask.run(FutureTask.java)
	at java.util.concurrent.ScheduledThreadPoolExecutor$ScheduledFutureTask.access$201(ScheduledThreadPoolExecutor.java:180)
	at java.util.concurrent.ScheduledThreadPoolExecutor$ScheduledFutureTask.run(ScheduledThreadPoolExecutor.java:293)
	at java.util.concurrent.ThreadPoolExecutor.runWorker(ThreadPoolExecutor.java:1149)
	at java.util.concurrent.ThreadPoolExecutor$Worker.run(ThreadPoolExecutor.java:624)
	at java.lang.Thread.run(Thread.java:748)
20:17:25.027 [boundedElastic-267] ERROR c.a.c.n.d.r.NacosReactiveDiscoveryClient - [lambda$getServices$3,94] - get services from nacos server fail,
com.alibaba.nacos.api.exception.NacosException: Client not connected, current status:UNHEALTHY
	at com.alibaba.nacos.common.remote.client.RpcClient.request(RpcClient.java:639)
	at com.alibaba.nacos.common.remote.client.RpcClient.request(RpcClient.java:619)
	at com.alibaba.nacos.client.naming.remote.gprc.NamingGrpcClientProxy.requestToServer(NamingGrpcClientProxy.java:356)
	at com.alibaba.nacos.client.naming.remote.gprc.NamingGrpcClientProxy.getServiceList(NamingGrpcClientProxy.java:282)
	at com.alibaba.nacos.client.naming.remote.NamingClientProxyDelegate.getServiceList(NamingClientProxyDelegate.java:162)
	at com.alibaba.nacos.client.naming.NacosNamingService.getServicesOfServer(NacosNamingService.java:461)
	at com.alibaba.nacos.client.naming.NacosNamingService.getServicesOfServer(NacosNamingService.java:449)
	at com.alibaba.cloud.nacos.discovery.NacosServiceDiscovery.getServices(NacosServiceDiscovery.java:70)
	at com.alibaba.cloud.nacos.discovery.reactive.NacosReactiveDiscoveryClient.lambda$getServices$3(NacosReactiveDiscoveryClient.java:87)
	at reactor.core.publisher.FluxDefer.subscribe(FluxDefer.java:46)
	at reactor.core.publisher.FluxSubscribeOn$SubscribeOnSubscriber.run(FluxSubscribeOn.java:194)
	at reactor.core.scheduler.WorkerTask.call(WorkerTask.java:84)
	at reactor.core.scheduler.WorkerTask.call(WorkerTask.java:37)
	at java.util.concurrent.FutureTask.run$$$capture(FutureTask.java:266)
	at java.util.concurrent.FutureTask.run(FutureTask.java)
	at java.util.concurrent.ScheduledThreadPoolExecutor$ScheduledFutureTask.access$201(ScheduledThreadPoolExecutor.java:180)
	at java.util.concurrent.ScheduledThreadPoolExecutor$ScheduledFutureTask.run(ScheduledThreadPoolExecutor.java:293)
	at java.util.concurrent.ThreadPoolExecutor.runWorker(ThreadPoolExecutor.java:1149)
	at java.util.concurrent.ThreadPoolExecutor$Worker.run(ThreadPoolExecutor.java:624)
	at java.lang.Thread.run(Thread.java:748)
20:17:55.029 [boundedElastic-267] ERROR c.a.c.n.d.r.NacosReactiveDiscoveryClient - [lambda$getServices$3,94] - get services from nacos server fail,
com.alibaba.nacos.api.exception.NacosException: Client not connected, current status:UNHEALTHY
	at com.alibaba.nacos.common.remote.client.RpcClient.request(RpcClient.java:639)
	at com.alibaba.nacos.common.remote.client.RpcClient.request(RpcClient.java:619)
	at com.alibaba.nacos.client.naming.remote.gprc.NamingGrpcClientProxy.requestToServer(NamingGrpcClientProxy.java:356)
	at com.alibaba.nacos.client.naming.remote.gprc.NamingGrpcClientProxy.getServiceList(NamingGrpcClientProxy.java:282)
	at com.alibaba.nacos.client.naming.remote.NamingClientProxyDelegate.getServiceList(NamingClientProxyDelegate.java:162)
	at com.alibaba.nacos.client.naming.NacosNamingService.getServicesOfServer(NacosNamingService.java:461)
	at com.alibaba.nacos.client.naming.NacosNamingService.getServicesOfServer(NacosNamingService.java:449)
	at com.alibaba.cloud.nacos.discovery.NacosServiceDiscovery.getServices(NacosServiceDiscovery.java:70)
	at com.alibaba.cloud.nacos.discovery.reactive.NacosReactiveDiscoveryClient.lambda$getServices$3(NacosReactiveDiscoveryClient.java:87)
	at reactor.core.publisher.FluxDefer.subscribe(FluxDefer.java:46)
	at reactor.core.publisher.FluxSubscribeOn$SubscribeOnSubscriber.run(FluxSubscribeOn.java:194)
	at reactor.core.scheduler.WorkerTask.call(WorkerTask.java:84)
	at reactor.core.scheduler.WorkerTask.call(WorkerTask.java:37)
	at java.util.concurrent.FutureTask.run$$$capture(FutureTask.java:266)
	at java.util.concurrent.FutureTask.run(FutureTask.java)
	at java.util.concurrent.ScheduledThreadPoolExecutor$ScheduledFutureTask.access$201(ScheduledThreadPoolExecutor.java:180)
	at java.util.concurrent.ScheduledThreadPoolExecutor$ScheduledFutureTask.run(ScheduledThreadPoolExecutor.java:293)
	at java.util.concurrent.ThreadPoolExecutor.runWorker(ThreadPoolExecutor.java:1149)
	at java.util.concurrent.ThreadPoolExecutor$Worker.run(ThreadPoolExecutor.java:624)
	at java.lang.Thread.run(Thread.java:748)
20:17:55.029 [boundedElastic-256] ERROR c.a.c.n.d.r.NacosReactiveDiscoveryClient - [lambda$getServices$3,94] - get services from nacos server fail,
com.alibaba.nacos.api.exception.NacosException: Client not connected, current status:UNHEALTHY
	at com.alibaba.nacos.common.remote.client.RpcClient.request(RpcClient.java:639)
	at com.alibaba.nacos.common.remote.client.RpcClient.request(RpcClient.java:619)
	at com.alibaba.nacos.client.naming.remote.gprc.NamingGrpcClientProxy.requestToServer(NamingGrpcClientProxy.java:356)
	at com.alibaba.nacos.client.naming.remote.gprc.NamingGrpcClientProxy.getServiceList(NamingGrpcClientProxy.java:282)
	at com.alibaba.nacos.client.naming.remote.NamingClientProxyDelegate.getServiceList(NamingClientProxyDelegate.java:162)
	at com.alibaba.nacos.client.naming.NacosNamingService.getServicesOfServer(NacosNamingService.java:461)
	at com.alibaba.nacos.client.naming.NacosNamingService.getServicesOfServer(NacosNamingService.java:449)
	at com.alibaba.cloud.nacos.discovery.NacosServiceDiscovery.getServices(NacosServiceDiscovery.java:70)
	at com.alibaba.cloud.nacos.discovery.reactive.NacosReactiveDiscoveryClient.lambda$getServices$3(NacosReactiveDiscoveryClient.java:87)
	at reactor.core.publisher.FluxDefer.subscribe(FluxDefer.java:46)
	at reactor.core.publisher.FluxSubscribeOn$SubscribeOnSubscriber.run(FluxSubscribeOn.java:194)
	at reactor.core.scheduler.WorkerTask.call(WorkerTask.java:84)
	at reactor.core.scheduler.WorkerTask.call(WorkerTask.java:37)
	at java.util.concurrent.FutureTask.run$$$capture(FutureTask.java:266)
	at java.util.concurrent.FutureTask.run(FutureTask.java)
	at java.util.concurrent.ScheduledThreadPoolExecutor$ScheduledFutureTask.access$201(ScheduledThreadPoolExecutor.java:180)
	at java.util.concurrent.ScheduledThreadPoolExecutor$ScheduledFutureTask.run(ScheduledThreadPoolExecutor.java:293)
	at java.util.concurrent.ThreadPoolExecutor.runWorker(ThreadPoolExecutor.java:1149)
	at java.util.concurrent.ThreadPoolExecutor$Worker.run(ThreadPoolExecutor.java:624)
	at java.lang.Thread.run(Thread.java:748)
20:18:25.027 [boundedElastic-267] ERROR c.a.c.n.d.r.NacosReactiveDiscoveryClient - [lambda$getServices$3,94] - get services from nacos server fail,
com.alibaba.nacos.api.exception.NacosException: Client not connected, current status:UNHEALTHY
	at com.alibaba.nacos.common.remote.client.RpcClient.request(RpcClient.java:639)
	at com.alibaba.nacos.common.remote.client.RpcClient.request(RpcClient.java:619)
	at com.alibaba.nacos.client.naming.remote.gprc.NamingGrpcClientProxy.requestToServer(NamingGrpcClientProxy.java:356)
	at com.alibaba.nacos.client.naming.remote.gprc.NamingGrpcClientProxy.getServiceList(NamingGrpcClientProxy.java:282)
	at com.alibaba.nacos.client.naming.remote.NamingClientProxyDelegate.getServiceList(NamingClientProxyDelegate.java:162)
	at com.alibaba.nacos.client.naming.NacosNamingService.getServicesOfServer(NacosNamingService.java:461)
	at com.alibaba.nacos.client.naming.NacosNamingService.getServicesOfServer(NacosNamingService.java:449)
	at com.alibaba.cloud.nacos.discovery.NacosServiceDiscovery.getServices(NacosServiceDiscovery.java:70)
	at com.alibaba.cloud.nacos.discovery.reactive.NacosReactiveDiscoveryClient.lambda$getServices$3(NacosReactiveDiscoveryClient.java:87)
	at reactor.core.publisher.FluxDefer.subscribe(FluxDefer.java:46)
	at reactor.core.publisher.FluxSubscribeOn$SubscribeOnSubscriber.run(FluxSubscribeOn.java:194)
	at reactor.core.scheduler.WorkerTask.call(WorkerTask.java:84)
	at reactor.core.scheduler.WorkerTask.call(WorkerTask.java:37)
	at java.util.concurrent.FutureTask.run$$$capture(FutureTask.java:266)
	at java.util.concurrent.FutureTask.run(FutureTask.java)
	at java.util.concurrent.ScheduledThreadPoolExecutor$ScheduledFutureTask.access$201(ScheduledThreadPoolExecutor.java:180)
	at java.util.concurrent.ScheduledThreadPoolExecutor$ScheduledFutureTask.run(ScheduledThreadPoolExecutor.java:293)
	at java.util.concurrent.ThreadPoolExecutor.runWorker(ThreadPoolExecutor.java:1149)
	at java.util.concurrent.ThreadPoolExecutor$Worker.run(ThreadPoolExecutor.java:624)
	at java.lang.Thread.run(Thread.java:748)
20:18:25.029 [boundedElastic-256] ERROR c.a.c.n.d.r.NacosReactiveDiscoveryClient - [lambda$getServices$3,94] - get services from nacos server fail,
com.alibaba.nacos.api.exception.NacosException: Client not connected, current status:UNHEALTHY
	at com.alibaba.nacos.common.remote.client.RpcClient.request(RpcClient.java:639)
	at com.alibaba.nacos.common.remote.client.RpcClient.request(RpcClient.java:619)
	at com.alibaba.nacos.client.naming.remote.gprc.NamingGrpcClientProxy.requestToServer(NamingGrpcClientProxy.java:356)
	at com.alibaba.nacos.client.naming.remote.gprc.NamingGrpcClientProxy.getServiceList(NamingGrpcClientProxy.java:282)
	at com.alibaba.nacos.client.naming.remote.NamingClientProxyDelegate.getServiceList(NamingClientProxyDelegate.java:162)
	at com.alibaba.nacos.client.naming.NacosNamingService.getServicesOfServer(NacosNamingService.java:461)
	at com.alibaba.nacos.client.naming.NacosNamingService.getServicesOfServer(NacosNamingService.java:449)
	at com.alibaba.cloud.nacos.discovery.NacosServiceDiscovery.getServices(NacosServiceDiscovery.java:70)
	at com.alibaba.cloud.nacos.discovery.reactive.NacosReactiveDiscoveryClient.lambda$getServices$3(NacosReactiveDiscoveryClient.java:87)
	at reactor.core.publisher.FluxDefer.subscribe(FluxDefer.java:46)
	at reactor.core.publisher.FluxSubscribeOn$SubscribeOnSubscriber.run(FluxSubscribeOn.java:194)
	at reactor.core.scheduler.WorkerTask.call(WorkerTask.java:84)
	at reactor.core.scheduler.WorkerTask.call(WorkerTask.java:37)
	at java.util.concurrent.FutureTask.run$$$capture(FutureTask.java:266)
	at java.util.concurrent.FutureTask.run(FutureTask.java)
	at java.util.concurrent.ScheduledThreadPoolExecutor$ScheduledFutureTask.access$201(ScheduledThreadPoolExecutor.java:180)
	at java.util.concurrent.ScheduledThreadPoolExecutor$ScheduledFutureTask.run(ScheduledThreadPoolExecutor.java:293)
	at java.util.concurrent.ThreadPoolExecutor.runWorker(ThreadPoolExecutor.java:1149)
	at java.util.concurrent.ThreadPoolExecutor$Worker.run(ThreadPoolExecutor.java:624)
	at java.lang.Thread.run(Thread.java:748)
20:18:55.033 [boundedElastic-267] ERROR c.a.c.n.d.r.NacosReactiveDiscoveryClient - [lambda$getServices$3,94] - get services from nacos server fail,
com.alibaba.nacos.api.exception.NacosException: Client not connected, current status:UNHEALTHY
	at com.alibaba.nacos.common.remote.client.RpcClient.request(RpcClient.java:639)
	at com.alibaba.nacos.common.remote.client.RpcClient.request(RpcClient.java:619)
	at com.alibaba.nacos.client.naming.remote.gprc.NamingGrpcClientProxy.requestToServer(NamingGrpcClientProxy.java:356)
	at com.alibaba.nacos.client.naming.remote.gprc.NamingGrpcClientProxy.getServiceList(NamingGrpcClientProxy.java:282)
	at com.alibaba.nacos.client.naming.remote.NamingClientProxyDelegate.getServiceList(NamingClientProxyDelegate.java:162)
	at com.alibaba.nacos.client.naming.NacosNamingService.getServicesOfServer(NacosNamingService.java:461)
	at com.alibaba.nacos.client.naming.NacosNamingService.getServicesOfServer(NacosNamingService.java:449)
	at com.alibaba.cloud.nacos.discovery.NacosServiceDiscovery.getServices(NacosServiceDiscovery.java:70)
	at com.alibaba.cloud.nacos.discovery.reactive.NacosReactiveDiscoveryClient.lambda$getServices$3(NacosReactiveDiscoveryClient.java:87)
	at reactor.core.publisher.FluxDefer.subscribe(FluxDefer.java:46)
	at reactor.core.publisher.FluxSubscribeOn$SubscribeOnSubscriber.run(FluxSubscribeOn.java:194)
	at reactor.core.scheduler.WorkerTask.call(WorkerTask.java:84)
	at reactor.core.scheduler.WorkerTask.call(WorkerTask.java:37)
	at java.util.concurrent.FutureTask.run$$$capture(FutureTask.java:266)
	at java.util.concurrent.FutureTask.run(FutureTask.java)
	at java.util.concurrent.ScheduledThreadPoolExecutor$ScheduledFutureTask.access$201(ScheduledThreadPoolExecutor.java:180)
	at java.util.concurrent.ScheduledThreadPoolExecutor$ScheduledFutureTask.run(ScheduledThreadPoolExecutor.java:293)
	at java.util.concurrent.ThreadPoolExecutor.runWorker(ThreadPoolExecutor.java:1149)
	at java.util.concurrent.ThreadPoolExecutor$Worker.run(ThreadPoolExecutor.java:624)
	at java.lang.Thread.run(Thread.java:748)
20:18:55.033 [boundedElastic-256] ERROR c.a.c.n.d.r.NacosReactiveDiscoveryClient - [lambda$getServices$3,94] - get services from nacos server fail,
com.alibaba.nacos.api.exception.NacosException: Client not connected, current status:UNHEALTHY
	at com.alibaba.nacos.common.remote.client.RpcClient.request(RpcClient.java:639)
	at com.alibaba.nacos.common.remote.client.RpcClient.request(RpcClient.java:619)
	at com.alibaba.nacos.client.naming.remote.gprc.NamingGrpcClientProxy.requestToServer(NamingGrpcClientProxy.java:356)
	at com.alibaba.nacos.client.naming.remote.gprc.NamingGrpcClientProxy.getServiceList(NamingGrpcClientProxy.java:282)
	at com.alibaba.nacos.client.naming.remote.NamingClientProxyDelegate.getServiceList(NamingClientProxyDelegate.java:162)
	at com.alibaba.nacos.client.naming.NacosNamingService.getServicesOfServer(NacosNamingService.java:461)
	at com.alibaba.nacos.client.naming.NacosNamingService.getServicesOfServer(NacosNamingService.java:449)
	at com.alibaba.cloud.nacos.discovery.NacosServiceDiscovery.getServices(NacosServiceDiscovery.java:70)
	at com.alibaba.cloud.nacos.discovery.reactive.NacosReactiveDiscoveryClient.lambda$getServices$3(NacosReactiveDiscoveryClient.java:87)
	at reactor.core.publisher.FluxDefer.subscribe(FluxDefer.java:46)
	at reactor.core.publisher.FluxSubscribeOn$SubscribeOnSubscriber.run(FluxSubscribeOn.java:194)
	at reactor.core.scheduler.WorkerTask.call(WorkerTask.java:84)
	at reactor.core.scheduler.WorkerTask.call(WorkerTask.java:37)
	at java.util.concurrent.FutureTask.run$$$capture(FutureTask.java:266)
	at java.util.concurrent.FutureTask.run(FutureTask.java)
	at java.util.concurrent.ScheduledThreadPoolExecutor$ScheduledFutureTask.access$201(ScheduledThreadPoolExecutor.java:180)
	at java.util.concurrent.ScheduledThreadPoolExecutor$ScheduledFutureTask.run(ScheduledThreadPoolExecutor.java:293)
	at java.util.concurrent.ThreadPoolExecutor.runWorker(ThreadPoolExecutor.java:1149)
	at java.util.concurrent.ThreadPoolExecutor$Worker.run(ThreadPoolExecutor.java:624)
	at java.lang.Thread.run(Thread.java:748)
20:19:25.038 [boundedElastic-256] ERROR c.a.c.n.d.r.NacosReactiveDiscoveryClient - [lambda$getServices$3,94] - get services from nacos server fail,
com.alibaba.nacos.api.exception.NacosException: Client not connected, current status:UNHEALTHY
	at com.alibaba.nacos.common.remote.client.RpcClient.request(RpcClient.java:639)
	at com.alibaba.nacos.common.remote.client.RpcClient.request(RpcClient.java:619)
	at com.alibaba.nacos.client.naming.remote.gprc.NamingGrpcClientProxy.requestToServer(NamingGrpcClientProxy.java:356)
	at com.alibaba.nacos.client.naming.remote.gprc.NamingGrpcClientProxy.getServiceList(NamingGrpcClientProxy.java:282)
	at com.alibaba.nacos.client.naming.remote.NamingClientProxyDelegate.getServiceList(NamingClientProxyDelegate.java:162)
	at com.alibaba.nacos.client.naming.NacosNamingService.getServicesOfServer(NacosNamingService.java:461)
	at com.alibaba.nacos.client.naming.NacosNamingService.getServicesOfServer(NacosNamingService.java:449)
	at com.alibaba.cloud.nacos.discovery.NacosServiceDiscovery.getServices(NacosServiceDiscovery.java:70)
	at com.alibaba.cloud.nacos.discovery.reactive.NacosReactiveDiscoveryClient.lambda$getServices$3(NacosReactiveDiscoveryClient.java:87)
	at reactor.core.publisher.FluxDefer.subscribe(FluxDefer.java:46)
	at reactor.core.publisher.FluxSubscribeOn$SubscribeOnSubscriber.run(FluxSubscribeOn.java:194)
	at reactor.core.scheduler.WorkerTask.call(WorkerTask.java:84)
	at reactor.core.scheduler.WorkerTask.call(WorkerTask.java:37)
	at java.util.concurrent.FutureTask.run$$$capture(FutureTask.java:266)
	at java.util.concurrent.FutureTask.run(FutureTask.java)
	at java.util.concurrent.ScheduledThreadPoolExecutor$ScheduledFutureTask.access$201(ScheduledThreadPoolExecutor.java:180)
	at java.util.concurrent.ScheduledThreadPoolExecutor$ScheduledFutureTask.run(ScheduledThreadPoolExecutor.java:293)
	at java.util.concurrent.ThreadPoolExecutor.runWorker(ThreadPoolExecutor.java:1149)
	at java.util.concurrent.ThreadPoolExecutor$Worker.run(ThreadPoolExecutor.java:624)
	at java.lang.Thread.run(Thread.java:748)
20:19:25.038 [boundedElastic-267] ERROR c.a.c.n.d.r.NacosReactiveDiscoveryClient - [lambda$getServices$3,94] - get services from nacos server fail,
com.alibaba.nacos.api.exception.NacosException: Client not connected, current status:UNHEALTHY
	at com.alibaba.nacos.common.remote.client.RpcClient.request(RpcClient.java:639)
	at com.alibaba.nacos.common.remote.client.RpcClient.request(RpcClient.java:619)
	at com.alibaba.nacos.client.naming.remote.gprc.NamingGrpcClientProxy.requestToServer(NamingGrpcClientProxy.java:356)
	at com.alibaba.nacos.client.naming.remote.gprc.NamingGrpcClientProxy.getServiceList(NamingGrpcClientProxy.java:282)
	at com.alibaba.nacos.client.naming.remote.NamingClientProxyDelegate.getServiceList(NamingClientProxyDelegate.java:162)
	at com.alibaba.nacos.client.naming.NacosNamingService.getServicesOfServer(NacosNamingService.java:461)
	at com.alibaba.nacos.client.naming.NacosNamingService.getServicesOfServer(NacosNamingService.java:449)
	at com.alibaba.cloud.nacos.discovery.NacosServiceDiscovery.getServices(NacosServiceDiscovery.java:70)
	at com.alibaba.cloud.nacos.discovery.reactive.NacosReactiveDiscoveryClient.lambda$getServices$3(NacosReactiveDiscoveryClient.java:87)
	at reactor.core.publisher.FluxDefer.subscribe(FluxDefer.java:46)
	at reactor.core.publisher.FluxSubscribeOn$SubscribeOnSubscriber.run(FluxSubscribeOn.java:194)
	at reactor.core.scheduler.WorkerTask.call(WorkerTask.java:84)
	at reactor.core.scheduler.WorkerTask.call(WorkerTask.java:37)
	at java.util.concurrent.FutureTask.run$$$capture(FutureTask.java:266)
	at java.util.concurrent.FutureTask.run(FutureTask.java)
	at java.util.concurrent.ScheduledThreadPoolExecutor$ScheduledFutureTask.access$201(ScheduledThreadPoolExecutor.java:180)
	at java.util.concurrent.ScheduledThreadPoolExecutor$ScheduledFutureTask.run(ScheduledThreadPoolExecutor.java:293)
	at java.util.concurrent.ThreadPoolExecutor.runWorker(ThreadPoolExecutor.java:1149)
	at java.util.concurrent.ThreadPoolExecutor$Worker.run(ThreadPoolExecutor.java:624)
	at java.lang.Thread.run(Thread.java:748)
20:19:55.040 [boundedElastic-256] ERROR c.a.c.n.d.r.NacosReactiveDiscoveryClient - [lambda$getServices$3,94] - get services from nacos server fail,
com.alibaba.nacos.api.exception.NacosException: Client not connected, current status:UNHEALTHY
	at com.alibaba.nacos.common.remote.client.RpcClient.request(RpcClient.java:639)
	at com.alibaba.nacos.common.remote.client.RpcClient.request(RpcClient.java:619)
	at com.alibaba.nacos.client.naming.remote.gprc.NamingGrpcClientProxy.requestToServer(NamingGrpcClientProxy.java:356)
	at com.alibaba.nacos.client.naming.remote.gprc.NamingGrpcClientProxy.getServiceList(NamingGrpcClientProxy.java:282)
	at com.alibaba.nacos.client.naming.remote.NamingClientProxyDelegate.getServiceList(NamingClientProxyDelegate.java:162)
	at com.alibaba.nacos.client.naming.NacosNamingService.getServicesOfServer(NacosNamingService.java:461)
	at com.alibaba.nacos.client.naming.NacosNamingService.getServicesOfServer(NacosNamingService.java:449)
	at com.alibaba.cloud.nacos.discovery.NacosServiceDiscovery.getServices(NacosServiceDiscovery.java:70)
	at com.alibaba.cloud.nacos.discovery.reactive.NacosReactiveDiscoveryClient.lambda$getServices$3(NacosReactiveDiscoveryClient.java:87)
	at reactor.core.publisher.FluxDefer.subscribe(FluxDefer.java:46)
	at reactor.core.publisher.FluxSubscribeOn$SubscribeOnSubscriber.run(FluxSubscribeOn.java:194)
	at reactor.core.scheduler.WorkerTask.call(WorkerTask.java:84)
	at reactor.core.scheduler.WorkerTask.call(WorkerTask.java:37)
	at java.util.concurrent.FutureTask.run$$$capture(FutureTask.java:266)
	at java.util.concurrent.FutureTask.run(FutureTask.java)
	at java.util.concurrent.ScheduledThreadPoolExecutor$ScheduledFutureTask.access$201(ScheduledThreadPoolExecutor.java:180)
	at java.util.concurrent.ScheduledThreadPoolExecutor$ScheduledFutureTask.run(ScheduledThreadPoolExecutor.java:293)
	at java.util.concurrent.ThreadPoolExecutor.runWorker(ThreadPoolExecutor.java:1149)
	at java.util.concurrent.ThreadPoolExecutor$Worker.run(ThreadPoolExecutor.java:624)
	at java.lang.Thread.run(Thread.java:748)
20:19:55.040 [boundedElastic-267] ERROR c.a.c.n.d.r.NacosReactiveDiscoveryClient - [lambda$getServices$3,94] - get services from nacos server fail,
com.alibaba.nacos.api.exception.NacosException: Client not connected, current status:UNHEALTHY
	at com.alibaba.nacos.common.remote.client.RpcClient.request(RpcClient.java:639)
	at com.alibaba.nacos.common.remote.client.RpcClient.request(RpcClient.java:619)
	at com.alibaba.nacos.client.naming.remote.gprc.NamingGrpcClientProxy.requestToServer(NamingGrpcClientProxy.java:356)
	at com.alibaba.nacos.client.naming.remote.gprc.NamingGrpcClientProxy.getServiceList(NamingGrpcClientProxy.java:282)
	at com.alibaba.nacos.client.naming.remote.NamingClientProxyDelegate.getServiceList(NamingClientProxyDelegate.java:162)
	at com.alibaba.nacos.client.naming.NacosNamingService.getServicesOfServer(NacosNamingService.java:461)
	at com.alibaba.nacos.client.naming.NacosNamingService.getServicesOfServer(NacosNamingService.java:449)
	at com.alibaba.cloud.nacos.discovery.NacosServiceDiscovery.getServices(NacosServiceDiscovery.java:70)
	at com.alibaba.cloud.nacos.discovery.reactive.NacosReactiveDiscoveryClient.lambda$getServices$3(NacosReactiveDiscoveryClient.java:87)
	at reactor.core.publisher.FluxDefer.subscribe(FluxDefer.java:46)
	at reactor.core.publisher.FluxSubscribeOn$SubscribeOnSubscriber.run(FluxSubscribeOn.java:194)
	at reactor.core.scheduler.WorkerTask.call(WorkerTask.java:84)
	at reactor.core.scheduler.WorkerTask.call(WorkerTask.java:37)
	at java.util.concurrent.FutureTask.run$$$capture(FutureTask.java:266)
	at java.util.concurrent.FutureTask.run(FutureTask.java)
	at java.util.concurrent.ScheduledThreadPoolExecutor$ScheduledFutureTask.access$201(ScheduledThreadPoolExecutor.java:180)
	at java.util.concurrent.ScheduledThreadPoolExecutor$ScheduledFutureTask.run(ScheduledThreadPoolExecutor.java:293)
	at java.util.concurrent.ThreadPoolExecutor.runWorker(ThreadPoolExecutor.java:1149)
	at java.util.concurrent.ThreadPoolExecutor$Worker.run(ThreadPoolExecutor.java:624)
	at java.lang.Thread.run(Thread.java:748)
20:20:25.040 [boundedElastic-267] ERROR c.a.c.n.d.r.NacosReactiveDiscoveryClient - [lambda$getServices$3,94] - get services from nacos server fail,
com.alibaba.nacos.api.exception.NacosException: Client not connected, current status:UNHEALTHY
	at com.alibaba.nacos.common.remote.client.RpcClient.request(RpcClient.java:639)
	at com.alibaba.nacos.common.remote.client.RpcClient.request(RpcClient.java:619)
	at com.alibaba.nacos.client.naming.remote.gprc.NamingGrpcClientProxy.requestToServer(NamingGrpcClientProxy.java:356)
	at com.alibaba.nacos.client.naming.remote.gprc.NamingGrpcClientProxy.getServiceList(NamingGrpcClientProxy.java:282)
	at com.alibaba.nacos.client.naming.remote.NamingClientProxyDelegate.getServiceList(NamingClientProxyDelegate.java:162)
	at com.alibaba.nacos.client.naming.NacosNamingService.getServicesOfServer(NacosNamingService.java:461)
	at com.alibaba.nacos.client.naming.NacosNamingService.getServicesOfServer(NacosNamingService.java:449)
	at com.alibaba.cloud.nacos.discovery.NacosServiceDiscovery.getServices(NacosServiceDiscovery.java:70)
	at com.alibaba.cloud.nacos.discovery.reactive.NacosReactiveDiscoveryClient.lambda$getServices$3(NacosReactiveDiscoveryClient.java:87)
	at reactor.core.publisher.FluxDefer.subscribe(FluxDefer.java:46)
	at reactor.core.publisher.FluxSubscribeOn$SubscribeOnSubscriber.run(FluxSubscribeOn.java:194)
	at reactor.core.scheduler.WorkerTask.call(WorkerTask.java:84)
	at reactor.core.scheduler.WorkerTask.call(WorkerTask.java:37)
	at java.util.concurrent.FutureTask.run$$$capture(FutureTask.java:266)
	at java.util.concurrent.FutureTask.run(FutureTask.java)
	at java.util.concurrent.ScheduledThreadPoolExecutor$ScheduledFutureTask.access$201(ScheduledThreadPoolExecutor.java:180)
	at java.util.concurrent.ScheduledThreadPoolExecutor$ScheduledFutureTask.run(ScheduledThreadPoolExecutor.java:293)
	at java.util.concurrent.ThreadPoolExecutor.runWorker(ThreadPoolExecutor.java:1149)
	at java.util.concurrent.ThreadPoolExecutor$Worker.run(ThreadPoolExecutor.java:624)
	at java.lang.Thread.run(Thread.java:748)
20:20:25.041 [boundedElastic-256] ERROR c.a.c.n.d.r.NacosReactiveDiscoveryClient - [lambda$getServices$3,94] - get services from nacos server fail,
com.alibaba.nacos.api.exception.NacosException: Client not connected, current status:UNHEALTHY
	at com.alibaba.nacos.common.remote.client.RpcClient.request(RpcClient.java:639)
	at com.alibaba.nacos.common.remote.client.RpcClient.request(RpcClient.java:619)
	at com.alibaba.nacos.client.naming.remote.gprc.NamingGrpcClientProxy.requestToServer(NamingGrpcClientProxy.java:356)
	at com.alibaba.nacos.client.naming.remote.gprc.NamingGrpcClientProxy.getServiceList(NamingGrpcClientProxy.java:282)
	at com.alibaba.nacos.client.naming.remote.NamingClientProxyDelegate.getServiceList(NamingClientProxyDelegate.java:162)
	at com.alibaba.nacos.client.naming.NacosNamingService.getServicesOfServer(NacosNamingService.java:461)
	at com.alibaba.nacos.client.naming.NacosNamingService.getServicesOfServer(NacosNamingService.java:449)
	at com.alibaba.cloud.nacos.discovery.NacosServiceDiscovery.getServices(NacosServiceDiscovery.java:70)
	at com.alibaba.cloud.nacos.discovery.reactive.NacosReactiveDiscoveryClient.lambda$getServices$3(NacosReactiveDiscoveryClient.java:87)
	at reactor.core.publisher.FluxDefer.subscribe(FluxDefer.java:46)
	at reactor.core.publisher.FluxSubscribeOn$SubscribeOnSubscriber.run(FluxSubscribeOn.java:194)
	at reactor.core.scheduler.WorkerTask.call(WorkerTask.java:84)
	at reactor.core.scheduler.WorkerTask.call(WorkerTask.java:37)
	at java.util.concurrent.FutureTask.run$$$capture(FutureTask.java:266)
	at java.util.concurrent.FutureTask.run(FutureTask.java)
	at java.util.concurrent.ScheduledThreadPoolExecutor$ScheduledFutureTask.access$201(ScheduledThreadPoolExecutor.java:180)
	at java.util.concurrent.ScheduledThreadPoolExecutor$ScheduledFutureTask.run(ScheduledThreadPoolExecutor.java:293)
	at java.util.concurrent.ThreadPoolExecutor.runWorker(ThreadPoolExecutor.java:1149)
	at java.util.concurrent.ThreadPoolExecutor$Worker.run(ThreadPoolExecutor.java:624)
	at java.lang.Thread.run(Thread.java:748)
20:20:55.036 [boundedElastic-267] ERROR c.a.c.n.d.r.NacosReactiveDiscoveryClient - [lambda$getServices$3,94] - get services from nacos server fail,
com.alibaba.nacos.api.exception.NacosException: Client not connected, current status:UNHEALTHY
	at com.alibaba.nacos.common.remote.client.RpcClient.request(RpcClient.java:639)
	at com.alibaba.nacos.common.remote.client.RpcClient.request(RpcClient.java:619)
	at com.alibaba.nacos.client.naming.remote.gprc.NamingGrpcClientProxy.requestToServer(NamingGrpcClientProxy.java:356)
	at com.alibaba.nacos.client.naming.remote.gprc.NamingGrpcClientProxy.getServiceList(NamingGrpcClientProxy.java:282)
	at com.alibaba.nacos.client.naming.remote.NamingClientProxyDelegate.getServiceList(NamingClientProxyDelegate.java:162)
	at com.alibaba.nacos.client.naming.NacosNamingService.getServicesOfServer(NacosNamingService.java:461)
	at com.alibaba.nacos.client.naming.NacosNamingService.getServicesOfServer(NacosNamingService.java:449)
	at com.alibaba.cloud.nacos.discovery.NacosServiceDiscovery.getServices(NacosServiceDiscovery.java:70)
	at com.alibaba.cloud.nacos.discovery.reactive.NacosReactiveDiscoveryClient.lambda$getServices$3(NacosReactiveDiscoveryClient.java:87)
	at reactor.core.publisher.FluxDefer.subscribe(FluxDefer.java:46)
	at reactor.core.publisher.FluxSubscribeOn$SubscribeOnSubscriber.run(FluxSubscribeOn.java:194)
	at reactor.core.scheduler.WorkerTask.call(WorkerTask.java:84)
	at reactor.core.scheduler.WorkerTask.call(WorkerTask.java:37)
	at java.util.concurrent.FutureTask.run$$$capture(FutureTask.java:266)
	at java.util.concurrent.FutureTask.run(FutureTask.java)
	at java.util.concurrent.ScheduledThreadPoolExecutor$ScheduledFutureTask.access$201(ScheduledThreadPoolExecutor.java:180)
	at java.util.concurrent.ScheduledThreadPoolExecutor$ScheduledFutureTask.run(ScheduledThreadPoolExecutor.java:293)
	at java.util.concurrent.ThreadPoolExecutor.runWorker(ThreadPoolExecutor.java:1149)
	at java.util.concurrent.ThreadPoolExecutor$Worker.run(ThreadPoolExecutor.java:624)
	at java.lang.Thread.run(Thread.java:748)
20:20:55.038 [boundedElastic-256] ERROR c.a.c.n.d.r.NacosReactiveDiscoveryClient - [lambda$getServices$3,94] - get services from nacos server fail,
com.alibaba.nacos.api.exception.NacosException: Client not connected, current status:UNHEALTHY
	at com.alibaba.nacos.common.remote.client.RpcClient.request(RpcClient.java:639)
	at com.alibaba.nacos.common.remote.client.RpcClient.request(RpcClient.java:619)
	at com.alibaba.nacos.client.naming.remote.gprc.NamingGrpcClientProxy.requestToServer(NamingGrpcClientProxy.java:356)
	at com.alibaba.nacos.client.naming.remote.gprc.NamingGrpcClientProxy.getServiceList(NamingGrpcClientProxy.java:282)
	at com.alibaba.nacos.client.naming.remote.NamingClientProxyDelegate.getServiceList(NamingClientProxyDelegate.java:162)
	at com.alibaba.nacos.client.naming.NacosNamingService.getServicesOfServer(NacosNamingService.java:461)
	at com.alibaba.nacos.client.naming.NacosNamingService.getServicesOfServer(NacosNamingService.java:449)
	at com.alibaba.cloud.nacos.discovery.NacosServiceDiscovery.getServices(NacosServiceDiscovery.java:70)
	at com.alibaba.cloud.nacos.discovery.reactive.NacosReactiveDiscoveryClient.lambda$getServices$3(NacosReactiveDiscoveryClient.java:87)
	at reactor.core.publisher.FluxDefer.subscribe(FluxDefer.java:46)
	at reactor.core.publisher.FluxSubscribeOn$SubscribeOnSubscriber.run(FluxSubscribeOn.java:194)
	at reactor.core.scheduler.WorkerTask.call(WorkerTask.java:84)
	at reactor.core.scheduler.WorkerTask.call(WorkerTask.java:37)
	at java.util.concurrent.FutureTask.run$$$capture(FutureTask.java:266)
	at java.util.concurrent.FutureTask.run(FutureTask.java)
	at java.util.concurrent.ScheduledThreadPoolExecutor$ScheduledFutureTask.access$201(ScheduledThreadPoolExecutor.java:180)
	at java.util.concurrent.ScheduledThreadPoolExecutor$ScheduledFutureTask.run(ScheduledThreadPoolExecutor.java:293)
	at java.util.concurrent.ThreadPoolExecutor.runWorker(ThreadPoolExecutor.java:1149)
	at java.util.concurrent.ThreadPoolExecutor$Worker.run(ThreadPoolExecutor.java:624)
	at java.lang.Thread.run(Thread.java:748)
20:21:25.040 [boundedElastic-267] ERROR c.a.c.n.d.r.NacosReactiveDiscoveryClient - [lambda$getServices$3,94] - get services from nacos server fail,
com.alibaba.nacos.api.exception.NacosException: Client not connected, current status:UNHEALTHY
	at com.alibaba.nacos.common.remote.client.RpcClient.request(RpcClient.java:639)
	at com.alibaba.nacos.common.remote.client.RpcClient.request(RpcClient.java:619)
	at com.alibaba.nacos.client.naming.remote.gprc.NamingGrpcClientProxy.requestToServer(NamingGrpcClientProxy.java:356)
	at com.alibaba.nacos.client.naming.remote.gprc.NamingGrpcClientProxy.getServiceList(NamingGrpcClientProxy.java:282)
	at com.alibaba.nacos.client.naming.remote.NamingClientProxyDelegate.getServiceList(NamingClientProxyDelegate.java:162)
	at com.alibaba.nacos.client.naming.NacosNamingService.getServicesOfServer(NacosNamingService.java:461)
	at com.alibaba.nacos.client.naming.NacosNamingService.getServicesOfServer(NacosNamingService.java:449)
	at com.alibaba.cloud.nacos.discovery.NacosServiceDiscovery.getServices(NacosServiceDiscovery.java:70)
	at com.alibaba.cloud.nacos.discovery.reactive.NacosReactiveDiscoveryClient.lambda$getServices$3(NacosReactiveDiscoveryClient.java:87)
	at reactor.core.publisher.FluxDefer.subscribe(FluxDefer.java:46)
	at reactor.core.publisher.FluxSubscribeOn$SubscribeOnSubscriber.run(FluxSubscribeOn.java:194)
	at reactor.core.scheduler.WorkerTask.call(WorkerTask.java:84)
	at reactor.core.scheduler.WorkerTask.call(WorkerTask.java:37)
	at java.util.concurrent.FutureTask.run$$$capture(FutureTask.java:266)
	at java.util.concurrent.FutureTask.run(FutureTask.java)
	at java.util.concurrent.ScheduledThreadPoolExecutor$ScheduledFutureTask.access$201(ScheduledThreadPoolExecutor.java:180)
	at java.util.concurrent.ScheduledThreadPoolExecutor$ScheduledFutureTask.run(ScheduledThreadPoolExecutor.java:293)
	at java.util.concurrent.ThreadPoolExecutor.runWorker(ThreadPoolExecutor.java:1149)
	at java.util.concurrent.ThreadPoolExecutor$Worker.run(ThreadPoolExecutor.java:624)
	at java.lang.Thread.run(Thread.java:748)
20:21:25.044 [boundedElastic-256] ERROR c.a.c.n.d.r.NacosReactiveDiscoveryClient - [lambda$getServices$3,94] - get services from nacos server fail,
com.alibaba.nacos.api.exception.NacosException: Client not connected, current status:UNHEALTHY
	at com.alibaba.nacos.common.remote.client.RpcClient.request(RpcClient.java:639)
	at com.alibaba.nacos.common.remote.client.RpcClient.request(RpcClient.java:619)
	at com.alibaba.nacos.client.naming.remote.gprc.NamingGrpcClientProxy.requestToServer(NamingGrpcClientProxy.java:356)
	at com.alibaba.nacos.client.naming.remote.gprc.NamingGrpcClientProxy.getServiceList(NamingGrpcClientProxy.java:282)
	at com.alibaba.nacos.client.naming.remote.NamingClientProxyDelegate.getServiceList(NamingClientProxyDelegate.java:162)
	at com.alibaba.nacos.client.naming.NacosNamingService.getServicesOfServer(NacosNamingService.java:461)
	at com.alibaba.nacos.client.naming.NacosNamingService.getServicesOfServer(NacosNamingService.java:449)
	at com.alibaba.cloud.nacos.discovery.NacosServiceDiscovery.getServices(NacosServiceDiscovery.java:70)
	at com.alibaba.cloud.nacos.discovery.reactive.NacosReactiveDiscoveryClient.lambda$getServices$3(NacosReactiveDiscoveryClient.java:87)
	at reactor.core.publisher.FluxDefer.subscribe(FluxDefer.java:46)
	at reactor.core.publisher.FluxSubscribeOn$SubscribeOnSubscriber.run(FluxSubscribeOn.java:194)
	at reactor.core.scheduler.WorkerTask.call(WorkerTask.java:84)
	at reactor.core.scheduler.WorkerTask.call(WorkerTask.java:37)
	at java.util.concurrent.FutureTask.run$$$capture(FutureTask.java:266)
	at java.util.concurrent.FutureTask.run(FutureTask.java)
	at java.util.concurrent.ScheduledThreadPoolExecutor$ScheduledFutureTask.access$201(ScheduledThreadPoolExecutor.java:180)
	at java.util.concurrent.ScheduledThreadPoolExecutor$ScheduledFutureTask.run(ScheduledThreadPoolExecutor.java:293)
	at java.util.concurrent.ThreadPoolExecutor.runWorker(ThreadPoolExecutor.java:1149)
	at java.util.concurrent.ThreadPoolExecutor$Worker.run(ThreadPoolExecutor.java:624)
	at java.lang.Thread.run(Thread.java:748)
20:21:55.044 [boundedElastic-256] ERROR c.a.c.n.d.r.NacosReactiveDiscoveryClient - [lambda$getServices$3,94] - get services from nacos server fail,
com.alibaba.nacos.api.exception.NacosException: Client not connected, current status:UNHEALTHY
	at com.alibaba.nacos.common.remote.client.RpcClient.request(RpcClient.java:639)
	at com.alibaba.nacos.common.remote.client.RpcClient.request(RpcClient.java:619)
	at com.alibaba.nacos.client.naming.remote.gprc.NamingGrpcClientProxy.requestToServer(NamingGrpcClientProxy.java:356)
	at com.alibaba.nacos.client.naming.remote.gprc.NamingGrpcClientProxy.getServiceList(NamingGrpcClientProxy.java:282)
	at com.alibaba.nacos.client.naming.remote.NamingClientProxyDelegate.getServiceList(NamingClientProxyDelegate.java:162)
	at com.alibaba.nacos.client.naming.NacosNamingService.getServicesOfServer(NacosNamingService.java:461)
	at com.alibaba.nacos.client.naming.NacosNamingService.getServicesOfServer(NacosNamingService.java:449)
	at com.alibaba.cloud.nacos.discovery.NacosServiceDiscovery.getServices(NacosServiceDiscovery.java:70)
	at com.alibaba.cloud.nacos.discovery.reactive.NacosReactiveDiscoveryClient.lambda$getServices$3(NacosReactiveDiscoveryClient.java:87)
	at reactor.core.publisher.FluxDefer.subscribe(FluxDefer.java:46)
	at reactor.core.publisher.FluxSubscribeOn$SubscribeOnSubscriber.run(FluxSubscribeOn.java:194)
	at reactor.core.scheduler.WorkerTask.call(WorkerTask.java:84)
	at reactor.core.scheduler.WorkerTask.call(WorkerTask.java:37)
	at java.util.concurrent.FutureTask.run$$$capture(FutureTask.java:266)
	at java.util.concurrent.FutureTask.run(FutureTask.java)
	at java.util.concurrent.ScheduledThreadPoolExecutor$ScheduledFutureTask.access$201(ScheduledThreadPoolExecutor.java:180)
	at java.util.concurrent.ScheduledThreadPoolExecutor$ScheduledFutureTask.run(ScheduledThreadPoolExecutor.java:293)
	at java.util.concurrent.ThreadPoolExecutor.runWorker(ThreadPoolExecutor.java:1149)
	at java.util.concurrent.ThreadPoolExecutor$Worker.run(ThreadPoolExecutor.java:624)
	at java.lang.Thread.run(Thread.java:748)
20:21:55.049 [boundedElastic-267] ERROR c.a.c.n.d.r.NacosReactiveDiscoveryClient - [lambda$getServices$3,94] - get services from nacos server fail,
com.alibaba.nacos.api.exception.NacosException: Client not connected, current status:UNHEALTHY
	at com.alibaba.nacos.common.remote.client.RpcClient.request(RpcClient.java:639)
	at com.alibaba.nacos.common.remote.client.RpcClient.request(RpcClient.java:619)
	at com.alibaba.nacos.client.naming.remote.gprc.NamingGrpcClientProxy.requestToServer(NamingGrpcClientProxy.java:356)
	at com.alibaba.nacos.client.naming.remote.gprc.NamingGrpcClientProxy.getServiceList(NamingGrpcClientProxy.java:282)
	at com.alibaba.nacos.client.naming.remote.NamingClientProxyDelegate.getServiceList(NamingClientProxyDelegate.java:162)
	at com.alibaba.nacos.client.naming.NacosNamingService.getServicesOfServer(NacosNamingService.java:461)
	at com.alibaba.nacos.client.naming.NacosNamingService.getServicesOfServer(NacosNamingService.java:449)
	at com.alibaba.cloud.nacos.discovery.NacosServiceDiscovery.getServices(NacosServiceDiscovery.java:70)
	at com.alibaba.cloud.nacos.discovery.reactive.NacosReactiveDiscoveryClient.lambda$getServices$3(NacosReactiveDiscoveryClient.java:87)
	at reactor.core.publisher.FluxDefer.subscribe(FluxDefer.java:46)
	at reactor.core.publisher.FluxSubscribeOn$SubscribeOnSubscriber.run(FluxSubscribeOn.java:194)
	at reactor.core.scheduler.WorkerTask.call(WorkerTask.java:84)
	at reactor.core.scheduler.WorkerTask.call(WorkerTask.java:37)
	at java.util.concurrent.FutureTask.run$$$capture(FutureTask.java:266)
	at java.util.concurrent.FutureTask.run(FutureTask.java)
	at java.util.concurrent.ScheduledThreadPoolExecutor$ScheduledFutureTask.access$201(ScheduledThreadPoolExecutor.java:180)
	at java.util.concurrent.ScheduledThreadPoolExecutor$ScheduledFutureTask.run(ScheduledThreadPoolExecutor.java:293)
	at java.util.concurrent.ThreadPoolExecutor.runWorker(ThreadPoolExecutor.java:1149)
	at java.util.concurrent.ThreadPoolExecutor$Worker.run(ThreadPoolExecutor.java:624)
	at java.lang.Thread.run(Thread.java:748)
20:22:25.048 [boundedElastic-256] ERROR c.a.c.n.d.r.NacosReactiveDiscoveryClient - [lambda$getServices$3,94] - get services from nacos server fail,
com.alibaba.nacos.api.exception.NacosException: Client not connected, current status:UNHEALTHY
	at com.alibaba.nacos.common.remote.client.RpcClient.request(RpcClient.java:639)
	at com.alibaba.nacos.common.remote.client.RpcClient.request(RpcClient.java:619)
	at com.alibaba.nacos.client.naming.remote.gprc.NamingGrpcClientProxy.requestToServer(NamingGrpcClientProxy.java:356)
	at com.alibaba.nacos.client.naming.remote.gprc.NamingGrpcClientProxy.getServiceList(NamingGrpcClientProxy.java:282)
	at com.alibaba.nacos.client.naming.remote.NamingClientProxyDelegate.getServiceList(NamingClientProxyDelegate.java:162)
	at com.alibaba.nacos.client.naming.NacosNamingService.getServicesOfServer(NacosNamingService.java:461)
	at com.alibaba.nacos.client.naming.NacosNamingService.getServicesOfServer(NacosNamingService.java:449)
	at com.alibaba.cloud.nacos.discovery.NacosServiceDiscovery.getServices(NacosServiceDiscovery.java:70)
	at com.alibaba.cloud.nacos.discovery.reactive.NacosReactiveDiscoveryClient.lambda$getServices$3(NacosReactiveDiscoveryClient.java:87)
	at reactor.core.publisher.FluxDefer.subscribe(FluxDefer.java:46)
	at reactor.core.publisher.FluxSubscribeOn$SubscribeOnSubscriber.run(FluxSubscribeOn.java:194)
	at reactor.core.scheduler.WorkerTask.call(WorkerTask.java:84)
	at reactor.core.scheduler.WorkerTask.call(WorkerTask.java:37)
	at java.util.concurrent.FutureTask.run$$$capture(FutureTask.java:266)
	at java.util.concurrent.FutureTask.run(FutureTask.java)
	at java.util.concurrent.ScheduledThreadPoolExecutor$ScheduledFutureTask.access$201(ScheduledThreadPoolExecutor.java:180)
	at java.util.concurrent.ScheduledThreadPoolExecutor$ScheduledFutureTask.run(ScheduledThreadPoolExecutor.java:293)
	at java.util.concurrent.ThreadPoolExecutor.runWorker(ThreadPoolExecutor.java:1149)
	at java.util.concurrent.ThreadPoolExecutor$Worker.run(ThreadPoolExecutor.java:624)
	at java.lang.Thread.run(Thread.java:748)
20:22:25.053 [boundedElastic-267] ERROR c.a.c.n.d.r.NacosReactiveDiscoveryClient - [lambda$getServices$3,94] - get services from nacos server fail,
com.alibaba.nacos.api.exception.NacosException: Client not connected, current status:UNHEALTHY
	at com.alibaba.nacos.common.remote.client.RpcClient.request(RpcClient.java:639)
	at com.alibaba.nacos.common.remote.client.RpcClient.request(RpcClient.java:619)
	at com.alibaba.nacos.client.naming.remote.gprc.NamingGrpcClientProxy.requestToServer(NamingGrpcClientProxy.java:356)
	at com.alibaba.nacos.client.naming.remote.gprc.NamingGrpcClientProxy.getServiceList(NamingGrpcClientProxy.java:282)
	at com.alibaba.nacos.client.naming.remote.NamingClientProxyDelegate.getServiceList(NamingClientProxyDelegate.java:162)
	at com.alibaba.nacos.client.naming.NacosNamingService.getServicesOfServer(NacosNamingService.java:461)
	at com.alibaba.nacos.client.naming.NacosNamingService.getServicesOfServer(NacosNamingService.java:449)
	at com.alibaba.cloud.nacos.discovery.NacosServiceDiscovery.getServices(NacosServiceDiscovery.java:70)
	at com.alibaba.cloud.nacos.discovery.reactive.NacosReactiveDiscoveryClient.lambda$getServices$3(NacosReactiveDiscoveryClient.java:87)
	at reactor.core.publisher.FluxDefer.subscribe(FluxDefer.java:46)
	at reactor.core.publisher.FluxSubscribeOn$SubscribeOnSubscriber.run(FluxSubscribeOn.java:194)
	at reactor.core.scheduler.WorkerTask.call(WorkerTask.java:84)
	at reactor.core.scheduler.WorkerTask.call(WorkerTask.java:37)
	at java.util.concurrent.FutureTask.run$$$capture(FutureTask.java:266)
	at java.util.concurrent.FutureTask.run(FutureTask.java)
	at java.util.concurrent.ScheduledThreadPoolExecutor$ScheduledFutureTask.access$201(ScheduledThreadPoolExecutor.java:180)
	at java.util.concurrent.ScheduledThreadPoolExecutor$ScheduledFutureTask.run(ScheduledThreadPoolExecutor.java:293)
	at java.util.concurrent.ThreadPoolExecutor.runWorker(ThreadPoolExecutor.java:1149)
	at java.util.concurrent.ThreadPoolExecutor$Worker.run(ThreadPoolExecutor.java:624)
	at java.lang.Thread.run(Thread.java:748)
20:22:55.050 [boundedElastic-267] ERROR c.a.c.n.d.r.NacosReactiveDiscoveryClient - [lambda$getServices$3,94] - get services from nacos server fail,
com.alibaba.nacos.api.exception.NacosException: Client not connected, current status:UNHEALTHY
	at com.alibaba.nacos.common.remote.client.RpcClient.request(RpcClient.java:639)
	at com.alibaba.nacos.common.remote.client.RpcClient.request(RpcClient.java:619)
	at com.alibaba.nacos.client.naming.remote.gprc.NamingGrpcClientProxy.requestToServer(NamingGrpcClientProxy.java:356)
	at com.alibaba.nacos.client.naming.remote.gprc.NamingGrpcClientProxy.getServiceList(NamingGrpcClientProxy.java:282)
	at com.alibaba.nacos.client.naming.remote.NamingClientProxyDelegate.getServiceList(NamingClientProxyDelegate.java:162)
	at com.alibaba.nacos.client.naming.NacosNamingService.getServicesOfServer(NacosNamingService.java:461)
	at com.alibaba.nacos.client.naming.NacosNamingService.getServicesOfServer(NacosNamingService.java:449)
	at com.alibaba.cloud.nacos.discovery.NacosServiceDiscovery.getServices(NacosServiceDiscovery.java:70)
	at com.alibaba.cloud.nacos.discovery.reactive.NacosReactiveDiscoveryClient.lambda$getServices$3(NacosReactiveDiscoveryClient.java:87)
	at reactor.core.publisher.FluxDefer.subscribe(FluxDefer.java:46)
	at reactor.core.publisher.FluxSubscribeOn$SubscribeOnSubscriber.run(FluxSubscribeOn.java:194)
	at reactor.core.scheduler.WorkerTask.call(WorkerTask.java:84)
	at reactor.core.scheduler.WorkerTask.call(WorkerTask.java:37)
	at java.util.concurrent.FutureTask.run$$$capture(FutureTask.java:266)
	at java.util.concurrent.FutureTask.run(FutureTask.java)
	at java.util.concurrent.ScheduledThreadPoolExecutor$ScheduledFutureTask.access$201(ScheduledThreadPoolExecutor.java:180)
	at java.util.concurrent.ScheduledThreadPoolExecutor$ScheduledFutureTask.run(ScheduledThreadPoolExecutor.java:293)
	at java.util.concurrent.ThreadPoolExecutor.runWorker(ThreadPoolExecutor.java:1149)
	at java.util.concurrent.ThreadPoolExecutor$Worker.run(ThreadPoolExecutor.java:624)
	at java.lang.Thread.run(Thread.java:748)
20:22:55.051 [boundedElastic-256] ERROR c.a.c.n.d.r.NacosReactiveDiscoveryClient - [lambda$getServices$3,94] - get services from nacos server fail,
com.alibaba.nacos.api.exception.NacosException: Client not connected, current status:UNHEALTHY
	at com.alibaba.nacos.common.remote.client.RpcClient.request(RpcClient.java:639)
	at com.alibaba.nacos.common.remote.client.RpcClient.request(RpcClient.java:619)
	at com.alibaba.nacos.client.naming.remote.gprc.NamingGrpcClientProxy.requestToServer(NamingGrpcClientProxy.java:356)
	at com.alibaba.nacos.client.naming.remote.gprc.NamingGrpcClientProxy.getServiceList(NamingGrpcClientProxy.java:282)
	at com.alibaba.nacos.client.naming.remote.NamingClientProxyDelegate.getServiceList(NamingClientProxyDelegate.java:162)
	at com.alibaba.nacos.client.naming.NacosNamingService.getServicesOfServer(NacosNamingService.java:461)
	at com.alibaba.nacos.client.naming.NacosNamingService.getServicesOfServer(NacosNamingService.java:449)
	at com.alibaba.cloud.nacos.discovery.NacosServiceDiscovery.getServices(NacosServiceDiscovery.java:70)
	at com.alibaba.cloud.nacos.discovery.reactive.NacosReactiveDiscoveryClient.lambda$getServices$3(NacosReactiveDiscoveryClient.java:87)
	at reactor.core.publisher.FluxDefer.subscribe(FluxDefer.java:46)
	at reactor.core.publisher.FluxSubscribeOn$SubscribeOnSubscriber.run(FluxSubscribeOn.java:194)
	at reactor.core.scheduler.WorkerTask.call(WorkerTask.java:84)
	at reactor.core.scheduler.WorkerTask.call(WorkerTask.java:37)
	at java.util.concurrent.FutureTask.run$$$capture(FutureTask.java:266)
	at java.util.concurrent.FutureTask.run(FutureTask.java)
	at java.util.concurrent.ScheduledThreadPoolExecutor$ScheduledFutureTask.access$201(ScheduledThreadPoolExecutor.java:180)
	at java.util.concurrent.ScheduledThreadPoolExecutor$ScheduledFutureTask.run(ScheduledThreadPoolExecutor.java:293)
	at java.util.concurrent.ThreadPoolExecutor.runWorker(ThreadPoolExecutor.java:1149)
	at java.util.concurrent.ThreadPoolExecutor$Worker.run(ThreadPoolExecutor.java:624)
	at java.lang.Thread.run(Thread.java:748)
20:23:25.055 [boundedElastic-267] ERROR c.a.c.n.d.r.NacosReactiveDiscoveryClient - [lambda$getServices$3,94] - get services from nacos server fail,
com.alibaba.nacos.api.exception.NacosException: Client not connected, current status:UNHEALTHY
	at com.alibaba.nacos.common.remote.client.RpcClient.request(RpcClient.java:639)
	at com.alibaba.nacos.common.remote.client.RpcClient.request(RpcClient.java:619)
	at com.alibaba.nacos.client.naming.remote.gprc.NamingGrpcClientProxy.requestToServer(NamingGrpcClientProxy.java:356)
	at com.alibaba.nacos.client.naming.remote.gprc.NamingGrpcClientProxy.getServiceList(NamingGrpcClientProxy.java:282)
	at com.alibaba.nacos.client.naming.remote.NamingClientProxyDelegate.getServiceList(NamingClientProxyDelegate.java:162)
	at com.alibaba.nacos.client.naming.NacosNamingService.getServicesOfServer(NacosNamingService.java:461)
	at com.alibaba.nacos.client.naming.NacosNamingService.getServicesOfServer(NacosNamingService.java:449)
	at com.alibaba.cloud.nacos.discovery.NacosServiceDiscovery.getServices(NacosServiceDiscovery.java:70)
	at com.alibaba.cloud.nacos.discovery.reactive.NacosReactiveDiscoveryClient.lambda$getServices$3(NacosReactiveDiscoveryClient.java:87)
	at reactor.core.publisher.FluxDefer.subscribe(FluxDefer.java:46)
	at reactor.core.publisher.FluxSubscribeOn$SubscribeOnSubscriber.run(FluxSubscribeOn.java:194)
	at reactor.core.scheduler.WorkerTask.call(WorkerTask.java:84)
	at reactor.core.scheduler.WorkerTask.call(WorkerTask.java:37)
	at java.util.concurrent.FutureTask.run$$$capture(FutureTask.java:266)
	at java.util.concurrent.FutureTask.run(FutureTask.java)
	at java.util.concurrent.ScheduledThreadPoolExecutor$ScheduledFutureTask.access$201(ScheduledThreadPoolExecutor.java:180)
	at java.util.concurrent.ScheduledThreadPoolExecutor$ScheduledFutureTask.run(ScheduledThreadPoolExecutor.java:293)
	at java.util.concurrent.ThreadPoolExecutor.runWorker(ThreadPoolExecutor.java:1149)
	at java.util.concurrent.ThreadPoolExecutor$Worker.run(ThreadPoolExecutor.java:624)
	at java.lang.Thread.run(Thread.java:748)
20:23:25.056 [boundedElastic-256] ERROR c.a.c.n.d.r.NacosReactiveDiscoveryClient - [lambda$getServices$3,94] - get services from nacos server fail,
com.alibaba.nacos.api.exception.NacosException: Client not connected, current status:UNHEALTHY
	at com.alibaba.nacos.common.remote.client.RpcClient.request(RpcClient.java:639)
	at com.alibaba.nacos.common.remote.client.RpcClient.request(RpcClient.java:619)
	at com.alibaba.nacos.client.naming.remote.gprc.NamingGrpcClientProxy.requestToServer(NamingGrpcClientProxy.java:356)
	at com.alibaba.nacos.client.naming.remote.gprc.NamingGrpcClientProxy.getServiceList(NamingGrpcClientProxy.java:282)
	at com.alibaba.nacos.client.naming.remote.NamingClientProxyDelegate.getServiceList(NamingClientProxyDelegate.java:162)
	at com.alibaba.nacos.client.naming.NacosNamingService.getServicesOfServer(NacosNamingService.java:461)
	at com.alibaba.nacos.client.naming.NacosNamingService.getServicesOfServer(NacosNamingService.java:449)
	at com.alibaba.cloud.nacos.discovery.NacosServiceDiscovery.getServices(NacosServiceDiscovery.java:70)
	at com.alibaba.cloud.nacos.discovery.reactive.NacosReactiveDiscoveryClient.lambda$getServices$3(NacosReactiveDiscoveryClient.java:87)
	at reactor.core.publisher.FluxDefer.subscribe(FluxDefer.java:46)
	at reactor.core.publisher.FluxSubscribeOn$SubscribeOnSubscriber.run(FluxSubscribeOn.java:194)
	at reactor.core.scheduler.WorkerTask.call(WorkerTask.java:84)
	at reactor.core.scheduler.WorkerTask.call(WorkerTask.java:37)
	at java.util.concurrent.FutureTask.run$$$capture(FutureTask.java:266)
	at java.util.concurrent.FutureTask.run(FutureTask.java)
	at java.util.concurrent.ScheduledThreadPoolExecutor$ScheduledFutureTask.access$201(ScheduledThreadPoolExecutor.java:180)
	at java.util.concurrent.ScheduledThreadPoolExecutor$ScheduledFutureTask.run(ScheduledThreadPoolExecutor.java:293)
	at java.util.concurrent.ThreadPoolExecutor.runWorker(ThreadPoolExecutor.java:1149)
	at java.util.concurrent.ThreadPoolExecutor$Worker.run(ThreadPoolExecutor.java:624)
	at java.lang.Thread.run(Thread.java:748)
20:23:55.054 [boundedElastic-256] ERROR c.a.c.n.d.r.NacosReactiveDiscoveryClient - [lambda$getServices$3,94] - get services from nacos server fail,
com.alibaba.nacos.api.exception.NacosException: Client not connected, current status:UNHEALTHY
	at com.alibaba.nacos.common.remote.client.RpcClient.request(RpcClient.java:639)
	at com.alibaba.nacos.common.remote.client.RpcClient.request(RpcClient.java:619)
	at com.alibaba.nacos.client.naming.remote.gprc.NamingGrpcClientProxy.requestToServer(NamingGrpcClientProxy.java:356)
	at com.alibaba.nacos.client.naming.remote.gprc.NamingGrpcClientProxy.getServiceList(NamingGrpcClientProxy.java:282)
	at com.alibaba.nacos.client.naming.remote.NamingClientProxyDelegate.getServiceList(NamingClientProxyDelegate.java:162)
	at com.alibaba.nacos.client.naming.NacosNamingService.getServicesOfServer(NacosNamingService.java:461)
	at com.alibaba.nacos.client.naming.NacosNamingService.getServicesOfServer(NacosNamingService.java:449)
	at com.alibaba.cloud.nacos.discovery.NacosServiceDiscovery.getServices(NacosServiceDiscovery.java:70)
	at com.alibaba.cloud.nacos.discovery.reactive.NacosReactiveDiscoveryClient.lambda$getServices$3(NacosReactiveDiscoveryClient.java:87)
	at reactor.core.publisher.FluxDefer.subscribe(FluxDefer.java:46)
	at reactor.core.publisher.FluxSubscribeOn$SubscribeOnSubscriber.run(FluxSubscribeOn.java:194)
	at reactor.core.scheduler.WorkerTask.call(WorkerTask.java:84)
	at reactor.core.scheduler.WorkerTask.call(WorkerTask.java:37)
	at java.util.concurrent.FutureTask.run$$$capture(FutureTask.java:266)
	at java.util.concurrent.FutureTask.run(FutureTask.java)
	at java.util.concurrent.ScheduledThreadPoolExecutor$ScheduledFutureTask.access$201(ScheduledThreadPoolExecutor.java:180)
	at java.util.concurrent.ScheduledThreadPoolExecutor$ScheduledFutureTask.run(ScheduledThreadPoolExecutor.java:293)
	at java.util.concurrent.ThreadPoolExecutor.runWorker(ThreadPoolExecutor.java:1149)
	at java.util.concurrent.ThreadPoolExecutor$Worker.run(ThreadPoolExecutor.java:624)
	at java.lang.Thread.run(Thread.java:748)
20:23:55.059 [boundedElastic-267] ERROR c.a.c.n.d.r.NacosReactiveDiscoveryClient - [lambda$getServices$3,94] - get services from nacos server fail,
com.alibaba.nacos.api.exception.NacosException: Client not connected, current status:UNHEALTHY
	at com.alibaba.nacos.common.remote.client.RpcClient.request(RpcClient.java:639)
	at com.alibaba.nacos.common.remote.client.RpcClient.request(RpcClient.java:619)
	at com.alibaba.nacos.client.naming.remote.gprc.NamingGrpcClientProxy.requestToServer(NamingGrpcClientProxy.java:356)
	at com.alibaba.nacos.client.naming.remote.gprc.NamingGrpcClientProxy.getServiceList(NamingGrpcClientProxy.java:282)
	at com.alibaba.nacos.client.naming.remote.NamingClientProxyDelegate.getServiceList(NamingClientProxyDelegate.java:162)
	at com.alibaba.nacos.client.naming.NacosNamingService.getServicesOfServer(NacosNamingService.java:461)
	at com.alibaba.nacos.client.naming.NacosNamingService.getServicesOfServer(NacosNamingService.java:449)
	at com.alibaba.cloud.nacos.discovery.NacosServiceDiscovery.getServices(NacosServiceDiscovery.java:70)
	at com.alibaba.cloud.nacos.discovery.reactive.NacosReactiveDiscoveryClient.lambda$getServices$3(NacosReactiveDiscoveryClient.java:87)
	at reactor.core.publisher.FluxDefer.subscribe(FluxDefer.java:46)
	at reactor.core.publisher.FluxSubscribeOn$SubscribeOnSubscriber.run(FluxSubscribeOn.java:194)
	at reactor.core.scheduler.WorkerTask.call(WorkerTask.java:84)
	at reactor.core.scheduler.WorkerTask.call(WorkerTask.java:37)
	at java.util.concurrent.FutureTask.run$$$capture(FutureTask.java:266)
	at java.util.concurrent.FutureTask.run(FutureTask.java)
	at java.util.concurrent.ScheduledThreadPoolExecutor$ScheduledFutureTask.access$201(ScheduledThreadPoolExecutor.java:180)
	at java.util.concurrent.ScheduledThreadPoolExecutor$ScheduledFutureTask.run(ScheduledThreadPoolExecutor.java:293)
	at java.util.concurrent.ThreadPoolExecutor.runWorker(ThreadPoolExecutor.java:1149)
	at java.util.concurrent.ThreadPoolExecutor$Worker.run(ThreadPoolExecutor.java:624)
	at java.lang.Thread.run(Thread.java:748)
20:24:25.061 [boundedElastic-267] ERROR c.a.c.n.d.r.NacosReactiveDiscoveryClient - [lambda$getServices$3,94] - get services from nacos server fail,
com.alibaba.nacos.api.exception.NacosException: Client not connected, current status:UNHEALTHY
	at com.alibaba.nacos.common.remote.client.RpcClient.request(RpcClient.java:639)
	at com.alibaba.nacos.common.remote.client.RpcClient.request(RpcClient.java:619)
	at com.alibaba.nacos.client.naming.remote.gprc.NamingGrpcClientProxy.requestToServer(NamingGrpcClientProxy.java:356)
	at com.alibaba.nacos.client.naming.remote.gprc.NamingGrpcClientProxy.getServiceList(NamingGrpcClientProxy.java:282)
	at com.alibaba.nacos.client.naming.remote.NamingClientProxyDelegate.getServiceList(NamingClientProxyDelegate.java:162)
	at com.alibaba.nacos.client.naming.NacosNamingService.getServicesOfServer(NacosNamingService.java:461)
	at com.alibaba.nacos.client.naming.NacosNamingService.getServicesOfServer(NacosNamingService.java:449)
	at com.alibaba.cloud.nacos.discovery.NacosServiceDiscovery.getServices(NacosServiceDiscovery.java:70)
	at com.alibaba.cloud.nacos.discovery.reactive.NacosReactiveDiscoveryClient.lambda$getServices$3(NacosReactiveDiscoveryClient.java:87)
	at reactor.core.publisher.FluxDefer.subscribe(FluxDefer.java:46)
	at reactor.core.publisher.FluxSubscribeOn$SubscribeOnSubscriber.run(FluxSubscribeOn.java:194)
	at reactor.core.scheduler.WorkerTask.call(WorkerTask.java:84)
	at reactor.core.scheduler.WorkerTask.call(WorkerTask.java:37)
	at java.util.concurrent.FutureTask.run$$$capture(FutureTask.java:266)
	at java.util.concurrent.FutureTask.run(FutureTask.java)
	at java.util.concurrent.ScheduledThreadPoolExecutor$ScheduledFutureTask.access$201(ScheduledThreadPoolExecutor.java:180)
	at java.util.concurrent.ScheduledThreadPoolExecutor$ScheduledFutureTask.run(ScheduledThreadPoolExecutor.java:293)
	at java.util.concurrent.ThreadPoolExecutor.runWorker(ThreadPoolExecutor.java:1149)
	at java.util.concurrent.ThreadPoolExecutor$Worker.run(ThreadPoolExecutor.java:624)
	at java.lang.Thread.run(Thread.java:748)
20:24:25.066 [boundedElastic-256] ERROR c.a.c.n.d.r.NacosReactiveDiscoveryClient - [lambda$getServices$3,94] - get services from nacos server fail,
com.alibaba.nacos.api.exception.NacosException: Client not connected, current status:UNHEALTHY
	at com.alibaba.nacos.common.remote.client.RpcClient.request(RpcClient.java:639)
	at com.alibaba.nacos.common.remote.client.RpcClient.request(RpcClient.java:619)
	at com.alibaba.nacos.client.naming.remote.gprc.NamingGrpcClientProxy.requestToServer(NamingGrpcClientProxy.java:356)
	at com.alibaba.nacos.client.naming.remote.gprc.NamingGrpcClientProxy.getServiceList(NamingGrpcClientProxy.java:282)
	at com.alibaba.nacos.client.naming.remote.NamingClientProxyDelegate.getServiceList(NamingClientProxyDelegate.java:162)
	at com.alibaba.nacos.client.naming.NacosNamingService.getServicesOfServer(NacosNamingService.java:461)
	at com.alibaba.nacos.client.naming.NacosNamingService.getServicesOfServer(NacosNamingService.java:449)
	at com.alibaba.cloud.nacos.discovery.NacosServiceDiscovery.getServices(NacosServiceDiscovery.java:70)
	at com.alibaba.cloud.nacos.discovery.reactive.NacosReactiveDiscoveryClient.lambda$getServices$3(NacosReactiveDiscoveryClient.java:87)
	at reactor.core.publisher.FluxDefer.subscribe(FluxDefer.java:46)
	at reactor.core.publisher.FluxSubscribeOn$SubscribeOnSubscriber.run(FluxSubscribeOn.java:194)
	at reactor.core.scheduler.WorkerTask.call(WorkerTask.java:84)
	at reactor.core.scheduler.WorkerTask.call(WorkerTask.java:37)
	at java.util.concurrent.FutureTask.run$$$capture(FutureTask.java:266)
	at java.util.concurrent.FutureTask.run(FutureTask.java)
	at java.util.concurrent.ScheduledThreadPoolExecutor$ScheduledFutureTask.access$201(ScheduledThreadPoolExecutor.java:180)
	at java.util.concurrent.ScheduledThreadPoolExecutor$ScheduledFutureTask.run(ScheduledThreadPoolExecutor.java:293)
	at java.util.concurrent.ThreadPoolExecutor.runWorker(ThreadPoolExecutor.java:1149)
	at java.util.concurrent.ThreadPoolExecutor$Worker.run(ThreadPoolExecutor.java:624)
	at java.lang.Thread.run(Thread.java:748)
20:30:09.308 [reactor-http-nio-18] ERROR c.c.g.h.GatewayExceptionHandler - [handle,48] - [网关异常处理]请求路径:,异常信息:404 NOT_FOUND
20:30:20.666 [reactor-http-nio-19] ERROR c.c.g.h.GatewayExceptionHandler - [handle,48] - [网关异常处理]请求路径:,异常信息:404 NOT_FOUND
20:30:32.070 [reactor-http-nio-20] ERROR c.c.g.h.GatewayExceptionHandler - [handle,48] - [网关异常处理]请求路径:,异常信息:404 NOT_FOUND
20:43:15.664 [reactor-http-nio-1] ERROR c.c.g.h.GatewayExceptionHandler - [handle,48] - [网关异常处理]请求路径:/,异常信息:404 NOT_FOUND
20:43:16.391 [reactor-http-nio-2] ERROR c.c.g.h.GatewayExceptionHandler - [handle,48] - [网关异常处理]请求路径:,异常信息:404 NOT_FOUND
20:43:17.443 [reactor-http-nio-3] ERROR c.c.g.h.GatewayExceptionHandler - [handle,48] - [网关异常处理]请求路径:/,异常信息:404 NOT_FOUND
20:43:18.066 [reactor-http-nio-4] ERROR c.c.g.h.GatewayExceptionHandler - [handle,48] - [网关异常处理]请求路径:,异常信息:404 NOT_FOUND
21:03:26.900 [reactor-http-nio-5] ERROR c.c.g.h.GatewayExceptionHandler - [handle,48] - [网关异常处理]请求路径:/cgi-bin/luci/;stok=/locale,异常信息:404 NOT_FOUND
21:11:37.498 [reactor-http-nio-6] ERROR c.c.g.h.GatewayExceptionHandler - [handle,48] - [网关异常处理]请求路径:/cgi-bin/luci/;stok=/locale,异常信息:404 NOT_FOUND
21:37:10.450 [reactor-http-nio-8] ERROR c.c.g.h.GatewayExceptionHandler - [handle,48] - [网关异常处理]请求路径:/,异常信息:404 NOT_FOUND
21:37:20.093 [reactor-http-nio-9] ERROR c.c.g.h.GatewayExceptionHandler - [handle,48] - [网关异常处理]请求路径:/,异常信息:404 NOT_FOUND
21:37:20.930 [reactor-http-nio-10] ERROR c.c.g.h.GatewayExceptionHandler - [handle,48] - [网关异常处理]请求路径:/favicon.ico,异常信息:404 NOT_FOUND
22:08:05.054 [reactor-http-nio-15] ERROR c.c.g.h.GatewayExceptionHandler - [handle,48] - [网关异常处理]请求路径:/,异常信息:404 NOT_FOUND
22:08:05.804 [reactor-http-nio-16] ERROR c.c.g.h.GatewayExceptionHandler - [handle,48] - [网关异常处理]请求路径:,异常信息:404 NOT_FOUND
22:08:07.616 [reactor-http-nio-17] ERROR c.c.g.h.GatewayExceptionHandler - [handle,48] - [网关异常处理]请求路径:/,异常信息:404 NOT_FOUND
22:08:09.928 [reactor-http-nio-18] ERROR c.c.g.h.GatewayExceptionHandler - [handle,48] - [网关异常处理]请求路径:,异常信息:404 NOT_FOUND
